# https://github.com/mikedh/trimesh
mtllib material.mtl

o Cube__0
usemtl Scene_-_Root
v 3.48440385 16.74358368 -1.58748591
v 3.47924018 16.67695999 -1.74124551
v 3.16944671 16.67421150 -1.69033611
v 3.17768979 16.74221039 -1.52266335
v 3.17007279 16.78032303 -1.34117901
v 3.47520232 16.78705406 -1.41750848
v 3.84336591 16.76380348 -1.46664083
v 3.83694220 16.71809006 -1.63042331
v 3.82364821 16.65426445 -1.77796960
v 3.74279523 15.93888187 -1.55071414
v 3.90260267 15.87853813 -1.31776011
v 3.57310891 15.84799480 -1.24400640
v 3.43659139 15.90190411 -1.47017419
v 3.30675197 15.97680950 -1.68638718
v 3.60777450 16.01665497 -1.76865506
v 3.94263339 16.05260086 -1.82632744
v 4.06417990 15.97385788 -1.61403191
v 4.22388792 15.90785217 -1.38067198
v 3.54850554 16.37323761 0.09392990
v 3.55773830 16.51834869 0.03525390
v 3.23520875 16.53328705 0.07738638
v 3.23442459 16.38291359 0.14544968
v 3.24353242 16.23397446 0.14615123
v 3.55552602 16.23301506 0.08037274
v 3.90816474 16.22776222 -0.02068155
v 3.90586638 16.35337067 -0.00040594
v 3.92501235 16.48550606 -0.05350181
v 3.50971532 16.77411079 -0.52054465
v 3.49550080 16.80124474 -0.74743360
v 3.17391038 16.80194664 -0.67883885
v 3.19565392 16.77128029 -0.44119719
v 3.21580291 16.71751022 -0.20408918
v 3.52545404 16.72082901 -0.28821921
v 3.90403152 16.69476700 -0.40905160
v 3.89778829 16.74604988 -0.62108058
v 3.89253688 16.76958656 -0.82147098
v 3.87030506 15.96119976 -0.38297528
v 3.72357488 16.04729652 -0.15793177
v 3.36109424 16.04677582 -0.10963049
v 3.50754595 15.95965385 -0.33914447
v 3.63865042 15.88877964 -0.57262295
v 3.99599910 15.88986397 -0.61893803
v 4.34624815 15.87789536 -0.65516424
v 4.23149252 15.95313835 -0.42849433
v 4.09430933 16.04272652 -0.22080848
v 3.54575801 16.63489342 -0.09754108
v 3.22899461 16.64149857 -0.03517729
v 3.91875339 16.60361290 -0.20478787
v 3.59375334 16.10177231 -1.90977073
v 3.26385546 16.05465126 -1.83885205
v 3.24231577 16.15263557 -1.92793143
v 3.59740949 16.20648766 -1.98215365
v 3.97193360 16.25205803 -2.01699519
v 3.95091224 16.14442444 -1.95709276
v 3.61626554 16.13113403 -0.00353179
v 3.27942252 16.13007355 0.05662962
v 3.97875667 16.12924004 -0.08950996
v 3.47976923 16.80874252 -0.92180222
v 3.46873021 16.80626869 -1.07652438
v 3.14802051 16.80312729 -0.99622041
v 3.15593529 16.80864334 -0.84935158
v 3.88079047 16.77750397 -0.99081904
v 3.86650157 16.77779770 -1.14629924
v 4.84403086 16.09988213 -0.32990250
v 4.82562065 16.19516182 -0.29900476
v 4.57107306 16.22697830 -0.29248077
v 4.58577967 16.13727570 -0.31753191
v 4.63972425 16.03592491 -0.40199149
v 4.88424110 16.00020599 -0.42390680
v 5.15491295 15.95165157 -0.42579025
v 5.11965895 16.04720497 -0.31547278
v 5.09031153 16.15135193 -0.27091160
v 4.87976646 16.55849457 -1.07540607
v 4.87028742 16.56065178 -1.20112526
v 4.72377014 16.59608650 -1.19910014
v 4.73271751 16.59426880 -1.07310796
v 4.72994232 16.58968163 -0.94426209
v 4.87877131 16.55331802 -0.94834059
v 5.03435469 16.55098343 -0.94771016
v 5.03277683 16.55764771 -1.08288026
v 5.02158737 16.56011772 -1.21438980
v 4.71889877 16.46383095 -1.86560833
v 4.74174929 16.39702225 -1.93598461
v 4.48190355 16.39137077 -1.89838600
v 4.47725153 16.46515656 -1.85395837
v 4.50724888 16.53437042 -1.77553594
v 4.72337580 16.51585960 -1.76558220
v 4.95862341 16.52082825 -1.77601385
v 4.97278070 16.48588562 -1.89494944
v 5.00755072 16.42277908 -1.98863506
v 4.77691841 16.32083321 -1.99224710
v 4.81418800 16.23289490 -2.01139402
v 4.53657532 16.27221298 -1.95602059
v 4.50829411 16.33496857 -1.94186640
v 5.05730295 16.31314659 -2.05611444
v 5.10784197 16.18578339 -2.07880998
v 5.02855682 15.82180977 -1.28076744
v 5.07127953 15.79092979 -1.09035850
v 4.90362692 15.81101608 -1.07259631
v 4.84244108 15.86156273 -1.24368596
v 4.75557852 15.93129921 -1.43196154
v 4.97540426 15.87292576 -1.48798692
v 5.21807575 15.80155277 -1.53786230
v 5.24263000 15.77202034 -1.31749296
v 5.26589537 15.76483631 -1.11212480
v 4.79739618 16.45208740 -0.52775574
v 4.83365107 16.50977135 -0.68032330
v 4.67562342 16.54116821 -0.66330761
v 4.61987686 16.46805191 -0.49891856
v 4.57244539 16.38127518 -0.36267057
v 4.77661133 16.37555695 -0.39606506
v 5.00175714 16.38166046 -0.38744268
v 4.98987722 16.45730019 -0.51343012
v 4.99834490 16.50597572 -0.65919524
v 4.79458332 16.28848457 -0.32043684
v 4.56140280 16.30461502 -0.30069241
v 5.04312277 16.27125740 -0.30075240
v 4.84334373 16.13084793 -1.97042370
v 4.87555408 16.02925491 -1.86580181
v 4.57466793 16.08091927 -1.80636430
v 4.54690027 16.17937279 -1.91246915
v 5.14497280 16.06948662 -2.03814292
v 5.17296648 15.96431446 -1.93071032
v 4.86208773 16.54029465 -0.81858230
v 4.71161175 16.57684708 -0.80970871
v 5.01802444 16.53548050 -0.80521852
v 3.99098468 15.84571075 -1.13160551
v 4.02962255 15.83732605 -0.96885055
v 3.65866780 15.84075451 -0.90374738
v 3.63603902 15.83314610 -1.06167746
v 4.33009386 15.85423660 -1.18671334
v 4.38592768 15.82557011 -1.01375973
v 3.51541972 16.34305000 -1.99389601
v 3.17654610 16.28797722 -1.95398808
v 3.12233829 16.43492317 -1.91955101
v 3.43484712 16.48129845 -1.95253980
v 3.79691148 16.49771118 -1.97003460
v 3.88861465 16.37823105 -2.01670194
v 3.44275403 16.59106636 -1.86562657
v 3.13548398 16.56772423 -1.82714951
v 3.79278016 16.58526230 -1.89081526
v 6.17466402 16.29087830 -2.04752302
v 6.18077135 16.14711761 -2.07004714
v 5.77409792 16.14671135 -2.07335830
v 5.75808764 16.29374123 -2.04945779
v 5.74793911 16.42307663 -1.99788547
v 6.17494583 16.41764259 -2.00219464
v 6.55038548 16.40395546 -2.01134419
v 6.54919767 16.28398514 -2.05415201
v 6.55288506 16.14909935 -2.07520986
v 6.34041071 15.72892189 -1.41897047
v 6.35740376 15.72865486 -1.27248669
v 5.95256662 15.72228146 -1.20213401
v 5.93537903 15.72194862 -1.37030077
v 5.90664577 15.74395943 -1.54335749
v 6.31017780 15.75112438 -1.57343936
v 6.66391087 15.77224255 -1.60791886
v 6.69168091 15.74999332 -1.46307600
v 6.70813990 15.74890232 -1.33172023
v 6.28898144 16.43968010 -0.68158770
v 6.32194805 16.50530243 -0.79477775
v 5.84163141 16.51443100 -0.69146365
v 5.81083155 16.44904327 -0.56581420
v 5.80262899 16.35218430 -0.47096780
v 6.27356958 16.34263229 -0.59707963
v 6.66435242 16.32864380 -0.72991973
v 6.68414783 16.42268181 -0.80892599
v 6.71651220 16.48646545 -0.91034371
v 6.28344297 16.21209717 -0.52267420
v 5.82079077 16.22020912 -0.39029127
v 5.84467936 16.08240128 -0.35761729
v 6.29925919 16.07654381 -0.49188164
v 6.68738985 16.07711029 -0.63157052
v 6.67219925 16.20470238 -0.66035843
v 6.18308830 16.02160072 -2.03178144
v 6.20089197 15.91230297 -1.92955744
v 5.80549574 15.90714169 -1.92428446
v 5.78424406 16.01850128 -2.03275442
v 6.55319452 16.03149414 -2.03943539
v 6.56758642 15.92834091 -1.94343591
v 6.36473751 16.54155922 -0.95522887
v 6.39775562 16.55857658 -1.12475824
v 5.93270731 16.57049179 -1.04554343
v 5.89125967 16.55199623 -0.86454958
v 6.74637270 16.51964569 -1.04713881
v 6.76515818 16.53397560 -1.19242132
v 6.34439039 15.79608917 -0.78090233
v 6.31021261 15.87215996 -0.64133054
v 5.87127256 15.87327480 -0.51470822
v 5.92106390 15.79418850 -0.65833980
v 5.96617651 15.74067402 -0.82839012
v 6.37539101 15.74518013 -0.94199497
v 6.72998333 15.76345444 -1.05510437
v 6.71321774 15.81256962 -0.90652692
v 6.69339848 15.88538170 -0.77247775
v 6.29262829 16.55856323 -1.79614556
v 6.22957468 16.53297806 -1.91679358
v 5.78422117 16.53940582 -1.88684225
v 5.83827591 16.56698990 -1.75662231
v 5.89110708 16.58181190 -1.60247040
v 6.35215473 16.57120705 -1.64966869
v 6.71659517 16.54806519 -1.67875481
v 6.65892410 16.53918648 -1.81569541
v 6.59870100 16.51706123 -1.92891932
v 6.25346327 15.81719780 -1.76020575
v 5.85482454 15.81065941 -1.74458539
v 6.61351824 15.83680725 -1.78381789
v 4.92198896 15.94267654 -1.69399405
v 4.65527391 16.00132370 -1.63285804
v 5.19609499 15.87032700 -1.75310910
v 4.77019310 16.54771805 -1.62036955
v 4.58480883 16.57706642 -1.63007092
v 4.66601038 16.59767151 -1.46433294
v 4.82552481 16.56282806 -1.46308529
v 4.99290895 16.56034660 -1.48337531
v 4.97071123 16.54596138 -1.63278484
v 4.98067856 15.89369106 -0.59179431
v 4.76710987 15.92334843 -0.57200474
v 4.88911057 15.83305740 -0.76621306
v 5.07113552 15.81077290 -0.77995592
v 5.27573490 15.78721905 -0.77837616
v 5.21982002 15.85752773 -0.59321851
v 6.96038723 16.49253845 -1.09783709
v 6.97297239 16.50408173 -1.21999121
v 6.93350410 16.46067429 -0.98397344
v 7.06912327 16.45313072 -1.01005852
v 7.09693003 16.48499107 -1.11377847
v 7.10969830 16.49482727 -1.22451186
v 6.93103933 15.83098316 -0.96846336
v 6.91236258 15.89710522 -0.85130125
v 6.94543982 15.78616428 -1.09782302
v 7.13673973 15.79154778 -1.08820343
v 7.11518431 15.83515358 -0.97147685
v 7.08716822 15.89897633 -0.86639494
v 6.87084103 16.51573563 -1.82221198
v 6.81783819 16.49597740 -1.93410945
v 6.92481565 16.51983833 -1.68845010
v 7.07008648 16.50855637 -1.68696463
v 7.02191544 16.50542450 -1.81461787
v 6.97752142 16.48475456 -1.92318702
v 6.84788561 15.85933685 -1.79628193
v 6.88560963 15.79839611 -1.62056029
v 6.81407309 15.94406891 -1.95610046
v 7.03151512 15.94101810 -1.95190251
v 7.06041288 15.86027050 -1.78756857
v 7.09074068 15.80209923 -1.60784161
v 6.90514517 15.97458076 -0.76056540
v 6.89687252 16.06822395 -0.71825677
v 6.68962240 15.97211552 -0.67488468
v 7.06921434 15.97302341 -0.77825683
v 7.04917479 16.06211090 -0.73502648
v 6.97029543 16.51058388 -1.33733988
v 6.95998716 16.51456642 -1.45228601
v 6.75361967 16.54488945 -1.43697834
v 6.76429939 16.54120636 -1.31930065
v 7.10839224 16.50040436 -1.33802104
v 7.10004950 16.50385284 -1.45291829
v 6.79588938 16.45029449 -1.98973441
v 6.79274607 16.37414932 -2.02243233
v 6.56470394 16.47681618 -1.98186755
v 6.96723509 16.43339348 -1.98508453
v 6.97679520 16.35268593 -2.02535868
v 6.79615831 16.26300049 -2.06554842
v 6.80116892 16.14220810 -2.08611751
v 6.99194288 16.24398422 -2.06905794
v 7.00719786 16.12895775 -2.08694863
v 6.90859509 15.77671051 -1.47777784
v 6.92421198 15.77465343 -1.35146475
v 7.10946512 15.78156948 -1.46376860
v 7.12238741 15.77986050 -1.33752251
v 6.19179869 16.49217415 -1.97204757
v 5.75538015 16.49819946 -1.95547175
v 6.40140915 16.56648445 -1.26518297
v 6.39037943 16.56983566 -1.39105546
v 5.92762041 16.58170509 -1.32848060
v 5.93896198 16.57867813 -1.19491720
v 6.30167580 15.96443844 -0.53821200
v 5.85365915 15.96805096 -0.40677848
v 7.85499716 16.57045364 -1.07823145
v 7.88819647 16.57567787 -1.22136176
v 7.50134516 16.57333755 -1.22036815
v 7.47613859 16.56340599 -1.08236527
v 7.44837523 16.53178978 -0.94448191
v 7.81904936 16.54481888 -0.93624383
v 8.23427582 16.53156853 -0.95006317
v 8.27657127 16.55073357 -1.08680773
v 8.31378269 16.55110741 -1.22691643
v 7.98123693 15.80159378 -0.79740357
v 7.92723465 15.89332867 -0.67480391
v 7.62954903 15.87259007 -0.72466046
v 7.68735790 15.78634548 -0.85048819
v 7.73515368 15.72559738 -0.98608416
v 8.02896404 15.73535061 -0.93353641
v 8.32146645 15.76814556 -0.90595359
v 8.28012085 15.83550072 -0.77599710
v 8.23703384 15.92660046 -0.66369492
v 7.89431620 16.53339005 -1.76403415
v 7.86417341 16.50046539 -1.84052277
v 7.44541216 16.51199532 -1.85093307
v 7.47789669 16.54506111 -1.76969671
v 7.50972843 16.56444740 -1.67859650
v 7.92036772 16.55465698 -1.67874479
v 8.36014175 16.52151871 -1.67520595
v 8.33865547 16.50142860 -1.75869238
v 8.31061935 16.47107887 -1.83329535
v 8.01956940 15.76223373 -1.64695299
v 8.05452538 15.70405769 -1.45974469
v 7.73645258 15.70731354 -1.51159525
v 7.68887281 15.76776600 -1.69471264
v 7.63338518 15.85903168 -1.86597145
v 7.97908545 15.85180378 -1.82423413
v 8.32588196 15.86596489 -1.78875864
v 8.34473038 15.78266335 -1.60950494
v 8.36225510 15.72889423 -1.42189634
v 7.88823652 15.99760818 -0.58634025
v 7.85425329 16.11800575 -0.55666441
v 7.53724861 16.09094429 -0.58115292
v 7.58333063 15.97296810 -0.62491173
v 8.21145248 16.02722931 -0.59132105
v 8.19521904 16.14104462 -0.57715386
v 7.90522051 16.57428360 -1.34532046
v 7.91415691 16.56958199 -1.45969343
v 7.51504374 16.57377815 -1.45729947
v 7.51186609 16.57550049 -1.34274113
v 8.33440971 16.54689026 -1.34837103
v 8.34674549 16.54018021 -1.46049833
v 7.84917116 16.45527077 -1.91879928
v 7.85580397 16.37586212 -1.98172593
v 7.45129585 16.38086128 -1.99071455
v 7.43496275 16.46333885 -1.92808068
v 8.29203701 16.42873383 -1.90922558
v 8.28777122 16.35408401 -1.96817541
v 7.89056635 16.24029922 -2.01216531
v 7.93111610 16.08831787 -2.00135708
v 7.55469227 16.09646797 -2.02774334
v 7.49915695 16.24633217 -2.02841020
v 8.30269051 16.22682381 -1.99183702
v 8.31993294 16.08472061 -1.97394848
v 8.06191635 15.69038677 -1.31365633
v 8.05552578 15.69896793 -1.18812788
v 7.75169849 15.69625568 -1.24091935
v 7.75206709 15.69079971 -1.36670148
v 8.36152744 15.71791553 -1.27734268
v 8.35167313 15.72833252 -1.15431631
v 6.80282068 16.03712845 -2.05117345
v 7.01708269 16.02927399 -2.04979634
v 6.87503004 16.18284416 -0.74637640
v 6.86528063 16.29799080 -0.81432307
v 7.01490116 16.17105484 -0.76466841
v 6.99680996 16.28309631 -0.83593774
v 6.89328671 16.39321327 -0.89149535
v 7.02531719 16.38147736 -0.91758966
v 9.97754860 16.00761032 -1.00389373
v 9.97431755 16.05736923 -0.93811822
v 9.84607124 16.04797554 -0.91628939
v 9.85214424 15.99499035 -0.98544711
v 9.85856819 15.95292282 -1.07011938
v 9.98117828 15.96772957 -1.08488441
v 10.10333443 15.97379208 -1.09026814
v 10.10056114 16.01086044 -1.01144350
v 10.09895611 16.05799103 -0.94749457
v 9.99802876 16.26814842 -1.61589265
v 9.99620628 16.24162102 -1.65578055
v 9.87559319 16.25886154 -1.66952372
v 9.87941742 16.28562164 -1.62696052
v 9.87931442 16.30409813 -1.58160925
v 9.99621773 16.28652000 -1.57373810
v 10.12187576 16.27419662 -1.56626940
v 10.12355804 16.25591278 -1.60783637
v 10.12177277 16.22953987 -1.64698827
v 9.97220612 15.96213055 -1.52782130
v 9.97768497 15.93672848 -1.40911865
v 9.85894871 15.92106628 -1.40913129
v 9.85297966 15.94857979 -1.53325260
v 9.84849644 15.98964310 -1.65223813
v 9.96833229 15.99977398 -1.64161777
v 10.08956528 16.00243187 -1.63242269
v 10.09243393 15.96700001 -1.52354383
v 10.09722137 15.94319439 -1.40929675
v 9.97487640 16.10552406 -0.90523297
v 9.97904205 16.15019035 -0.90600657
v 9.84795761 16.15007591 -0.88073254
v 9.84492874 16.10015297 -0.88072574
v 10.10262489 16.10585213 -0.91572362
v 10.10975075 16.14973450 -0.91666001
v 9.99501991 16.31700325 -1.37172794
v 9.99524307 16.31395340 -1.44221258
v 9.87717628 16.33094025 -1.44366872
v 9.87591457 16.33432961 -1.36997461
v 9.87507915 16.33284569 -1.29021692
v 9.99597263 16.31495285 -1.29545045
v 10.12515640 16.30401802 -1.29539979
v 10.12327385 16.30616951 -1.36960340
v 10.12274456 16.30295563 -1.43816411
v 9.98605728 16.20089149 -1.71002173
v 9.97589111 16.15599060 -1.75661469
v 9.85469818 16.17096901 -1.77286458
v 9.86468697 16.21807861 -1.72540593
v 10.11130524 16.18837929 -1.69929695
v 10.10047245 16.14434624 -1.74397516
v 9.97402000 16.11695480 -1.77355802
v 9.97433949 16.07959557 -1.76072788
v 9.85466480 16.07990456 -1.77674556
v 9.85362625 16.12522507 -1.79015791
v 10.09758759 16.10935020 -1.76023567
v 10.09689522 16.07679749 -1.74773872
v 9.98008728 15.93349552 -1.31801724
v 9.98094940 15.94134808 -1.24071634
v 9.86082268 15.92539787 -1.23305058
v 9.86089230 15.91729546 -1.31387484
v 10.09990597 15.94041443 -1.31946945
v 10.10153770 15.94820690 -1.24246025
v 9.99984550 16.26586723 -1.05377698
v 10.00165939 16.29699135 -1.12230647
v 9.87380791 16.31505585 -1.10914946
v 9.86904335 16.28248215 -1.03749812
v 9.86213017 16.24002266 -0.97625220
v 9.99458694 16.22688484 -0.99555779
v 10.12673950 16.21790504 -1.00357413
v 10.13223457 16.25514793 -1.06021309
v 10.13374519 16.28599739 -1.12693381
v 7.95511150 15.95965958 -1.94054127
v 7.59404659 15.96798325 -1.97528958
v 8.32264042 15.96554184 -1.90824795
v 7.81529522 16.25809479 -0.61042798
v 7.78919363 16.38978195 -0.70949090
v 7.43590260 16.36342239 -0.71563417
v 7.47984791 16.22998810 -0.62329489
v 8.18017197 16.27169800 -0.63947111
v 8.17750168 16.39316368 -0.73955840
v 7.79377985 16.48497581 -0.81571329
v 7.43018723 16.46457672 -0.82246739
v 8.19839478 16.47941589 -0.83870131
v 9.99927711 16.31081772 -1.20758724
v 9.87509918 16.32913208 -1.19833207
v 10.13001633 16.29979134 -1.20991969
v 9.97074318 16.03973198 -1.71800041
v 9.85100555 16.03406334 -1.73208737
v 10.09263706 16.04009628 -1.70614433
v 9.98663139 16.18948555 -0.94120789
v 9.85439682 16.19629288 -0.91828579
v 10.11851692 16.18492699 -0.95083332
v 10.46950912 16.06652832 -0.83520532
v 10.50012207 16.14379120 -0.83179986
v 10.36999130 16.14596367 -0.86497438
v 10.34782219 16.08132553 -0.86673033
v 10.33087540 16.01541710 -0.90408117
v 10.44520950 15.98972416 -0.87613052
v 10.57239151 15.95986462 -0.83543962
v 10.60009193 16.04463005 -0.78975874
v 10.63709068 16.13225937 -0.78354609
v 10.58242130 16.32549858 -1.33219600
v 10.58192158 16.31775665 -1.40525043
v 10.42557144 16.31082726 -1.41709423
v 10.42617702 16.31689072 -1.34596658
v 10.42563343 16.31685257 -1.26889551
v 10.58023453 16.32674980 -1.25298750
v 10.74655247 16.33432579 -1.23127127
v 10.74997902 16.33213234 -1.31528330
v 10.74947548 16.32322884 -1.39241505
v 10.51926994 16.18812370 -1.70428038
v 10.50252056 16.13594055 -1.73480606
v 10.36724281 16.13763809 -1.73666549
v 10.38185501 16.18665504 -1.70106912
v 10.39831352 16.23109055 -1.65409374
v 10.53926277 16.23443985 -1.66012144
v 10.69300461 16.23563576 -1.67540526
v 10.66719818 16.18689728 -1.71933794
v 10.64598370 16.13178253 -1.74574888
v 10.49486446 16.09179306 -1.74635112
v 10.48877621 16.04846764 -1.73286581
v 10.35705948 16.05874825 -1.73682189
v 10.36124992 16.09742928 -1.74989462
v 10.63612461 16.08449364 -1.75592709
v 10.62790966 16.03804207 -1.74138916
v 10.46549797 15.88701725 -1.30232799
v 10.46814537 15.89614868 -1.20035326
v 10.34566689 15.91654015 -1.21637118
v 10.34330368 15.90791893 -1.30894160
v 10.34093094 15.91021729 -1.41060638
v 10.46336937 15.88911724 -1.41135728
v 10.59005070 15.87611198 -1.41459930
v 10.59302044 15.87201691 -1.29697478
v 10.59819126 15.87808704 -1.18356621
v 10.54334641 16.27005196 -1.00087130
v 10.56512642 16.30944633 -1.07264841
v 10.41977978 16.29927254 -1.09359670
v 10.40564346 16.26311874 -1.02394319
v 10.39023972 16.22068405 -0.96324587
v 10.52203751 16.22414970 -0.93742025
v 10.66869831 16.22234344 -0.89685100
v 10.69577599 16.27273560 -0.96595550
v 10.72334671 16.31578636 -1.04298472
v 10.51263046 16.18919563 -0.87346733
v 10.38124275 16.18702316 -0.90370119
v 10.65454769 16.18350792 -0.82764566
v 10.47673225 15.99875546 -1.68830013
v 10.46560860 15.95067120 -1.61614680
v 10.33966923 15.97042561 -1.62110376
v 10.34785461 16.01431274 -1.69351292
v 10.61162567 15.98544312 -1.69365144
v 10.59605026 15.93584442 -1.61907232
v 10.57594490 16.32487297 -1.16157949
v 10.42497253 16.31408119 -1.18000984
v 10.73897266 16.33259583 -1.13596416
v 11.34264374 16.33621979 -1.23945487
v 11.34125614 16.32798004 -1.34601653
v 11.14028263 16.32688332 -1.36181140
v 11.14133930 16.33551598 -1.26577640
v 11.13745689 16.33784676 -1.15882981
v 11.33873749 16.33844376 -1.11970818
v 11.54452991 16.33667564 -1.08602285
v 11.54753590 16.33424950 -1.21823430
v 11.54532814 16.32640266 -1.33653212
v 11.19464111 16.16164017 -1.85927105
v 11.14141273 16.09962273 -1.88100386
v 10.97355938 16.11116219 -1.83165109
v 11.01534081 16.17095757 -1.80867839
v 11.06416130 16.22725868 -1.75224376
v 11.25610733 16.22199249 -1.79528999
v 11.44337463 16.22004890 -1.83055210
v 11.37482834 16.15890884 -1.89899540
v 11.31657314 16.09720421 -1.91952336
v 11.12064552 16.04931068 -1.88962436
v 11.10421562 16.00563240 -1.86680889
v 10.94299316 16.01648331 -1.82084191
v 10.95660782 16.06159210 -1.84068489
v 11.29346180 16.04800606 -1.92769265
v 11.27459431 16.00637436 -1.90385234
v 11.01781940 15.87429142 -1.29102075
v 11.04846573 15.84261227 -1.12710476
v 10.89586830 15.85365772 -1.14617944
v 10.87446022 15.87156296 -1.29258442
v 10.86437988 15.89062405 -1.43353665
v 11.00364113 15.90193272 -1.44425082
v 11.17162037 15.92314434 -1.45914960
v 11.18836689 15.89176369 -1.29898584
v 11.22319794 15.85328007 -1.12682843
v 11.27043629 16.24676132 -0.76653099
v 11.30052948 16.30408478 -0.88433784
v 11.10386372 16.30926514 -0.94012249
v 11.07399178 16.25683594 -0.83695066
v 11.03606415 16.19236565 -0.74204683
v 11.22715187 16.17473984 -0.65727806
v 11.42559433 16.17071724 -0.60964596
v 11.47439861 16.24447250 -0.72040343
v 11.50571442 16.30186653 -0.84049976
v 11.16410828 16.10354042 -0.56557804
v 10.99076271 16.13281631 -0.65812570
v 10.94495010 16.06240845 -0.61170983
v 11.10227013 16.02280426 -0.51825887
v 11.29628468 15.98432446 -0.43219590
v 11.34900284 16.09425735 -0.51692009
v 11.06400490 15.96351528 -1.79423428
v 11.02298069 15.93085766 -1.69092572
v 10.87918663 15.93087387 -1.66434646
v 10.91122437 15.97007370 -1.75718462
v 11.22906780 15.96737099 -1.82835114
v 11.18430042 15.93969250 -1.72018003
v 11.32399750 16.33118820 -1.00169969
v 11.12499142 16.33268166 -1.04884696
v 11.52984047 16.32924080 -0.96124208
v 11.09474945 15.80284214 -0.70070833
v 11.05634689 15.83704185 -0.61153597
v 10.89076233 15.87936783 -0.69041348
v 10.91917992 15.84216690 -0.77443725
v 10.94674587 15.83530903 -0.88017219
v 11.12577629 15.80198097 -0.81591088
v 11.36150837 15.77927876 -0.74697405
v 11.27233028 15.75952244 -0.62636441
v 11.22834492 15.79074574 -0.53173715
v 10.46228027 15.91222954 -1.51989818
v 10.33854103 15.93339062 -1.52073109
v 10.58995819 15.89839458 -1.52401006
v 10.55665398 16.26098442 -1.60767615
v 10.40984440 16.25755119 -1.60672867
v 10.41761303 16.27572250 -1.55330396
v 10.57007217 16.27910805 -1.54701209
v 10.73507786 16.28299522 -1.54019248
v 10.71664524 16.26379967 -1.61266220
v 10.45164299 15.94568634 -0.94702232
v 10.33529282 15.97054768 -0.97213930
v 10.34602642 15.94226742 -1.05419266
v 10.46732998 15.92212009 -1.03144836
v 10.60310173 15.89867115 -0.99831766
v 10.58283329 15.91720200 -0.90974462
v 7.18915892 16.41767120 -0.87550318
v 7.21957350 16.48903084 -0.98299080
v 7.17939568 16.31638527 -0.78041226
v 7.21477842 16.19387245 -0.69917482
v 7.26576090 16.07099915 -0.66496605
v 7.28109741 15.99870682 -2.01810479
v 7.31107378 15.90072060 -1.91519368
v 7.25254583 16.11186218 -2.06188226
v 7.41260338 15.73706341 -1.42174101
v 7.41943502 15.73847389 -1.29569578
v 7.39477348 15.75586605 -1.56624043
v 7.21294546 16.24299431 -2.05202651
v 7.17730188 16.36402893 -2.01002240
v 7.16062212 16.44689369 -1.95735443
v 7.16828775 16.49842644 -1.88697481
v 7.26758623 16.53645897 -1.34006476
v 7.26437092 16.53772926 -1.45481515
v 7.26383448 16.53215027 -1.22302783
v 7.30279970 15.96862984 -0.71096140
v 7.33787870 15.88263893 -0.80635279
v 7.35494804 15.81509590 -1.74764836
v 7.20568180 16.52547073 -1.79183531
v 7.24567938 16.53625298 -1.68250823
v 7.38298225 15.80890274 -0.92033219
v 7.41886139 15.75784397 -1.04429841
v 7.24614763 16.52176666 -1.10141766
v 11.98066330 15.66471672 -0.24407537
v 12.02586460 15.73331356 -0.26396933
v 11.71841908 15.81082153 -0.32024309
v 11.66648674 15.74503326 -0.31055561
v 11.64272594 15.67101574 -0.36909506
v 11.94895744 15.59095097 -0.29121965
v 12.15026283 15.56227493 -0.27104712
v 12.24318600 15.59933662 -0.22783749
v 12.20557594 15.66664982 -0.26065370
v 11.81942654 16.00116920 -1.38599801
v 11.83042717 15.99070740 -1.24579144
v 11.65982628 15.96611214 -1.21261835
v 11.64088154 15.98519230 -1.35928142
v 11.62515450 16.00101662 -1.50909376
v 11.80125141 16.00972748 -1.53421879
v 11.93907070 16.00963783 -1.56613243
v 11.96360111 16.00519371 -1.41346753
v 11.97164917 15.99908066 -1.26703191
v 11.94889450 16.03867340 -0.74808210
v 11.86712837 16.08492279 -0.65676975
v 11.71077728 16.09466553 -0.60747504
v 11.77204990 16.04042625 -0.68982702
v 11.84034920 15.99858284 -0.80305511
v 12.02635574 16.00672340 -0.86690110
v 12.27077961 15.99314308 -0.94706416
v 12.10517502 16.01528931 -0.78106427
v 11.99595642 16.05480003 -0.68140215
v 12.04558563 16.24295425 -0.75653791
v 12.10467434 16.27307892 -0.81879842
v 11.93749237 16.30078316 -0.81611633
v 11.89470005 16.26459694 -0.74465400
v 11.83206367 16.21283722 -0.68578655
v 11.97101212 16.19604874 -0.70673066
v 12.07855511 16.16447067 -0.70743644
v 12.16328430 16.21036720 -0.75703269
v 12.23761559 16.23777390 -0.81818771
v 11.98755836 15.99416637 -0.94796026
v 11.82142925 15.97627068 -0.88006365
v 11.76061916 15.96626568 -0.95795292
v 11.90638161 15.99140835 -1.02293229
v 12.00127125 15.99195385 -1.06283355
v 12.10137653 15.99213791 -1.02426672
v 11.89301300 16.14037704 -0.65823030
v 11.75076866 16.15416527 -0.62309420
v 12.00493145 16.10857010 -0.66954297
v 11.73383808 16.02612877 -1.86632431
v 11.71723557 16.00590134 -1.79970741
v 11.57175636 15.99384594 -1.78465497
v 11.59843540 16.01812744 -1.87169206
v 11.63855457 16.05471420 -1.92255330
v 11.76867676 16.05690765 -1.90052140
v 11.90300179 16.04385185 -1.85819495
v 11.84777164 16.02481651 -1.82720280
v 11.81196594 16.01190567 -1.78249884
v 12.13622189 16.27841568 -0.90465891
v 12.14604759 16.27244759 -1.02062082
v 11.96569252 16.31131363 -1.04387414
v 11.95925331 16.31273842 -0.91659319
v 12.28004551 16.23820114 -0.89075744
v 12.31691170 16.21536636 -0.98197627
v 12.01208115 16.22797966 -1.76908827
v 11.91214752 16.21353340 -1.86984396
v 11.78061295 16.22595978 -1.86110008
v 11.85996056 16.25586891 -1.72947025
v 11.92741585 16.27498817 -1.57847500
v 12.09942436 16.23377419 -1.63633358
v 12.28061676 16.17004013 -1.70963871
v 12.14592552 16.19211578 -1.80462241
v 12.02847672 16.19095421 -1.87741232
v 11.06260300 15.92216682 -0.54214889
v 10.90548420 15.96535301 -0.62932175
v 11.23174667 15.87370110 -0.45843017
v 11.00411034 15.91555882 -1.57590854
v 10.86476326 15.90739250 -1.55696058
v 11.16770744 15.93203545 -1.59833026
v 11.30159092 16.26730728 -1.65992546
v 11.10223484 16.26634407 -1.64282489
v 11.12750816 16.29327965 -1.52392817
v 11.32996559 16.29867363 -1.51553321
v 11.53245735 16.30041695 -1.51704466
v 11.49735355 16.26756477 -1.67863655
v 12.32977200 15.57450104 -0.30750039
v 12.21352768 15.52650070 -0.32597232
v 12.16997910 15.55868244 -0.41234824
v 12.25529861 15.58960438 -0.42248905
v 12.22061920 15.65240097 -0.41155532
v 12.28495693 15.66244030 -0.32435426
v 11.95988655 15.56746197 -0.38911843
v 11.67222786 15.64537144 -0.47227809
v 11.72702980 15.66132832 -0.56282675
v 11.99469948 15.58743191 -0.48153389
v 12.03464508 15.64403915 -0.51222837
v 11.77917194 15.71211433 -0.58346331
v 11.80314255 15.77113056 -0.53587288
v 12.06109428 15.70581627 -0.47588459
v 12.05542088 15.74129391 -0.36718532
v 11.77343178 15.81177616 -0.42174083
v 11.57125854 15.87460041 -0.47376776
v 11.63263321 15.82639599 -0.58831745
v 11.57841682 15.88196278 -0.64653945
v 11.49517727 15.93495941 -0.53372151
v 11.48055267 15.88120747 -0.37847382
v 11.60024548 15.76813698 -0.64293849
v 11.52403355 15.72151184 -0.63222986
v 11.54072475 15.82845974 -0.70726967
v 11.45393181 15.70821190 -0.55079049
v 11.41316223 15.73650837 -0.45009550
v 11.42494583 15.81467533 -0.38161981
v 12.08808422 16.01580429 -1.44899964
v 12.10114098 16.00915527 -1.27970409
v 12.05236149 16.02008820 -1.61317492
v 12.18483829 16.03164673 -1.67871737
v 12.20042324 16.02062798 -1.47883642
v 12.22817421 16.01985168 -1.28255653
v 11.96310234 16.02294922 -1.74103117
v 11.87450886 16.00980377 -1.70569158
v 12.04626465 16.03019333 -1.77369308
v 12.65336895 16.08159828 -0.88083065
v 12.62528610 16.03926277 -0.89142984
v 12.46689224 16.07187462 -0.93002886
v 12.49196434 16.11775208 -0.91848171
v 12.51596260 16.15109444 -0.88685262
v 12.67187119 16.11277199 -0.85131025
v 12.83934689 16.06943130 -0.81641144
v 12.82435608 16.03961945 -0.84321529
v 12.79158974 16.00023270 -0.85209030
v 12.60496330 15.94761944 -1.48862779
v 12.61078930 15.95006943 -1.39182115
v 12.44027710 15.98401165 -1.37746418
v 12.43509102 15.98116970 -1.48940051
v 12.42127228 15.99407196 -1.60019255
v 12.59073448 15.96110821 -1.58277571
v 12.76709843 15.92296124 -1.57075930
v 12.78134537 15.90970802 -1.48770595
v 12.78764057 15.91205120 -1.40111876
v 12.52648354 15.98392963 -1.73292828
v 12.53614521 16.00726700 -1.73477626
v 12.42071342 16.03272629 -1.72704279
v 12.41091156 16.00820160 -1.72361803
v 12.37828064 15.99402714 -1.74261355
v 12.49359608 15.96975517 -1.75297499
v 12.61380577 15.94102287 -1.76243937
v 12.64628887 15.95487118 -1.74140942
v 12.65565872 15.97709084 -1.74202847
v 12.47048473 15.94012356 -0.74425489
v 12.38469887 15.97378540 -0.65669435
v 12.22630692 16.00613594 -0.67204231
v 12.33578396 15.96857452 -0.76654279
v 12.45293903 15.96345997 -0.87014359
v 12.57062340 15.93724346 -0.83766574
v 12.69739151 15.90740871 -0.80540198
v 12.61665154 15.90756893 -0.72183305
v 12.55727863 15.93662167 -0.64063036
v 12.64721298 16.10291290 -1.50921428
v 12.64025784 16.08446693 -1.60355842
v 12.48892403 16.11803627 -1.62372386
v 12.49705696 16.14033127 -1.51726604
v 12.48106766 16.13857841 -1.40269756
v 12.63520432 16.09847450 -1.40706480
v 12.80388069 16.05246735 -1.40754080
v 12.81309891 16.05877113 -1.50214624
v 12.80642700 16.04340553 -1.58960795
v 12.48888397 16.09010506 -1.83568788
v 12.36700058 16.09654045 -1.89915609
v 12.25459480 16.12912369 -1.89194822
v 12.37700558 16.12387657 -1.82848024
v 12.47212029 16.09876633 -1.76621056
v 12.58452511 16.06618309 -1.77341831
v 12.70022774 16.03125763 -1.78197515
v 12.60614204 16.05432129 -1.84388340
v 12.48732185 16.06137085 -1.90621901
v 11.78717041 16.08860016 -1.92240596
v 11.65924931 16.08945274 -1.94134307
v 11.68007469 16.12872314 -1.93754077
v 11.80711365 16.12590790 -1.92899621
v 11.91376972 16.11049080 -1.92074871
v 11.89432240 16.07377434 -1.90390682
v 11.84629822 16.17353058 -1.91731095
v 11.72059059 16.17890167 -1.92062497
v 11.95479012 16.15664864 -1.91401923
v 12.13997650 16.26866913 -1.17318547
v 12.12984848 16.26211166 -1.33853948
v 11.95584488 16.30033112 -1.34411097
v 11.96252346 16.30736160 -1.19574881
v 12.28699875 16.22496796 -1.15034950
v 12.28359795 16.21017265 -1.32314444
v 11.75344658 16.00586891 -1.68056393
v 11.59138775 15.99602222 -1.65733695
v 11.37980366 15.96513367 -1.62769938
v 11.39703369 15.96416473 -1.48241735
v 11.38066864 15.96623230 -1.75478458
v 11.75960255 16.32692528 -1.20721531
v 11.75559807 16.31947327 -1.33966935
v 11.75935173 16.33017731 -1.06320977
v 11.55678940 16.16934395 -1.91698325
v 11.50634480 16.11302948 -1.93637609
v 11.62128258 16.22475243 -1.85024583
v 11.48383808 16.06865501 -1.94401884
v 11.46328449 16.03030205 -1.92304873
v 11.68593121 16.26640701 -1.70056891
v 11.73501682 16.29486275 -1.53836858
v 11.74935913 16.32638550 -0.93416381
v 11.72793674 16.30557060 -0.82055467
v 11.41869450 15.99205875 -1.85660231
v 11.55699444 16.12496376 -0.55604142
v 11.63874435 16.19390488 -0.63628685
v 11.51796055 16.05749130 -0.53150463
v 11.64346790 15.90943623 -0.79307240
v 11.66934490 15.94817734 -0.72385997
v 11.56806946 15.88765335 -0.86939126
v 11.69339561 16.25776100 -0.72286010
v 11.59145927 15.99804497 -0.61205745
v 11.41329098 15.93872738 -1.32600856
v 11.44219971 15.90737534 -1.16414857
v 11.49738693 15.88865852 -1.00251293
v 11.28136253 15.82307816 -0.95166582
v 11.70324516 15.96134090 -1.07382345
v 11.75282097 16.31066895 -1.43406141
v 11.54437542 16.31757736 -1.41957283
v 11.95175934 16.28967476 -1.46085405
v 12.12750626 16.24781609 -1.49286973
v 12.27392197 16.20219040 -1.51770806
v 12.66019249 15.93173599 -1.10707033
v 12.66820908 15.93803024 -1.02076530
v 12.50934696 15.96413040 -1.01519668
v 12.49549484 15.95991802 -1.10921097
v 12.46382427 15.98239422 -1.20602584
v 12.63385963 15.95108891 -1.19482279
v 12.80915546 15.91488361 -1.18453050
v 12.82960892 15.89919376 -1.10308218
v 12.83189964 15.90748882 -1.02219594
v 12.65246964 16.12115860 -1.13010824
v 12.63951588 16.10780144 -1.22196150
v 12.48856163 16.14511108 -1.23687994
v 12.50904655 16.15805817 -1.13257253
v 12.50832558 16.14815903 -1.02522516
v 12.64903831 16.11280632 -1.03394306
v 12.80602551 16.07226753 -1.04117155
v 12.81347752 16.07939529 -1.12764311
v 12.80679893 16.06545639 -1.20853639
v 12.12240505 15.99919987 -1.13648725
v 11.98676491 15.99390411 -1.14616084
v 12.25319195 15.99796772 -1.11699510
v 11.85670853 15.98885441 -1.12348938
v 7.26115561 16.53899956 -1.56956553
v 7.09170580 16.50730133 -1.56781554
v 7.51822090 16.57205582 -1.57185757
v 7.42626667 15.73988438 -1.16965067
v 7.13530970 15.77815151 -1.21127641
v 7.75133085 15.70171070 -1.11513746
v 11.09740067 15.81687355 -0.96338898
v 10.92947006 15.84035587 -1.00639737
v 11.34010887 16.31718063 -1.42446983
v 11.13793182 16.31313133 -1.43905950
v 10.47079372 15.90672874 -1.11297596
v 10.34803009 15.92612743 -1.13352907
v 10.60488605 15.88630295 -1.08680260
v 10.57814980 16.30016136 -1.47819626
v 10.42278671 16.29529381 -1.48814964
v 10.74526501 16.30482674 -1.46708083
v 9.98181343 15.94920063 -1.16341543
v 9.86075401 15.93349934 -1.15222645
v 10.10317039 15.95612049 -1.16666687
v 9.99546432 16.30279160 -1.51269710
v 9.87843895 16.32003403 -1.51736283
v 10.12194061 16.29108810 -1.50671577
v 8.04913425 15.70754910 -1.06259954
v 8.34181881 15.73874950 -1.03128994
v 7.92309332 16.56488037 -1.57406640
v 8.35908127 16.53308105 -1.57262576
v 6.37935019 16.57318687 -1.51692808
v 5.91627836 16.58473396 -1.46204400
v 6.74293947 16.54857063 -1.55465603
v 6.93982887 15.77259636 -1.22515166
v 6.72459936 15.74781036 -1.19628263
v 6.94967890 16.51855087 -1.56723213
v 6.37439632 15.72838879 -1.10967565
v 5.96975470 15.72261429 -1.01557600
v 4.04019880 15.85030842 -0.80609554
v 3.67428136 15.85422230 -0.75077659
v 4.39451933 15.83441448 -0.84341472
v 5.09340382 15.78188515 -0.93478256
v 4.92689943 15.79856300 -0.92325789
v 5.28401184 15.76311207 -0.94188213
v 4.85554838 16.56461906 -1.32684445
v 4.70693254 16.60061646 -1.32509232
v 5.00908327 16.56304169 -1.34589922
v 3.46859288 16.80349541 -1.24447381
v 3.15645814 16.79715729 -1.16293037
v 3.85362267 16.77846909 -1.30508637
v 12.86424732 16.03474998 -0.63169104
v 12.93507290 16.05291176 -0.68615097
v 12.78015327 16.10033226 -0.71489692
v 12.70288849 16.07721901 -0.65864539
v 12.62203026 16.03479004 -0.61795622
v 12.78923321 15.99695492 -0.59420830
v 12.97974586 15.94639874 -0.56870240
v 13.04832935 15.98029804 -0.60363740
v 13.11151028 15.99495220 -0.65643811
v 12.92238998 15.89975739 -1.36445427
v 12.91555882 15.93829918 -1.35254264
v 12.76448822 15.98308468 -1.34552979
v 12.77436161 15.94118786 -1.35666275
v 12.93405914 15.87287712 -1.40718699
v 13.09562778 15.82601166 -1.41276312
v 13.08920670 15.84933186 -1.37306070
v 13.09008217 15.88303280 -1.36257815
v 12.38217640 15.96788406 -1.80940771
v 12.26660442 15.99215603 -1.80009747
v 12.15523243 16.00335121 -1.86587560
v 12.27119064 15.97907925 -1.87360907
v 12.39663315 15.95013332 -1.87980807
v 12.50493431 15.93919468 -1.81762815
v 12.57788563 16.03662682 -1.74402702
v 12.46390343 16.06564713 -1.73681915
v 12.69518661 16.00403214 -1.75178695
v 12.23960114 16.00410652 -1.91696131
v 12.12351513 16.02837944 -1.90975344
v 12.14192200 16.06291771 -1.93001282
v 12.25748253 16.03745842 -1.93722057
v 12.38292599 16.00667953 -1.94173789
v 12.36585522 15.97458458 -1.92181110
v 12.29490662 16.07363129 -1.93214297
v 12.18092442 16.10265160 -1.92493510
v 12.41816521 16.04055023 -1.93768883
v 12.55997849 15.99934673 -1.93991089
v 12.52813816 15.96526241 -1.94087434
v 12.62347984 16.02102661 -1.91299188
v 12.77763939 15.97596550 -1.91917968
v 12.71939754 15.95253754 -1.94154799
v 12.69056320 15.91734600 -1.93942559
v 12.97239304 15.99307537 -0.81193376
v 12.93542767 15.95549393 -0.82267588
v 12.98927689 16.02250862 -0.78450638
v 13.15980530 15.96537495 -0.75204402
v 13.13947678 15.93585300 -0.78119159
v 13.09941196 15.89987278 -0.79448259
v 12.59617329 15.97984028 -1.34740901
v 12.58652592 16.02347183 -1.34032094
v 12.41659927 16.05767059 -1.33179641
v 12.42459679 16.01339149 -1.33328986
v 12.58014202 15.97915459 -1.61921191
v 12.41105843 16.01192284 -1.64093363
v 12.41728401 16.03891945 -1.64710462
v 12.58354664 16.00622368 -1.62612927
v 12.75843430 15.96718311 -1.61228919
v 12.75652504 15.94061852 -1.60461390
v 12.61131001 16.04678345 -1.63172090
v 12.45278549 16.07926178 -1.65418577
v 12.78163719 16.00716209 -1.61680484
v 12.60725594 16.06750488 -1.35548663
v 12.44483566 16.10521317 -1.34790337
v 12.78100300 16.02370834 -1.35891223
v 12.94100189 15.90875340 -0.98486084
v 12.91929722 15.95698071 -0.98024672
v 12.77739906 16.00174904 -0.98289448
v 12.80357933 15.94885349 -0.98671585
v 12.96869278 15.87134552 -1.02044749
v 13.13053322 15.82002831 -1.01591361
v 13.10906982 15.85158253 -0.98189372
v 13.09789276 15.89318466 -0.97729772
v 12.93633842 15.97566032 -1.36475432
v 12.96266556 16.00238991 -1.41055131
v 13.11864090 15.91743088 -1.37453842
v 13.15074921 15.94270706 -1.41799819
v 12.62796879 16.08450127 -0.99483812
v 12.48217201 16.11834335 -0.99076521
v 12.46361732 16.07155609 -0.99091929
v 12.61647224 16.03987694 -0.98806685
v 12.78610611 16.04463577 -0.99698418
v 12.60536194 15.98349571 -1.23102760
v 12.43402100 16.01584244 -1.24220920
v 12.42385483 16.05794525 -1.25014579
v 12.59208965 16.02483368 -1.24051881
v 12.76881218 15.98559570 -1.23278284
v 12.78298950 15.94547176 -1.22169685
v 12.61143208 16.07098198 -1.24813080
v 12.45110035 16.10638618 -1.26222014
v 12.78433037 16.02989006 -1.23598945
v 12.64176083 15.98256493 -0.98890334
v 12.48569870 16.01074791 -0.98741454
v 12.77456093 15.91624165 -1.74823213
v 12.78333759 15.93748283 -1.74831867
v 12.74380112 15.90337181 -1.77010965
v 12.88707829 15.86073399 -1.77613711
v 12.91774845 15.87276554 -1.75431395
v 12.92823887 15.89297581 -1.75480902
v 12.97056961 15.86259937 -1.09653938
v 12.95585346 15.87562561 -1.17261291
v 13.12619209 15.82073402 -1.15833771
v 13.13425446 15.81121826 -1.08709538
v 12.38842010 16.02265739 -0.63002807
v 12.44879723 16.07510567 -0.64714128
v 12.29288960 16.11186218 -0.67536300
v 12.22701550 16.05777168 -0.65020967
v 12.56628323 15.98347664 -0.60897803
v 12.53298283 16.11948967 -0.69091904
v 12.61239529 16.14425468 -0.74776769
v 12.45831966 16.18181992 -0.77926016
v 12.37890625 16.15679550 -0.72182077
v 12.65845299 16.13783646 -0.80409372
v 12.50437641 16.17618561 -0.83735812
v 12.82512665 16.09370232 -0.77056217
v 12.60996342 15.98071671 -0.88188273
v 12.47526264 16.00916862 -0.91927749
v 12.75248718 15.94722939 -0.84415352
v 13.36282349 15.76666164 -0.97637004
v 13.36891174 15.79797649 -0.97122151
v 13.36936569 15.74396706 -1.00898755
v 13.52849579 15.69542789 -1.01787245
v 13.58724976 15.69008255 -0.99527442
v 13.60920906 15.71255875 -0.99290782
v 12.85362053 15.83784294 -1.92458832
v 12.87661743 15.81847668 -1.88911211
v 12.70188904 15.86701298 -1.88527954
v 12.67612457 15.88774776 -1.92149389
v 12.86764240 15.86707497 -1.94218755
v 13.03490829 15.82691479 -1.92385554
v 13.01936340 15.79914474 -1.90792191
v 12.99965858 15.79591465 -1.88173640
v 13.27575874 15.79408073 -0.75407118
v 13.22194386 15.77015018 -0.72161257
v 12.99553013 15.82806396 -0.75814623
v 13.05043697 15.85834694 -0.79077357
v 13.32616329 15.82819462 -0.75880665
v 13.50827599 15.77179146 -0.70123357
v 13.45651436 15.74252033 -0.69656885
v 13.36683369 15.73996449 -0.68279588
v 13.31149864 15.77484989 -1.59265280
v 13.30509567 15.76357269 -1.56088984
v 13.07849407 15.83198643 -1.56129086
v 13.07352257 15.84612656 -1.59237516
v 13.08337975 15.86897087 -1.60049975
v 13.33250046 15.79609299 -1.60275972
v 13.54780388 15.73675251 -1.57969344
v 13.51694870 15.71644688 -1.56971931
v 13.45511246 15.72454262 -1.54671562
v 13.37185287 15.73431683 -1.07440317
v 13.37241650 15.73762989 -1.14097214
v 13.53337097 15.68819809 -1.11920977
v 13.58300018 15.67039108 -1.06504238
v 13.17027378 15.76705360 -0.65205574
v 13.14463806 15.78486824 -0.57982922
v 12.90496254 15.84926224 -0.60920942
v 12.93767738 15.82581139 -0.68468243
v 13.37982178 15.72529984 -0.62155342
v 13.31169319 15.75032806 -0.57328016
v 13.05195427 15.92123032 -1.87008047
v 12.95196247 15.92664528 -1.92448735
v 12.88030148 15.97027493 -1.86364007
v 12.96294022 15.94754028 -1.80406499
v 13.13297558 15.89913177 -1.81136119
v 13.20459843 15.86940861 -1.82590401
v 13.18099499 15.87474632 -1.87190437
v 13.07107162 15.88741207 -1.91287756
v 13.32376099 15.78369236 -1.38475907
v 13.33840466 15.81120110 -1.37685525
v 13.31792831 15.76491737 -1.42058408
v 13.46261597 15.72873116 -1.44060516
v 13.52406597 15.72673702 -1.41930306
v 13.55171108 15.74899864 -1.41596651
v 12.90475845 15.89882946 -1.59601533
v 12.91442299 15.88251877 -1.56408918
v 12.90853500 15.92371655 -1.60371137
v 12.93537617 15.99818516 -0.99707276
v 12.96318150 16.02560806 -1.04211450
v 13.12503147 15.93213940 -0.99438781
v 13.16213989 15.95957851 -1.03848481
v 12.97679234 16.04564285 -0.73983413
v 13.14957619 15.98752689 -0.70818323
v 12.81912518 15.96429443 -1.76065159
v 12.82252884 15.99164581 -1.79323030
v 12.96111107 15.91983795 -1.76959026
v 12.93548775 15.96146488 -1.60767126
v 12.96400642 15.99544716 -1.58164811
v 13.15167332 15.93629169 -1.57977152
v 13.11740208 15.90431309 -1.60444927
v 12.97665215 16.03248405 -1.12214708
v 12.97200871 16.01866341 -1.19575965
v 13.18087196 15.96663380 -1.11490881
v 13.17616463 15.95316219 -1.18444037
v 12.73415565 16.01450729 -1.85405433
v 12.76276016 15.87105751 -0.70495850
v 12.71993732 15.89748096 -0.62713933
v 12.82985401 15.87241650 -0.78248578
v 12.92779732 15.87049961 -1.48743927
v 13.08895969 15.82275581 -1.48846352
v 12.94547462 15.98398972 -1.22154105
v 12.92380810 15.94132614 -1.21912503
v 13.14295292 15.91902161 -1.20785975
v 13.11155605 15.87806988 -1.20421147
v 12.88766193 15.90791798 -0.81729239
v 12.51245022 15.93456364 -1.92194510
v 12.54104614 15.91183758 -1.88293839
v 12.93376732 15.90353584 -1.20814526
v 13.11229801 15.84416294 -1.19254029
v 12.73494625 15.94532204 -0.59145683
v 12.92547131 15.89608860 -0.57055461
v 12.64206314 15.90167236 -1.82366908
v 12.79366589 15.85841274 -1.82830989
v 12.97247696 16.00903702 -1.49939537
v 13.16227531 15.94904137 -1.50201511
v 13.14777946 15.78594875 -1.84818780
v 13.18628597 15.79653072 -1.78565001
v 13.12422180 15.79508209 -1.79742241
v 13.09356213 15.78226376 -1.83814967
v 13.16789436 15.80933571 -1.85912490
v 13.20869827 15.81588268 -1.79104412
v 13.19930363 15.83819103 -1.86764157
v 13.24232769 15.84041882 -1.80384219
v 13.06363487 15.86079884 -1.92834783
v 13.58813286 15.70236492 -1.49644625
v 13.50423145 15.70931435 -1.49462879
v 13.62119293 15.72261810 -1.50050414
v 13.66342449 15.75430298 -1.51044071
v 13.59123230 15.77968788 -1.42894471
v 13.59020615 15.77011967 -1.58598053
v 13.56020355 15.80890083 -1.56884098
v 13.62583160 15.80295467 -1.51703322
v 13.56015778 15.81450939 -1.45552862
v 13.73869610 15.71215725 -1.08519757
v 13.64997005 15.74567986 -1.00849998
v 13.69564056 15.67813301 -1.07324624
v 13.62311363 15.69960213 -1.15794408
v 13.66536713 15.73611069 -1.16585469
v 13.62844849 15.78318691 -1.15172732
v 13.69549179 15.77159977 -1.09775233
v 13.61688328 15.78879547 -1.04137373
v 13.66733551 15.65793705 -1.06559229
v 13.59775734 15.67694473 -1.14146888
v 13.48559189 15.73106670 -0.60765016
v 13.38304234 15.75851822 -0.53826457
v 13.53834915 15.76199055 -0.60734886
v 13.43651581 15.79522419 -0.53305227
v 13.58885956 15.79570580 -0.61765224
v 13.49455070 15.83043098 -0.56079715
v 13.55223846 15.80410767 -0.69399619
v 13.51935005 15.84242249 -0.68435556
v 13.56123924 15.84263992 -0.63901275
v 13.48262215 15.86210442 -0.60270047
v 13.37192059 15.83032703 -1.60726774
v 13.40810966 15.86163712 -1.58407009
v 13.16891956 15.82367325 -0.53936160
v 13.22291088 15.86792469 -0.53424364
v 12.95984554 15.81251431 -1.83233011
v 13.04712963 15.81704712 -1.78067338
v 13.30947208 15.75923634 -1.49141395
v 13.08229923 15.82916546 -1.76057267
v 13.09941959 15.84810257 -1.76266134
v 13.40432262 15.83348846 -0.98821348
v 13.44453144 15.86093426 -1.03199542
v 13.36760044 15.86184406 -0.74519420
v 13.38907814 15.89139557 -0.71547323
v 12.89547443 15.90263462 -1.94533861
v 13.46501827 15.86804867 -1.10721660
v 13.46028996 15.85469341 -1.17538774
v 13.41942024 15.87410736 -1.51105964
v 13.40732384 15.86787701 -1.43178356
v 13.28640270 15.90207672 -0.56806582
v 13.34382439 15.91941357 -0.62066621
v 13.42485142 15.82073116 -1.19801986
v 13.38653851 15.78187084 -1.19270849
v 13.37328815 15.84308529 -1.38978946
v 13.37960052 15.91321945 -0.67188293
v 13.13255405 15.87309074 -1.77757275
v 13.37318611 15.75382614 -1.17704988
v 4.31967974 16.69137001 -1.32489944
v 4.28946257 16.68267059 -1.47388375
v 4.33701134 16.68810081 -1.18399131
v 4.69201231 15.81661987 -0.88763535
v 4.64571714 15.85719490 -0.71443588
v 4.67621899 15.81968117 -1.04770255
v 4.52390432 15.94184208 -0.50453776
v 4.38805294 16.04451752 -0.31822684
v 4.23873472 16.64822006 -1.63902032
v 4.18682861 16.59362030 -1.78453231
v 4.36883879 16.00319481 -1.62380862
v 4.50664377 15.93419075 -1.40746450
v 4.26431227 16.08136177 -1.81605172
v 4.34429932 16.66286278 -0.73067170
v 4.35260725 16.68041801 -0.89452636
v 4.32658577 16.61885643 -0.55348235
v 4.25902557 16.17709351 -1.93300891
v 4.27040625 16.27628326 -1.98308587
v 4.25433111 16.32837105 -0.16298109
v 4.27591324 16.42887115 -0.21731302
v 4.25596762 16.23179817 -0.17233621
v 4.30189419 16.53327942 -0.36492148
v 4.61176634 15.86594582 -1.21820402
v 4.21588278 16.36481857 -1.97468829
v 4.15644407 16.44633484 -1.93085957
v 4.15307856 16.52446365 -1.87464333
v 4.34908295 16.68664169 -1.04308331
v 4.29964113 16.13917542 -0.21578889
v 5.59121084 15.73877144 -0.96422905
v 5.58685303 15.75926971 -0.78418571
v 5.57419443 15.73814774 -1.14903164
v 5.41109133 16.57555008 -1.39800012
v 5.39306402 16.57243347 -1.53843808
v 5.42269373 16.57280159 -1.26321673
v 5.45792770 15.99944973 -0.33681512
v 5.43584681 16.11054993 -0.28720486
v 5.48504829 15.90455627 -0.44945946
v 5.43429661 16.57005310 -1.12843347
v 5.43195391 16.56233406 -0.98331934
v 5.33365774 16.49672318 -1.92733812
v 5.35087729 16.42812538 -2.00131679
v 5.33640480 16.53201485 -1.82817483
v 5.50470400 15.82734489 -1.75609624
v 5.53555107 15.75966644 -1.54390872
v 5.47290039 15.92404366 -1.93743682
v 5.36218786 16.55758667 -1.69018555
v 5.53974485 15.81951332 -0.60558945
v 5.40171862 16.54467583 -0.81754357
v 5.36738443 16.51109123 -0.65458906
v 5.44840574 16.03325081 -2.04689741
v 5.42213392 16.15832710 -2.08787179
v 5.39627123 16.24421310 -0.32017729
v 5.36122751 16.36953163 -0.40674958
v 5.35274267 16.45560074 -0.51793897
v 5.55717802 15.73752403 -1.34190607
v 5.38499689 16.30263901 -2.06375337
v 2.90908551 16.79016876 -1.08032453
v 2.91307759 16.77151489 -1.25234449
v 2.70686364 16.76325226 -1.18045461
v 2.71827912 16.78261375 -1.01797187
v 2.73099399 16.78987885 -0.87911659
v 2.90869403 16.79797935 -0.92694145
v 3.34199595 15.83608055 -0.65255654
v 3.31788611 15.87031651 -0.48308486
v 3.04990840 15.83168888 -0.40563932
v 3.06265998 15.79729748 -0.57098860
v 3.04398680 15.78377628 -0.73300201
v 3.32442689 15.82166576 -0.80922300
v 2.90345407 16.54108429 -1.80345607
v 2.91147161 16.39640808 -1.91224384
v 2.73436022 16.36952019 -1.91438293
v 2.70776200 16.52029991 -1.78734803
v 2.69263053 16.64213753 -1.60120440
v 2.91011214 16.65851593 -1.64121687
v 2.95224071 16.24171066 -1.94469523
v 3.00213408 16.10357094 -1.90369976
v 2.80338502 16.05743980 -1.90200424
v 2.76606917 16.20505524 -1.95137525
v 3.30685830 15.80931854 -0.98572630
v 3.02588677 15.77335644 -0.92477071
v 2.99817634 15.78122520 -1.13789713
v 3.26572871 15.81797314 -1.18468821
v 2.91920471 16.80548859 -0.78678578
v 2.74643469 16.79706764 -0.74356824
v 2.76876712 16.78892517 -0.58401573
v 2.94017887 16.79824448 -0.62211120
v 3.03548074 16.11127472 0.10545828
v 3.01766443 16.21706772 0.19197847
v 2.84001613 16.18534660 0.22011226
v 2.84965324 16.07582092 0.14281045
v 2.88877249 15.99367142 -0.00720000
v 3.09211087 16.02971268 -0.05593831
v 3.03752494 16.00856590 -1.79214633
v 3.08658242 15.93634605 -1.62287652
v 2.89600396 15.88527107 -1.58175886
v 2.84680247 15.95720291 -1.76994884
v 3.01455045 16.63780212 -0.00969260
v 3.00002813 16.70527077 -0.16976553
v 2.83290458 16.69244003 -0.16270024
v 2.84731030 16.62723351 -0.00440880
v 2.84947467 16.52506828 0.11246246
v 3.01854205 16.53621674 0.10132794
v 3.21041870 15.94212723 -0.26816571
v 2.97373509 15.90472031 -0.20386320
v 2.97117901 16.76179504 -0.39517143
v 2.80215693 16.75019264 -0.37314782
v 3.01579905 16.37734413 0.17957667
v 2.84350014 16.35643387 0.19864954
v 3.17747712 15.86656570 -1.40873098
v 2.95067215 15.82257175 -1.36398423
v 2.91336989 16.73147964 -1.44841075
v 2.69532275 16.71977425 -1.38688600
v 0.01921525 11.88576221 1.35700393
v -0.03989244 11.84475994 1.34977686
v -0.03989244 11.58230972 1.27710474
v 0.06554396 11.84688950 1.34602833
v 0.12731598 12.07738876 1.37630820
v 0.04302627 12.08576679 1.38241971
v -0.03989244 12.07484055 1.38231158
v 0.61775243 12.33285522 -1.72072470
v 0.40523818 12.05212688 -1.77682042
v -0.03989244 12.07501888 -1.78868771
v 0.35822603 12.36312389 -1.70805240
v 0.58367121 12.67550182 -1.56271625
v 0.86087036 12.65588856 -1.55577981
v 1.18880498 12.63246346 -1.53466117
v 0.96465027 12.32740593 -1.70894921
v 0.75823194 12.06007671 -1.77252531
v 0.05535164 12.36291599 1.39178967
v 0.16286489 12.36317253 1.38729954
v 0.18393964 12.64182949 1.37916291
v 0.05991833 12.64330196 1.37973237
v -0.03989244 12.64404488 1.37929463
v -0.03989244 12.36278629 1.39405477
v 0.84159237 11.83752823 -1.67278016
v 0.60146302 11.68098259 -1.58118808
v 0.49387711 11.74286747 -1.63854504
v 0.60065150 11.86012363 -1.72173190
v 1.07706249 12.05362606 -1.72541738
v 1.32055020 11.98960686 -1.63859749
v 1.02992272 11.76379013 -1.58949578
v 0.73930752 11.59352970 -1.50397992
v 0.08257556 13.02636719 -1.33286572
v 0.20395839 13.02282715 -1.33209264
v 0.15285495 12.70376778 -1.56444168
v 0.05905495 12.72315788 -1.56044292
v -0.03989244 12.71089745 -1.56478810
v -0.03989244 13.02815342 -1.33325577
v -0.03989244 13.30487537 -1.12950826
v 0.09710009 13.30405426 -1.12882066
v 0.23287877 13.30242729 -1.12745774
v 0.29624572 11.84691238 -1.71891236
v 0.28708130 11.70113659 -1.61356604
v -0.03989244 11.64232731 -1.54005706
v -0.03989244 11.83135414 -1.70455956
v 0.10072887 13.48439026 -1.07844400
v 0.24010417 13.48351574 -1.07674146
v -0.03989244 13.48483086 -1.07930291
v -0.03989244 13.62213230 -1.10577917
v 0.09696665 13.62175655 -1.10483909
v 0.23261306 13.62101173 -1.10297585
v 1.26628840 12.79392529 1.20200264
v 1.08530879 12.83113289 1.26119089
v 0.85959518 12.62512398 1.33138156
v 1.01844358 12.59081268 1.27753067
v 1.20056558 12.45534611 1.21803796
v 1.45023417 12.65905666 1.14089549
v 1.69722176 12.89944553 1.00432074
v 1.46523595 13.00907707 1.11736619
v 1.26954222 13.04258442 1.18450975
v 1.67043138 12.05270576 -1.47727811
v 1.44751585 11.82485390 -1.51516640
v 1.54314053 12.24078846 -1.58414197
v 1.70262170 12.49240875 -1.44438279
v 1.82268333 12.28772736 -1.38860095
v 1.89065564 12.09129238 -1.29763198
v 1.72354221 11.82521725 -1.37199998
v 1.49877703 11.61244297 -1.40108109
v 0.29880533 11.42607498 -1.16651571
v 0.31923640 11.32706547 -1.05207396
v -0.03989244 11.47847748 -0.93153554
v 0.17337567 11.49869347 -1.19250178
v 0.33664870 11.48562336 -1.36530924
v 0.47747594 11.39043617 -1.28587723
v 0.57374555 11.25809669 -1.18671727
v 0.08870122 11.55038452 -1.29178643
v -0.03989244 11.56938171 -1.25945473
v 0.19218713 11.56408596 -1.45097494
v 1.64511359 12.86034107 -1.23572528
v 1.48035884 12.59264469 -1.49529922
v 1.39959443 12.94560242 -1.25331962
v 1.61114180 13.25237560 -0.94137216
v 1.77347851 13.07122898 -0.97756296
v 1.90787041 12.83719826 -0.99693185
v 1.80392241 12.71954250 -1.23757422
v 1.29049659 12.31453609 -1.66239357
v 0.37405118 11.59872627 -1.52734768
v 0.51675439 11.50902176 -1.44919336
v 2.02650189 12.22278214 -1.08759391
v 1.95044231 11.90745831 -1.21387410
v 1.94275689 12.42534733 -1.16365993
v 2.05739760 12.49639511 -0.93149245
v 2.18480492 12.14777660 -0.91303289
v 2.11142945 11.96140385 -1.04579949
v 1.99882555 11.71263313 -1.15611076
v 1.75364602 11.63325024 -1.29850507
v 1.51515198 11.40545177 -1.34229863
v 1.78189528 11.44390583 -1.25302875
v 1.53957212 11.19647598 -1.31343663
v 0.42761272 11.07835579 -0.96334541
v 0.24051943 11.12576485 -0.80242139
v 0.66920871 11.03871727 -1.11084914
v 0.76060814 10.80114079 -1.05683053
v 0.55950928 10.79741001 -0.90057915
v 0.40772137 10.80175114 -0.73654115
v 2.04092860 12.56431770 0.72560060
v 2.16933155 12.58537769 0.46321708
v 1.98606372 12.97654533 0.47035488
v 1.88145745 12.94414997 0.74105603
v 1.86657667 12.50205612 0.94663668
v 2.03048396 12.13893127 0.91261494
v 2.21290445 12.20239449 0.70363367
v 2.36373639 12.21831989 0.45403534
v 1.88171148 12.51051521 -1.26208258
v 0.67479002 11.40136337 -1.36803889
v 0.90353453 11.47402000 -1.43013954
v 1.04632783 11.31490612 -1.36362958
v 0.81455624 11.25444221 -1.29168689
v 1.17649662 11.62357140 -1.48931789
v 1.27372003 11.43828964 -1.39919257
v 1.17632091 10.81880569 1.17837059
v 1.38160443 11.01882076 1.20625639
v 1.20248079 11.28160095 1.22729909
v 1.03300428 11.07180786 1.20484912
v 0.88303113 10.91922474 1.15355730
v 0.99606872 10.67593288 1.11497033
v 1.09279549 10.47258472 1.05643570
v 1.31070530 10.59466743 1.12621152
v 1.54993510 10.76828766 1.15856409
v 0.44296014 10.59135532 -0.56105602
v 0.42048776 10.59028721 -0.43410751
v 0.32473058 10.80139637 -0.45368099
v 0.34416747 10.80247784 -0.59058946
v 0.50608146 10.59447479 -0.70027238
v 0.57617205 10.41498375 -0.68594301
v 0.51232922 10.41242123 -0.55403006
v 0.48981404 10.41152763 -0.43514127
v 2.02160001 11.67188263 1.03175223
v 2.17770791 11.81363392 0.89939195
v 1.84986877 11.98588467 1.05224526
v 1.65340710 11.77202797 1.14259863
v 1.84876406 11.48175335 1.11756682
v 2.01862264 11.16581059 1.06901693
v 2.18367505 11.31565475 0.98131168
v 2.33260322 11.43355465 0.84927207
v 2.17602324 11.69979477 -1.05019116
v 2.03258729 11.48322201 -1.14312601
v 2.29308677 11.85374928 -0.93098772
v 2.42343116 11.49799824 -0.95164067
v 2.26545238 11.35946941 -1.06440175
v 2.09113860 11.17119312 -1.14410889
v 0.90245122 11.04695129 -1.22793877
v 1.11987114 11.10863972 -1.30841196
v 1.17510939 10.88805389 -1.26600134
v 0.97209525 10.82462788 -1.17942202
v 1.21197701 11.88790512 1.22043777
v 1.42478061 12.13948917 1.17457497
v 1.00833869 12.20090675 1.24759841
v 0.85136771 11.94074821 1.24152589
v 1.02704179 11.63594723 1.22969472
v 1.42344654 11.52613735 1.20374942
v 0.88334036 11.42198658 1.20465076
v 0.70746732 11.71988010 1.21176887
v 0.60575378 11.52388954 1.19610667
v 0.73227680 11.26702976 1.17078567
v 1.65208721 12.35232544 1.08980131
v 1.31399918 11.22936058 -1.34606647
v 1.35078919 11.01159763 -1.31421685
v 2.35569525 11.89832115 0.69645959
v 2.51089835 11.94096565 0.45112297
v 2.50621223 11.53251839 0.65148634
v 2.65835524 11.60022545 0.41448942
v 2.41711354 11.92483044 -0.76350117
v 2.28404903 12.22931004 -0.74874812
v 2.37485290 12.24977112 -0.58285052
v 2.51949883 11.94732857 -0.58873439
v 2.66609120 11.61063099 -0.60127622
v 2.56251884 11.57531071 -0.78130507
v 1.43754590 10.79981327 -1.28792083
v 1.26298749 10.68598175 -1.23791158
v 1.61496925 10.97811222 -1.28911197
v 1.71549678 10.72974491 -1.25939560
v 1.54281354 10.57645702 -1.25792336
v 1.36049247 10.48140430 -1.21237838
v 2.62566876 11.95764923 -0.19932438
v 2.59865332 11.95659161 -0.32350725
v 2.44958520 12.24743557 -0.32178679
v 2.47626400 12.24194241 -0.19832806
v 2.48293376 12.23589993 -0.03887824
v 2.63242269 11.95791435 -0.03951438
v 2.77459049 11.62581635 -0.05787854
v 2.76824975 11.62552357 -0.21394147
v 2.74288678 11.62435436 -0.33668843
v 2.27135539 12.66318321 -0.19878218
v 2.24597430 12.68621445 -0.32395613
v 2.05042005 13.12806892 -0.32599127
v 2.07575607 13.09352207 -0.19896990
v 2.08273435 13.05686760 -0.03589344
v 2.27770066 12.63874626 -0.03749707
v 0.15972994 11.13541508 0.16877303
v 0.18986434 11.13677216 0.50773484
v -0.03989244 11.33800316 0.52520704
v -0.03989244 11.33640957 0.17478955
v -0.03989244 11.33831024 -0.13108395
v 0.14591113 11.13731575 -0.13048258
v 0.30081505 10.79896259 -0.12917417
v 0.32625288 10.79707050 0.15980384
v 0.37970379 10.79774094 0.47984135
v 1.93582845 13.35342693 0.19977665
v 1.87231314 13.32623100 0.46713519
v 2.05299640 13.01599598 0.19929326
v 1.96404433 13.38067436 -0.03458991
v 1.89548981 13.62001038 -0.03842956
v 1.86824000 13.61319923 0.19367410
v 1.80563700 13.60478783 0.45456854
v 1.74832916 13.46459484 -0.74369729
v 1.84527826 13.46604443 -0.58719224
v 1.96628904 13.20364475 -0.61209005
v 1.81461763 13.30909920 -0.75782698
v 1.55297542 13.46052647 -0.88852394
v 1.50030112 13.61405754 -0.90890408
v 1.68044662 13.62594318 -0.75568223
v 1.76698828 13.63759136 -0.59126949
v 1.85417128 13.17891502 -0.81470388
v 1.96182561 13.01483250 -0.78189838
v 2.11870241 12.64547062 -0.75739682
v 2.18242979 12.70481777 -0.58878380
v 1.05710852 10.63321018 -1.14876294
v 0.84468699 10.61421013 -1.02321899
v 1.14402962 10.44121361 -1.12427402
v 0.92192292 10.42975235 -0.99948955
v 2.59865355 11.95659161 0.19154984
v 2.44958544 12.22875690 0.19255379
v 2.74288678 11.62435436 0.16481645
v 1.62059224 11.25193501 1.18086159
v 1.79664171 10.97101116 1.13380015
v 0.57703561 10.58851242 0.71896684
v 0.69053280 10.59726143 0.91009629
v 0.57089972 10.81922626 0.97368240
v 0.45926422 10.80408001 0.76061815
v 0.48970854 10.58557224 0.46604988
v 0.56289011 10.40687752 0.42608619
v 0.64856267 10.40933037 0.66407067
v 0.76209414 10.41511917 0.84452957
v 0.17078499 11.14084435 -0.64507091
v 0.15972994 11.13975906 -0.48950732
v -0.03989244 11.34075356 -0.51148367
v -0.03989244 11.34183884 -0.67854869
v 0.23604730 11.14518738 0.83031440
v 0.33545288 11.16288185 1.06832480
v -0.03989244 11.34712601 0.87217361
v 1.82944286 11.22428799 -1.23180664
v 1.90304589 10.94463730 -1.21528220
v 0.65050089 10.60169601 -0.86402446
v 0.72267014 10.42088509 -0.84390432
v 0.42657697 10.58601570 0.15696234
v 0.39391965 10.58788395 -0.12765442
v 0.46384484 10.40941238 -0.14546764
v 0.49851310 10.40753174 0.12910935
v 2.24597430 12.61149883 0.19601029
v 1.50230122 13.30719566 1.06566894
v 1.31860495 13.32876492 1.14251649
v 1.65149093 13.29184532 0.94226962
v 1.59506869 13.58776951 0.90568745
v 1.46113539 13.59374523 1.03269613
v 1.29269075 13.60327148 1.11747742
v 1.43357241 10.33108139 1.04936779
v 1.69299471 10.45068359 1.07621932
v 1.19461763 10.24461365 0.97936475
v 1.32152534 9.98944569 0.88841027
v 1.56240749 10.04132366 0.95423788
v 1.82165813 10.10755634 0.97265333
v 2.35248756 10.82253647 0.85391253
v 2.51952529 10.90608215 0.70455974
v 2.17075324 10.72134399 0.96648735
v 2.29624414 10.25555038 0.84320557
v 2.48696208 10.31529140 0.71203756
v 2.66401482 10.36743164 0.55250382
v 2.93199444 11.06139755 0.08417165
v 2.95785880 11.06063175 -0.11244376
v 2.85364604 11.04301262 0.30414429
v 2.99823427 10.45297527 0.19374900
v 3.06870174 10.46107101 0.00646111
v 3.08809447 10.45759010 -0.16127808
v 2.76488853 11.02402687 -0.78180903
v 2.61702657 10.96420860 -0.94127554
v 2.86435342 11.05282021 -0.61531711
v 3.01226974 10.46044731 -0.61338204
v 2.92054486 10.44464779 -0.76029634
v 2.77484488 10.40825367 -0.90385556
v 2.42488647 10.86194420 -1.05206430
v 2.21389079 10.72851276 -1.12824774
v 2.57200122 10.34305859 -1.01220560
v 2.34370399 10.26303196 -1.08757079
v 2.70136738 10.98540783 0.51612192
v 2.84888864 10.41754436 0.37775207
v 2.95268607 11.06078529 -0.25434977
v 2.93199420 11.06139755 -0.36890104
v 3.08421612 10.45828629 -0.28663504
v 3.06870151 10.46107101 -0.39080089
v 1.63513660 10.32398224 -1.21496952
v 1.44461155 10.25330257 -1.17763734
v 1.81530809 10.43075848 -1.21435833
v 1.91222453 10.10749340 -1.15207934
v 1.72186160 10.04618931 -1.15334129
v 1.52567303 9.99824333 -1.12252247
v 0.57987201 10.16690159 0.04510573
v 0.64225978 10.16827202 0.31967625
v 0.54921055 10.16887760 -0.20215824
v 0.66582572 9.89652824 -0.25204846
v 0.69041979 9.89424038 -0.03524314
v 0.74863720 9.89741707 0.21363430
v 1.21939754 10.21715641 -1.09426749
v 0.99279368 10.19959068 -0.97511679
v 1.29877841 9.96366787 -1.04618418
v 1.07665086 9.93781757 -0.93658698
v 0.79809958 10.18465042 -0.83044213
v 0.65856540 10.17432785 -0.68588102
v 0.89476335 9.91604710 -0.80599093
v 0.76829910 9.90131569 -0.67694813
v 1.94482195 10.58908176 1.04459107
v 2.07037330 10.18263531 0.93286008
v 0.73304641 10.17737865 0.55464017
v 0.85332608 10.19092655 0.74394512
v 0.84400260 9.91322517 0.44404238
v 0.97195053 9.93533802 0.64011025
v 2.00946212 10.57519341 -1.18389845
v 2.12164187 10.18214226 -1.13217568
v 0.59744120 10.17061710 -0.56707114
v 0.57552207 10.17021179 -0.46113679
v 0.71244097 9.89658260 -0.57201046
v 0.69188601 9.89684772 -0.47912541
v 3.06807780 10.01287937 -0.27688324
v 3.05573487 10.01672459 -0.37304378
v 3.07116342 10.01191807 -0.16244952
v 2.99302125 9.68338585 -0.14692551
v 2.99048162 9.68331146 -0.25518867
v 2.98032403 9.68667603 -0.34627485
v 1.81033516 9.74687862 -1.06732106
v 1.61400437 9.71279144 -1.03586829
v 2.00406694 9.78628826 -1.07063782
v 2.07600689 9.49676895 -1.00089276
v 1.88621366 9.46785259 -0.99200898
v 1.69603276 9.44399452 -0.95737618
v 0.84992230 9.61966228 -0.05213185
v 0.90284234 9.62197399 0.17477465
v 0.82949960 9.62261295 -0.24946068
v 0.99926543 9.39079666 -0.22735567
v 1.01653981 9.38900375 -0.04058138
v 1.06369352 9.39127731 0.17113759
v 1.39773846 9.68337631 -0.96746528
v 1.19284630 9.65852547 -0.87038577
v 1.49684215 9.42329025 -0.89533985
v 1.31381106 9.40615273 -0.80889338
v 1.03063583 9.63813210 -0.75290352
v 0.92041051 9.62475586 -0.63600564
v 1.17210889 9.39299011 -0.70103002
v 1.07740605 9.38526249 -0.59213442
v 2.17853522 9.82815838 0.81823277
v 2.38618255 9.87562275 0.73239952
v 1.94680011 9.78045368 0.86129701
v 2.04469037 9.51090622 0.77439594
v 2.25471044 9.54804039 0.73039228
v 2.43894315 9.58564949 0.65280646
v 0.99494672 9.63743591 0.38564441
v 1.12568951 9.65900898 0.56479263
v 1.14862382 9.40462017 0.36147413
v 1.27678943 9.42213726 0.51883870
v 2.21253538 9.83166885 -1.05463350
v 2.42343831 9.88259792 -1.01410592
v 2.46288371 9.57471180 -0.94618189
v 2.27403474 9.53264618 -0.98568213
v 0.87147343 9.62095642 -0.54067916
v 0.85318041 9.62194633 -0.45613834
v 1.03537226 9.38442802 -0.50259143
v 1.01967287 9.38704014 -0.42272484
v 1.71469569 9.73866940 0.84722018
v 1.49350834 9.70450592 0.78822500
v 1.65252924 9.45424080 0.70956838
v 1.84675288 9.47926807 0.76230389
v 2.54602313 9.91668701 0.61816937
v 2.69161201 9.95381832 0.48035330
v 2.55951667 9.61871052 0.56415200
v 2.66504312 9.64820480 0.45420077
v 3.05573463 10.01672459 -0.01146943
v 2.99358392 10.01376057 0.15696514
v 2.92611861 9.69173050 0.15484682
v 2.98032403 9.69033909 -0.00430842
v 2.92581105 10.01084232 -0.71205056
v 2.79785800 9.98600864 -0.84334397
v 3.00782514 10.02006149 -0.57799613
v 2.93930888 9.68993759 -0.54036623
v 2.86705327 9.68289471 -0.66720927
v 2.76009727 9.66246319 -0.79033738
v 2.62447286 9.93865204 -0.94385260
v 2.62513924 9.62219238 -0.88219768
v 2.85650444 9.98948383 0.32376230
v 2.80413461 9.67511463 0.31272444
v 2.83063698 9.42108631 -0.65590996
v 2.73559332 9.40260792 -0.77543223
v 2.89501166 9.42834854 -0.53169930
v 2.88989305 9.21891022 -0.55090809
v 2.82869673 9.21635628 -0.67364961
v 2.73710895 9.20390320 -0.79222721
v 2.61683702 9.36714840 -0.86243325
v 2.47182918 9.32687283 -0.92212778
v 2.62059617 9.17516708 -0.87948245
v 2.47899318 9.14224625 -0.93994755
v 1.91489494 9.31926537 0.73347837
v 2.09159732 9.34044456 0.74419558
v 1.74055004 9.30309677 0.68319994
v 1.80217695 9.11939430 0.64540839
v 1.96654677 9.12775421 0.69528848
v 2.13390136 9.14160633 0.70636898
v 1.93515337 9.25091267 -0.96250540
v 1.75818551 9.23890018 -0.92674702
v 2.11321568 9.26856136 -0.97370297
v 2.13650560 9.09963322 -0.99263215
v 1.96858644 9.08891773 -0.98190510
v 1.80276132 9.08326149 -0.94666255
v 2.77169871 9.44832706 0.30321032
v 2.88226175 9.45324612 0.14844818
v 2.64703345 9.43355656 0.44013861
v 2.66387963 9.21688080 0.40920833
v 2.78154731 9.22894382 0.27442402
v 2.88434100 9.23219872 0.12159313
v 2.93763852 9.42832851 -0.25164571
v 2.92970014 9.42924404 -0.34113950
v 2.93962312 9.43176270 -0.14567345
v 2.93278098 9.21399117 -0.16991754
v 2.93005204 9.21250725 -0.27466390
v 2.92264199 9.21522713 -0.36291277
v 1.57665312 9.23042202 -0.86703718
v 1.41197622 9.22513866 -0.78449017
v 1.63341296 9.08083344 -0.88759232
v 1.48029625 9.08050346 -0.80587816
v 1.14843225 9.24809837 -0.03561271
v 1.19000959 9.25465870 0.17076348
v 1.13415635 9.24474525 -0.21869431
v 1.22822702 9.10061646 -0.24566451
v 1.24251270 9.10024261 -0.06486320
v 1.28269935 9.10157681 0.13900158
v 1.28557467 9.22270870 -0.68022043
v 1.20179176 9.22344971 -0.57441521
v 1.36316681 9.08114624 -0.70270371
v 1.28604901 9.08325100 -0.59798872
v 2.28430104 9.36467361 0.69902158
v 2.45290041 9.38971901 0.62316364
v 2.31646895 9.15878773 0.66239357
v 2.47680163 9.17820549 0.58825302
v 1.26777911 9.26938534 0.35355943
v 1.38749683 9.28491974 0.50309509
v 1.35778880 9.10993481 0.31988952
v 1.47175300 9.11805820 0.46786305
v 1.55491889 9.29390240 0.60969037
v 1.45364976 9.43693733 0.63164169
v 1.62856400 9.11868668 0.57298464
v 1.16497087 9.22768307 -0.48726171
v 1.15163088 9.23366261 -0.40943417
v 1.25296748 9.08730984 -0.51165330
v 1.24190414 9.09234715 -0.43450770
v 1.12685144 13.76487541 -1.03979087
v 1.45906532 13.76596832 -0.93316931
v 1.16889536 13.61329937 -1.01426899
v 0.83061624 13.61708450 -1.07579982
v 0.78834474 13.76671219 -1.10169899
v 0.76197863 13.94730282 -1.16437924
v 1.10590315 13.94546604 -1.09491217
v 1.44508624 13.94401741 -0.97813272
v 1.63611007 13.77368641 -0.77714908
v 1.71918249 13.78196144 -0.60972148
v 1.62531948 13.94411659 -0.81179529
v 1.70943046 13.94477081 -0.63607293
v 0.08931820 13.77053738 -1.13110960
v 0.21738392 13.76983547 -1.12919259
v -0.03989244 13.77089119 -1.13207662
v -0.03989244 13.95148182 -1.19727647
v 0.08422996 13.95112705 -1.19630933
v 0.20725253 13.95042515 -1.19439244
v 1.42538953 13.77419090 1.00423324
v 1.25199389 13.77970409 1.09165919
v 1.56392407 13.77134037 0.87602156
v 1.56270325 13.93161011 0.85745567
v 1.41294682 13.93446159 0.98566747
v 1.22775424 13.93997383 1.07309330
v 1.89676571 13.45117378 -0.45056152
v 1.92552221 13.42814255 -0.32386801
v 2.02508378 13.16261673 -0.45301262
v 1.81758285 13.63763523 -0.45233169
v 1.85020423 13.63187790 -0.32613134
v 1.77618110 13.30194759 0.72869557
v 1.71224117 13.59388065 0.70244235
v 1.82400167 13.78471947 0.17719930
v 1.76359272 13.78256989 0.43366563
v 1.85092926 13.78471947 -0.05225551
v 1.84228230 13.94498920 -0.06932937
v 1.81502926 13.94498920 0.15977021
v 1.75603199 13.94283962 0.41538393
v 1.67677927 13.77612209 0.67621940
v 1.67449427 13.93639183 0.65765345
v 1.76947975 13.78471947 -0.46887797
v 1.80338931 13.78471947 -0.34132642
v 1.76024723 13.94498920 -0.49113819
v 1.79441702 13.94498920 -0.36159733
v 1.03455544 13.78290844 1.16910374
v 0.78270984 13.78495884 1.22560644
v 0.81142217 13.60986423 1.25054336
v 1.07198441 13.60781479 1.19404054
v 1.00965524 13.94317818 1.15053797
v 0.76271760 13.94522858 1.20704067
v 2.29803157 9.29394531 -0.95973080
v 2.31213546 9.11723900 -0.97815514
v 2.55728936 9.41335011 0.54182953
v 2.57745147 9.19876957 0.50883800
v 2.92970037 9.44389629 -0.00674428
v 2.92614818 9.22388458 -0.03217629
v 1.29452491 9.67965889 0.69653428
v 1.12791550 9.95743179 0.78596699
v 1.00419271 10.20561695 0.88153863
v 0.91004848 10.42446899 0.96892983
v 1.09039545 13.33732128 1.21643507
v 0.82218659 13.33937168 1.27293777
v 0.78667772 13.05715656 1.29950607
v 1.04533601 13.05511475 1.24952006
v 0.83217490 10.61424351 1.03382146
v 0.72057587 10.84631920 1.09058189
v 0.52525520 11.19207859 1.15357947
v 0.39673138 11.54936600 1.21329188
v 0.89235377 12.84488010 1.30652821
v 0.67657036 12.84689713 1.33696437
v 0.54191333 12.63895035 1.36880481
v 0.70520139 12.63751698 1.35791862
v 1.20627415 13.46754360 -0.99011934
v 1.18764722 13.27624035 -1.05264306
v 0.83585835 13.29151440 -1.10509753
v 0.85558361 13.47717571 -1.05051827
v 1.06167400 12.98801994 -1.28714132
v 0.74405140 13.00462723 -1.31878078
v 0.83468610 12.32881451 1.30190349
v 0.67153841 12.05489635 1.29087460
v 0.68609273 12.35527229 1.35390401
v 0.51836360 12.07375908 1.34377241
v 0.29449400 12.45045376 -1.68126452
v 0.19502571 12.39741707 -1.69823444
v 0.34049320 12.69441795 -1.56399047
v 0.44432354 12.70388031 -1.55953169
v 0.48552299 11.81602573 1.26019716
v 0.30997017 11.83276653 1.31600058
v 1.02883065 14.16919994 1.14725614
v 0.77811342 14.17125034 1.20375884
v 1.25121140 14.16599560 1.06981158
v 1.25035024 14.41774273 1.07975042
v 1.02653921 14.42095947 1.15792298
v 0.78470618 14.42301846 1.21456397
v 1.44169009 14.16048241 0.98238564
v 1.59605265 14.15763187 0.85417384
v 1.64260066 14.40934753 0.85858399
v 1.46288860 14.41220856 0.99041694
v 1.85323918 14.17101097 0.15080474
v 1.79280651 14.16886139 0.41068116
v 1.88146758 14.17101097 -0.08291276
v 1.94943666 14.42277813 -0.11179174
v 1.91712189 14.42277813 0.13110365
v 1.85430110 14.42061996 0.40116519
v 1.13181138 14.17825985 -1.20786059
v 1.47418284 14.17596531 -1.06060696
v 0.78472704 14.18009663 -1.30000412
v 0.85356832 14.43189907 -1.47109425
v 1.20480895 14.43005562 -1.35431790
v 1.55043602 14.42775154 -1.17358673
v 1.79767680 14.17101097 -0.51005006
v 1.83262682 14.17101097 -0.37908825
v 1.74530113 14.17163944 -0.66384798
v 1.83379138 14.42340851 -0.71476579
v 1.88702655 14.42277813 -0.54989266
v 1.91803181 14.42277813 -0.41596675
v 1.71008456 14.16241264 0.65437162
v 1.76793277 14.41414738 0.65291274
v 0.08814837 14.18392181 -1.33949316
v 0.21505463 14.18321991 -1.33757627
v -0.03989244 14.18427563 -1.34046018
v -0.03989244 14.43609428 -1.51991701
v 0.10033175 14.43573856 -1.51893449
v 0.23931348 14.43503380 -1.51698685
v 1.65807462 14.17352486 -0.86331815
v 1.74084568 14.42530155 -0.94153327
v 1.88010263 14.66283894 -1.05625629
v 1.98189831 14.66092396 -0.81054538
v 1.67792690 14.66531754 -1.31006682
v 1.82021189 14.88045311 -1.43245959
v 2.03171754 14.87686920 -1.16256762
v 2.13833880 14.87274933 -0.90189898
v 1.42781126 14.64959526 1.00579071
v 1.15315568 14.65519333 1.10084629
v 1.68097615 14.64670086 0.86309433
v 1.73657489 14.85826111 0.87367749
v 1.40142596 14.85668564 1.03461504
v 1.05719447 14.86469650 1.13916790
v 1.98516750 14.66028595 0.08146766
v 1.92090034 14.65810394 0.36844388
v 2.02714014 14.66028595 -0.17475237
v 2.12303233 14.87747002 -0.23127304
v 2.07897782 14.89352608 0.03291227
v 2.01745725 14.90111542 0.33258793
v 1.32512879 14.66764641 -1.50996590
v 0.96548104 14.66951180 -1.64016962
v 1.08360934 14.87704754 -1.78546238
v 1.45672846 14.88007259 -1.64615440
v 2.03355551 14.66028595 -0.63494521
v 2.05064464 14.66028595 -0.49440035
v 2.18716908 14.87152481 -0.71587449
v 2.19171190 14.87174702 -0.56717217
v 0.93723845 14.65844727 1.18120289
v 0.73830462 14.66052914 1.23825872
v 0.84390038 14.87049961 1.21743560
v 0.68523753 14.87519932 1.26860332
v 1.83242118 14.65155602 0.63981575
v 1.92262077 14.88121510 0.62625575
v 0.12003846 14.67339611 -1.69290650
v 0.27855223 14.67268276 -1.69086683
v -0.03989244 14.67375565 -1.69393528
v -0.03989244 14.87020016 -1.83421683
v 0.14056291 14.86983299 -1.83398652
v 0.31941929 14.86910629 -1.83353043
v 1.74004102 15.29130745 -1.83481514
v 2.13705683 15.34714127 -1.56890750
v 2.04480410 15.22009182 -1.54205132
v 1.65491199 15.19422245 -1.79139113
v 1.24248874 15.15132809 -1.95530546
v 1.31232536 15.21228886 -2.01167250
v 1.35835087 15.29139805 -2.06201077
v 1.77544558 15.40068054 -1.89019263
v 2.23322535 15.51392078 -1.62055063
v 2.43802953 15.25178337 -0.74483770
v 2.45096040 15.25553417 -0.57397199
v 2.38741016 15.17527008 -0.58051854
v 2.37738657 15.17321873 -0.74409270
v 2.33475327 15.18031216 -0.94946402
v 2.39948845 15.26662827 -0.95767218
v 2.46019411 15.35680199 -0.97641456
v 2.49532104 15.33734989 -0.76381058
v 2.51016831 15.34203434 -0.59133768
v 2.25807762 15.37990475 0.62842309
v 1.98585701 15.21595955 0.94735026
v 1.93232143 15.15629864 0.92339289
v 2.18640685 15.29120350 0.62591535
v 2.31564641 15.39439583 0.30321610
v 2.39856672 15.50717926 0.29276416
v 2.45673203 15.63038731 0.27113217
v 2.28100729 15.45291328 0.63982302
v 2.00796390 15.28629017 0.96073061
v 0.11736667 15.15147305 -1.98850393
v 0.30329907 15.15067387 -2.00644517
v 0.34888783 15.08259583 -1.96973515
v 0.15158768 15.08337021 -1.95849514
v -0.03989244 15.08376026 -1.95282507
v -0.03989244 15.15187645 -1.97945333
v -0.03989244 15.24959469 -2.00257182
v 0.08040512 15.24918175 -2.01415801
v 0.25225353 15.24836349 -2.03712463
v 2.32801843 15.31866455 -1.25444436
v 2.24765515 15.20569611 -1.23842967
v 2.39993834 15.42452526 -1.26928067
v 1.54955459 15.17814732 1.17428815
v 1.11670780 15.20282364 1.31187737
v 1.10032105 15.14871311 1.26518798
v 1.51596582 15.12653542 1.13490224
v 1.56318736 15.24623394 1.19255280
v 1.12106085 15.26875973 1.33505964
v 0.85485411 15.22634220 1.36275828
v 0.67849696 15.24928284 1.37028515
v 0.67671353 15.18992424 1.33256900
v 0.84836841 15.16963291 1.31899512
v 0.85596764 15.28988171 1.38802135
v 0.67939097 15.31030083 1.39621031
v 2.43967533 15.43497562 0.01563051
v 2.35746408 15.32902527 0.01604174
v 2.36132145 15.21627235 -0.22691073
v 2.43686533 15.30508327 -0.21298918
v 2.50271034 15.39108658 -0.23007318
v 2.49869275 15.51482391 -0.00864395
v 1.57058501 15.40466976 1.18109262
v 1.12524784 15.42034626 1.32894313
v 2.01120758 15.44200420 0.95608646
v 1.98603368 15.68706608 0.88855767
v 1.56276536 15.65896130 1.09526694
v 1.12777531 15.66773796 1.24321699
v 0.85872233 15.43404579 1.38455546
v 0.68160272 15.44675732 1.39404893
v 0.86400473 15.67398739 1.29947901
v 0.68584394 15.67897129 1.30989683
v 1.71761870 15.57539749 -1.98321044
v 2.05400252 15.70419788 -1.84474647
v 1.35830808 15.45855236 -2.11402464
v 1.34256196 15.71371937 -2.13426304
v 1.63707566 15.81332016 -2.05806518
v 1.92197824 15.91580772 -1.97433901
v 2.26358938 15.58733559 0.66900694
v 2.39659429 15.75924683 0.41011646
v 2.33366752 15.91818333 0.45033130
v 2.21463847 15.79146194 0.65601850
v 0.06857169 15.42337894 -2.04483557
v 0.23620820 15.42255402 -2.06947756
v -0.03989244 15.42379475 -2.03240442
v -0.03989244 15.68470955 -2.03410530
v 0.06962878 15.68429375 -2.04656959
v 0.23831302 15.68346882 -2.07127714
v 1.60433114 16.11231232 -2.05895257
v 1.86312640 16.16436958 -2.01727319
v 1.34147692 16.05686378 -2.08927464
v 1.34623837 16.37964630 -1.99623227
v 1.59775770 16.38850212 -1.99306917
v 1.84722292 16.39176559 -1.97460008
v 2.14296889 16.07358170 0.54090154
v 1.92288685 16.02544022 0.71328390
v 2.27036762 16.14063835 0.39266592
v 2.22203588 16.36334991 0.28410709
v 2.07245827 16.34794807 0.39066955
v 1.84811234 16.34845161 0.51735294
v 0.07133883 16.04215622 -1.98539186
v 0.24171793 16.04133034 -2.01029563
v -0.03989244 16.04257202 -1.97282887
v -0.03989244 16.38088417 -1.88672912
v 0.08818582 16.38046837 -1.89770424
v 0.26774597 16.37964439 -1.91946006
v 1.53074622 16.01461601 0.89043480
v 1.12714994 16.02109337 1.02757108
v 1.48883343 16.35347748 0.66620147
v 1.12341416 16.35954285 0.78836352
v 0.87270129 16.02485847 1.07990968
v 0.69282633 16.02726746 1.08984947
v 0.88064700 16.36317062 0.83498704
v 0.69920594 16.36557961 0.84384143
v 1.59572756 16.55801773 -1.86761177
v 1.84404373 16.53987694 -1.84736967
v 1.34803212 16.57372284 -1.87230706
v 1.33055520 16.68498611 -1.75739920
v 1.57707000 16.66084671 -1.73947430
v 1.86151063 16.64706230 -1.65049505
v 2.02698398 16.52880859 0.27233633
v 1.78805423 16.54742241 0.38785252
v 2.20401359 16.52305603 0.17164171
v 2.19759107 16.64232826 0.02680945
v 1.97985721 16.63821411 0.17446831
v 1.73238826 16.65547180 0.29304644
v 0.13465375 16.58273315 -1.81990743
v 0.33772004 16.58190727 -1.83169723
v -0.03989244 16.58314896 -1.81395984
v -0.03989244 16.69716072 -1.75431836
v 0.17748204 16.69675255 -1.75521731
v 0.40044707 16.69594002 -1.75699937
v 1.45133257 16.55738640 0.52217203
v 1.11661005 16.56221771 0.63195211
v 1.40621758 16.66399193 0.42370766
v 1.08759677 16.66769791 0.52804655
v 0.88367701 16.56543541 0.67385012
v 0.70163870 16.56784439 0.68180710
v 0.86277735 16.67051506 0.56765765
v 0.68485844 16.67288780 0.57490498
v 1.60453713 16.83236122 -0.15790543
v 1.43615937 16.81948471 -0.04404286
v 1.57984996 16.74483109 0.09470350
v 1.78460622 16.74939537 -0.01741264
v 1.90274763 16.76921654 -0.13379997
v 1.68906498 16.85510635 -0.26012644
v 1.41963923 16.97049141 -0.36172310
v 1.36575758 16.95030785 -0.26670861
v 1.23812485 16.93326759 -0.14748640
v 0.15836614 16.87703896 -1.62643373
v 0.35486799 16.87636185 -1.62513304
v 0.37980106 16.82295799 -1.66524565
v 0.17088816 16.82368279 -1.66664135
v -0.03989244 16.82404900 -1.66734540
v -0.03989244 16.87738037 -1.62709010
v -0.03989244 16.96397018 -1.54684734
v 0.13964140 16.96364403 -1.54393756
v 0.31758446 16.96299553 -1.53926957
v 1.59260440 16.88548851 -1.28254580
v 1.66946864 16.91107368 -1.06836998
v 1.89146447 16.85841751 -1.07051098
v 1.79113030 16.82455444 -1.30825174
v 1.63721502 16.79578209 -1.52058005
v 1.47100997 16.86269760 -1.47550368
v 1.25609374 16.95844841 -1.38485348
v 1.34322691 16.97395706 -1.21087444
v 1.39678776 16.99054146 -1.02138710
v 1.13202322 16.81874657 0.11098082
v 0.82008588 16.82323837 0.24823074
v 0.92242765 16.75049973 0.36153308
v 1.25181413 16.74644279 0.23883480
v 0.97993660 16.92842293 0.01219159
v 0.70867312 16.92983818 0.15649861
v 0.62830436 16.82605362 0.30877200
v 0.49660075 16.82802963 0.32687944
v 0.56509984 16.75538635 0.41870704
v 0.71361923 16.75326538 0.40935028
v 0.54181457 16.93157196 0.22960787
v 0.42822120 16.93346786 0.26099899
v 1.74165154 16.88545418 -0.38022539
v 1.97093868 16.81337738 -0.29074481
v 1.99726582 16.85562325 -0.45934173
v 1.76344228 16.91106415 -0.51025712
v 1.47311974 16.99324226 -0.54015493
v 1.45657372 16.98475838 -0.44877791
v 1.29607558 16.86254883 -1.57191694
v 1.42680120 16.79976463 -1.61873376
v 1.19782257 16.81521225 -1.64987314
v 1.10044932 16.87109375 -1.60833919
v 0.97139382 16.95954323 -1.52000415
v 1.12472439 16.95615387 -1.47901320
v 1.71021318 16.91960144 -0.90830261
v 1.73289800 16.91960144 -0.77528954
v 1.96547532 16.86970520 -0.75340235
v 1.94113564 16.86970520 -0.89611930
v 1.42744017 16.99606895 -0.88070250
v 1.44663835 16.99606895 -0.76441932
v 1.06984365 17.10643005 -0.27468440
v 0.98415291 17.08975792 -0.14807285
v 1.09901333 17.12060165 -0.37676242
v 0.82544225 17.27226448 -0.33891612
v 0.81124747 17.26216316 -0.22834949
v 0.75770420 17.24685097 -0.09966096
v 0.10851116 17.11674690 -1.37686372
v 0.25559980 17.11608315 -1.36190379
v -0.03989244 17.11708260 -1.38663006
v -0.03989244 17.29890633 -1.19976783
v 0.07242574 17.29854774 -1.18570530
v 0.18430026 17.29783630 -1.16415775
v 1.05243301 17.11915779 -1.04727221
v 1.08302331 17.12655640 -0.88472044
v 0.99819803 17.11228371 -1.20305562
v 0.76334900 17.28771973 -1.00506103
v 0.79975891 17.28664780 -0.87098891
v 0.81768894 17.28609848 -0.73656005
v 0.45297489 17.06575966 0.21563233
v 0.36008048 17.06769753 0.26325396
v 0.58665442 17.06736183 0.13638648
v 0.48627013 17.20882988 0.14757001
v 0.38393956 17.20369339 0.22641110
v 0.30874461 17.20464706 0.28599909
v 0.79340178 17.07604790 0.00205109
v 0.63011837 17.22614288 0.03226243
v 1.10125232 17.12902260 -0.77353573
v 1.11330056 17.12902260 -0.68803447
v 0.82703471 17.28451157 -0.65226513
v 0.83208835 17.28261948 -0.59340560
v 1.12020063 17.12680435 -0.45328578
v 1.13008595 17.12846756 -0.52247065
v 0.83912885 17.27956772 -0.47670263
v 0.83498251 17.27733612 -0.41647387
v 0.90903556 17.11139297 -1.29393566
v 0.79666501 17.11313057 -1.33806729
v 0.61261386 17.29418755 -1.13261938
v 0.69856358 17.29087067 -1.08828580
v 3.41856503 4.83619785 1.52164555
v 3.62039113 4.83098793 1.43956745
v 3.55436110 4.98208570 0.85973793
v 3.36421514 4.99083805 0.86727220
v 3.17678595 4.99357653 0.80966568
v 3.22066116 4.83487320 1.51850212
v 3.25882363 4.68641138 2.06899977
v 3.45887995 4.69241905 2.00525284
v 3.66241479 4.69412279 1.84908259
v 2.87336779 9.05964184 -0.71592468
v 2.77740598 9.06380558 -0.83432066
v 2.93891406 9.04523945 -0.59690517
v 3.01243567 8.90878963 -0.66324556
v 2.93995523 8.94050121 -0.77962375
v 2.83657622 8.96109867 -0.89920318
v 2.65744567 9.04789543 -0.92826819
v 2.51309323 9.02399826 -0.99764550
v 2.71044159 8.95709801 -1.00148940
v 2.55998921 8.94059277 -1.08132184
v 2.85603070 8.93678951 0.20556961
v 2.95468521 8.96248150 0.05810551
v 2.74187732 8.90518379 0.33245131
v 2.83786607 8.61616802 0.24365038
v 2.95198464 8.67077541 0.12384319
v 3.05000472 8.72233200 -0.01953096
v 2.98822570 9.00042152 -0.33265281
v 2.97792697 9.01542759 -0.41687000
v 2.99430656 8.98701096 -0.23088196
v 3.08340645 8.79371166 -0.30915591
v 3.07371020 8.82314777 -0.40889254
v 3.05979228 8.85129929 -0.48972765
v 1.29569387 8.84873199 -0.15597026
v 1.34267187 8.82148647 0.04120119
v 1.27553225 8.87456799 -0.33045417
v 1.29016745 8.65470028 -0.43567669
v 1.31726968 8.60161877 -0.26599669
v 1.37307596 8.54418182 -0.07377158
v 1.39701915 8.92216110 -0.78070873
v 1.32265878 8.90859604 -0.67799592
v 1.51172566 8.93726540 -0.88175976
v 1.52075171 8.81075096 -0.98376679
v 1.40396142 8.77677917 -0.88383615
v 1.32935643 8.74507523 -0.78209299
v 2.40037656 8.81111431 0.55878180
v 2.55939460 8.84148502 0.49285671
v 2.21798205 8.78692532 0.59658921
v 2.30519104 8.44286346 0.47512427
v 2.49334836 8.47757912 0.44355220
v 2.65584397 8.52238178 0.38575074
v 2.04913354 8.77382851 0.58227926
v 1.88201654 8.77145100 0.53248227
v 1.95315409 8.42929268 0.40686455
v 2.12913203 8.42786789 0.45715198
v 1.42402923 8.80446815 0.21845365
v 1.54349959 8.79225349 0.36344388
v 1.46355057 8.50100231 0.10161205
v 1.59287739 8.46868515 0.24506329
v 1.70481706 8.77941990 0.46382865
v 1.76524067 8.44384003 0.34149125
v 2.34395576 9.00419617 -1.04233098
v 2.16668820 8.98795128 -1.06124389
v 2.38365722 8.92367744 -1.13353956
v 2.19897962 8.90604782 -1.15747416
v 1.29205990 8.89989567 -0.59272975
v 1.28334188 8.89362717 -0.51618689
v 1.29981720 8.72208405 -0.69699031
v 1.29281068 8.70345116 -0.62020773
v 1.99794531 8.97472668 -1.05330336
v 1.83205950 8.96283436 -1.01980412
v 2.02349019 8.88739967 -1.15245724
v 1.85138178 8.86610603 -1.12045455
v 2.65811324 8.87312889 0.42281345
v 2.75491786 8.56764030 0.32503486
v 2.99195170 8.97679329 -0.09400376
v 3.08465838 8.76170921 -0.17161638
v 1.66336274 8.95058537 -0.96204054
v 1.67684722 8.84054184 -1.06343186
v 3.39922476 8.36930847 -0.48521200
v 3.39631534 8.40857315 -0.64238149
v 3.25317907 8.57066059 -0.48715311
v 3.25585818 8.53139591 -0.33979332
v 3.21897626 8.48366356 -0.17711847
v 3.35917521 8.32157612 -0.31170791
v 3.45707250 8.08325291 -0.44948301
v 3.49810362 8.12616253 -0.62676978
v 3.49602675 8.16120434 -0.78727365
v 1.69893324 8.48315430 -1.51172078
v 1.51211774 8.44787312 -1.42106521
v 1.51800203 8.60996056 -1.21723580
v 1.69004250 8.64524174 -1.30223298
v 1.88271594 8.67524529 -1.36296511
v 1.90815401 8.51315784 -1.57649577
v 2.01115251 8.24606228 -1.73872018
v 1.80145204 8.21853828 -1.67243445
v 1.61402833 8.18635559 -1.57972121
v 3.21735501 8.58008194 -1.17359197
v 3.09186625 8.60615730 -1.31046939
v 2.97280884 8.76824570 -1.11354244
v 3.08837271 8.74216938 -0.98520821
v 3.17002702 8.70468807 -0.86166203
v 3.30602217 8.54260063 -1.04182124
v 3.40867066 8.28454304 -1.19702280
v 3.32087135 8.31872272 -1.33201969
v 3.19602728 8.34155369 -1.47171915
v 2.93989158 8.60612583 -1.43033814
v 2.75911736 8.59208488 -1.52539444
v 2.66637683 8.75417233 -1.31505299
v 2.83285379 8.76821423 -1.22592974
v 3.04414678 8.33895397 -1.59307539
v 2.86318660 8.32315159 -1.68879306
v 1.82227468 8.01127434 0.08318005
v 2.04928327 7.99453449 0.15651648
v 2.01268315 8.15662193 0.26188186
v 1.80362868 8.17336273 0.19312268
v 1.61143041 8.20221043 0.09138609
v 1.61356997 8.04012299 -0.02532911
v 1.70672309 7.81623888 -0.15137488
v 1.91464937 7.78967571 -0.03996880
v 2.14112425 7.77419662 0.03540723
v 3.24322081 8.26139736 -0.14968878
v 3.11219263 8.42348480 -0.02521169
v 2.98761582 8.36121082 0.10042166
v 3.10794520 8.19912338 -0.01569205
v 3.20340991 7.96985245 -0.14551432
v 3.33992028 8.02791882 -0.28338337
v 3.38339186 8.44335079 -0.75539654
v 3.36546159 8.47588348 -0.84633452
v 3.22476554 8.63797188 -0.67837644
v 3.24127769 8.60543823 -0.59311438
v 3.48385501 8.19293785 -0.90302467
v 3.46663594 8.22301769 -0.99639940
v 1.45635569 8.07913971 -0.18840635
v 1.46665025 8.24122715 -0.06151270
v 1.36455607 8.29312897 -0.24845149
v 1.34549356 8.13104057 -0.38778955
v 1.44078398 7.89822769 -0.52219003
v 1.55045795 7.85136366 -0.31821182
v 3.00993085 8.14510536 0.07374478
v 2.89735341 8.30719280 0.18427631
v 2.78905964 8.25739574 0.24589740
v 2.89233661 8.09530830 0.13946797
v 2.98572063 7.87129116 0.01549252
v 3.10430360 7.91874504 -0.05291937
v 1.27584565 8.19854164 -0.60521668
v 1.30041659 8.36062908 -0.45230800
v 1.26830173 8.42279339 -0.63209921
v 1.24097264 8.26070595 -0.79697651
v 1.33911324 8.01702785 -0.94160438
v 1.37263107 7.96000767 -0.74501997
v 2.69832110 8.04569435 0.20232376
v 2.61038876 8.20778179 0.30483007
v 2.40287018 8.16955853 0.33637887
v 2.47298026 8.00747108 0.23597275
v 2.56478524 7.78775263 0.11603463
v 2.79078102 7.82418442 0.08081233
v 1.37283742 8.40761280 -1.30748141
v 1.28429520 8.36986160 -1.19177234
v 1.30819786 8.53194904 -1.00225389
v 1.38973737 8.56970024 -1.11074102
v 1.47399712 8.14966011 -1.46351206
v 1.38471937 8.11535454 -1.34515178
v 2.54722953 8.57613182 -1.58783364
v 2.32536244 8.55804062 -1.61705029
v 2.26692748 8.72012806 -1.40098846
v 2.47124720 8.73822021 -1.37359524
v 2.65110278 8.30637169 -1.75157738
v 2.42900777 8.28834152 -1.78075373
v 2.26140976 7.99184179 0.21407552
v 2.20803261 8.15392971 0.31584835
v 2.35303450 7.77232265 0.09415399
v 1.24969459 8.34210777 -1.09474146
v 1.24206471 8.31935310 -1.00704956
v 1.26930749 8.48144054 -0.82906061
v 1.27633393 8.50419521 -0.91127920
v 1.34955621 8.09034157 -1.24598527
v 1.34145033 8.06997681 -1.15641546
v 2.11465049 8.53758430 -1.61243832
v 2.07288098 8.69967270 -1.39666426
v 2.21801448 8.26878452 -1.77564728
v 1.71158457 7.71498394 -1.26967430
v 1.70346534 7.70178795 -1.18730044
v 1.74202085 7.73177052 -1.36105204
v 2.15127850 7.27091742 -1.32702351
v 2.12643909 7.26390743 -1.24524879
v 2.11850810 7.25920010 -1.17175400
v 3.12353683 7.61960459 -0.17382203
v 3.20774889 7.66198015 -0.26280653
v 3.02378845 7.57918167 -0.10695949
v 3.07443643 7.22470856 -0.20428599
v 3.15240335 7.25649166 -0.26940855
v 3.21925426 7.28824425 -0.35410479
v 3.45868349 7.77666283 -0.71057642
v 3.45964456 7.79903793 -0.85808951
v 3.42213273 7.74822235 -0.54732567
v 3.38807368 7.34183407 -0.61484146
v 3.41912842 7.35310507 -0.76078194
v 3.42317557 7.36050701 -0.89226145
v 2.08816791 7.80462790 -1.66352773
v 1.93355322 7.78174305 -1.57790446
v 2.26052022 7.82471418 -1.72486949
v 2.54639721 7.31836224 -1.65421224
v 2.41656089 7.30734158 -1.59895444
v 2.29937482 7.29569387 -1.52206409
v 3.10601139 7.91737700 -1.60214627
v 2.95800710 7.89628935 -1.68594193
v 3.22943449 7.92767954 -1.49386537
v 3.27008653 7.42806864 -1.46825838
v 3.17887926 7.40899229 -1.56026077
v 3.06831145 7.38206911 -1.62916136
v 3.32908058 7.91458416 -1.36572516
v 3.39783931 7.89030886 -1.24032772
v 3.38902831 7.41371012 -1.24078882
v 3.34146118 7.42632055 -1.35439575
v 2.43019605 7.84232140 -1.75949192
v 2.60297012 7.85918331 -1.76540709
v 2.80313897 7.34300613 -1.69298577
v 2.67378783 7.32964230 -1.68601990
v 3.45212388 7.82164001 -0.96551412
v 3.44036198 7.84435654 -1.05289447
v 3.42059636 7.37228060 -0.98945427
v 3.41470432 7.38624048 -1.06950390
v 2.50279117 7.49370480 -0.02705148
v 2.67585969 7.50853825 -0.00842422
v 2.33085465 7.49312210 -0.08094035
v 2.55401349 7.15307140 -0.17039914
v 2.68075800 7.15629673 -0.12251047
v 2.80992055 7.17010117 -0.10796268
v 3.32288456 7.70742369 -0.39268842
v 3.30962992 7.31845284 -0.47426578
v 1.72058249 7.62434483 -0.80600655
v 1.77133858 7.57972622 -0.59877819
v 1.69759560 7.66593266 -0.98900968
v 2.10917282 7.24359608 -0.99381560
v 2.12082219 7.22032070 -0.82747430
v 2.15252304 7.19602203 -0.63939673
v 2.78461671 7.87703180 -1.74062634
v 2.93885565 7.36027765 -1.67371798
v 1.81709051 7.75574017 -1.47043729
v 2.20993590 7.28253222 -1.42535782
v 2.86204410 7.53959465 -0.04344356
v 2.95071101 7.19440842 -0.14284594
v 2.14806676 7.50481987 -0.15170585
v 1.98116708 7.52452707 -0.25592756
v 2.29971194 7.17226887 -0.33097228
v 2.42047834 7.16050148 -0.23553856
v 1.85689569 7.54797459 -0.41018510
v 2.21127319 7.18205738 -0.46974385
v 2.87138224 6.80219078 -1.67727840
v 2.75892377 6.79625463 -1.64601672
v 2.98540330 6.81224966 -1.68546546
v 3.14401221 6.27992392 -1.70525396
v 3.02971697 6.27227163 -1.69608712
v 2.91698050 6.26997423 -1.66355479
v 2.38477850 6.78498840 -1.25214851
v 2.37697673 6.78662729 -1.18182540
v 2.40757251 6.78460026 -1.33061647
v 2.56479049 6.28152180 -1.34187365
v 2.54195189 6.28656673 -1.26352477
v 2.53414011 6.29216194 -1.19344020
v 3.41767383 6.87954807 -0.52477705
v 3.48861313 6.88943768 -0.66163558
v 3.33621716 6.86138344 -0.40594518
v 3.49591875 6.39252377 -0.42448330
v 3.57750869 6.40285206 -0.54546541
v 3.64857554 6.40409660 -0.68341517
v 3.51760173 6.88778400 -0.80153620
v 3.52262592 6.88404608 -0.92722166
v 3.67761517 6.39434099 -0.82301229
v 3.68263507 6.38368559 -0.94819200
v 2.64411139 6.79259634 -1.59266794
v 2.54017663 6.78986502 -1.51864815
v 2.80188203 6.27119827 -1.60758328
v 2.69769216 6.27428484 -1.53102970
v 2.62983584 6.76051617 -0.27497441
v 2.74613857 6.75580406 -0.21084201
v 2.52516723 6.76674652 -0.36849418
v 2.68298936 6.31383944 -0.37701905
v 2.78798366 6.31086111 -0.28235698
v 2.90463185 6.30760574 -0.21724771
v 3.45749140 6.91258478 -1.37771916
v 3.39598107 6.90625191 -1.48624861
v 3.49773741 6.90855789 -1.26745927
v 3.65751910 6.39019489 -1.29174531
v 3.61712480 6.38893986 -1.40266097
v 3.55544305 6.37777042 -1.51137424
v 2.44919515 6.76669502 -0.50230575
v 2.39970207 6.76760101 -0.66588831
v 2.55711102 6.30072498 -0.67491394
v 2.60677958 6.30784035 -0.51105779
v 3.31614375 6.88139820 -1.57012880
v 3.21883297 6.85106039 -1.63077199
v 3.47545075 6.34970808 -1.59470987
v 3.37796092 6.31771660 -1.65413785
v 3.52167106 6.88768291 -1.02143466
v 3.51772666 6.89500809 -1.09991133
v 3.68164372 6.38222933 -1.04288960
v 3.67764640 6.38537264 -1.12234604
v 3.09538221 6.79110909 -0.18979688
v 3.20555997 6.81360197 -0.25288489
v 2.97068572 6.77271843 -0.15313965
v 3.12974572 6.32378435 -0.16109137
v 3.25471139 6.33805132 -0.19979534
v 3.36509943 6.35524321 -0.26551577
v 3.27567530 6.83821392 -0.32012439
v 3.43530869 6.37502766 -0.33578926
v 2.37447190 6.77670383 -0.84872115
v 2.36659813 6.78619528 -1.01064539
v 2.52377534 6.30120373 -1.02223122
v 2.53173947 6.30035257 -0.85902792
v 2.46035123 6.78671217 -1.42537367
v 2.61768270 6.27757740 -1.43675089
v 3.10490322 6.82827520 -1.66959035
v 3.26378751 6.29476404 -1.69112825
v 2.85701323 6.76041031 -0.16519257
v 3.01580262 6.31277466 -0.17186736
v 3.15553093 5.75218773 -1.70526576
v 3.03944945 5.75110340 -1.67009771
v 3.27321458 5.75903749 -1.71475911
v 3.37133050 5.29660130 -1.76575816
v 3.24803400 5.28906059 -1.75530684
v 3.12641644 5.28651476 -1.71301389
v 2.65330768 5.77698231 -1.25252903
v 2.64526725 5.78389645 -1.18252385
v 2.67681956 5.77038527 -1.33083820
v 2.75588965 5.29252148 -1.31405699
v 2.73278785 5.30012465 -1.22216964
v 2.72462845 5.30936384 -1.13723993
v 3.14137101 5.82011843 -0.15930432
v 3.25869155 5.83069611 -0.14895397
v 3.02689457 5.81476259 -0.20459500
v 3.10967278 5.39041996 -0.07458857
v 3.23745513 5.39435911 -0.02472737
v 3.36807346 5.40186024 -0.01333253
v 3.71962690 5.90050936 -0.53757358
v 3.79278588 5.89887238 -0.67588705
v 3.63563943 5.89279366 -0.41587469
v 3.78280830 5.44079304 -0.29881701
v 3.86649537 5.43160152 -0.40767896
v 3.93552732 5.41677141 -0.54320502
v 3.82268000 5.88641596 -0.81538302
v 3.82784343 5.87345505 -0.94039416
v 3.95738578 5.40664816 -0.71352369
v 3.95500779 5.40130234 -0.87626851
v 2.92093492 5.75395489 -1.60661566
v 2.81365418 5.75898170 -1.52258110
v 3.00224900 5.28559780 -1.63239801
v 2.89118528 5.28619432 -1.52937496
v 2.90676546 5.81753206 -0.27002987
v 2.79863286 5.81942654 -0.36507270
v 2.85493445 5.38843441 -0.24328877
v 2.97525048 5.39266205 -0.14662683
v 3.39653683 5.77348280 -1.70121646
v 3.51408458 5.79649210 -1.66262317
v 3.62368846 5.33554983 -1.70478535
v 3.50053430 5.31250429 -1.75084901
v 3.76031590 5.87094736 -1.39618695
v 3.69679713 5.85816717 -1.50717354
v 3.80192542 5.87396288 -1.28505254
v 3.92525768 5.40483665 -1.26408088
v 3.88166356 5.40151691 -1.38643050
v 3.81511569 5.38973236 -1.51219332
v 3.38735175 5.84358835 -0.18834019
v 3.50099349 5.85901356 -0.25493810
v 3.51100469 5.41030264 -0.05669339
v 3.63704276 5.42068386 -0.13001207
v 3.82681084 5.87030077 -1.03525317
v 3.82268000 5.87205124 -1.11503613
v 3.95132995 5.40080547 -0.98907292
v 3.94700217 5.40273190 -1.07690728
v 2.72014499 5.81144524 -0.49918720
v 2.66898465 5.80165529 -0.66313446
v 2.71930337 5.33986568 -0.52785796
v 2.76947141 5.36508846 -0.36702091
v 2.64283347 5.79812527 -0.84767550
v 2.63460851 5.79609632 -1.01130533
v 2.70949006 5.32607555 -0.93072653
v 2.70487237 5.33001184 -0.73583448
v 2.73127580 5.76442146 -1.42575550
v 2.80887723 5.28819036 -1.41986001
v 3.57325864 5.87718821 -0.32622293
v 3.71698380 5.43400097 -0.20849067
v 3.61444592 5.82903433 -1.59696400
v 3.72883630 5.36451817 -1.62177253
v 2.71497560 4.95600462 -0.44467527
v 2.69204831 4.98482704 -0.16639242
v 2.75881267 4.94634533 -0.73335439
v 2.83578181 4.68410635 -0.57542282
v 2.75870061 4.70070076 -0.18391232
v 2.66664886 4.69593525 0.39666009
v 2.98250794 5.14838314 0.17921843
v 3.14971328 5.14772511 0.27106687
v 2.83473086 5.12578964 0.07769919
v 2.79966378 4.95149612 0.59818977
v 2.97553635 4.99106073 0.70456630
v 2.85823417 4.88982677 -1.44653773
v 2.81422973 4.88926077 -1.30807745
v 2.93340564 4.89816427 -1.58748400
v 2.96879506 4.70693445 -1.62647724
v 2.92445230 4.62343407 -1.50501323
v 2.89375544 4.61323309 -1.32041085
v 3.64337182 5.14077663 0.29388312
v 3.79704809 5.13602734 0.20040217
v 3.46844268 5.14568329 0.34916800
v 3.76376128 4.96655893 0.76941484
v 3.94675779 4.94929552 0.63646257
v 2.73493886 5.05634689 -0.01488600
v 2.68836474 4.84308481 0.53675151
v 2.79433465 4.89988232 -1.17545533
v 2.78649354 4.91609859 -1.04575229
v 2.87911344 4.62358093 -1.14828658
v 2.87249947 4.64420319 -0.98240161
v 3.30643606 4.93001032 -1.89670372
v 3.17796588 4.92307949 -1.83967257
v 3.43667984 4.93962526 -1.91002917
v 3.47134328 4.69612932 -1.96394253
v 3.33592749 4.68438816 -1.94830453
v 3.20151711 4.67440081 -1.88417578
v 3.89394283 5.13477039 0.10034234
v 3.96485448 5.11512423 0.00799236
v 4.05769205 4.93533230 0.50104046
v 4.12806273 4.89319181 0.39840409
v 4.08632183 4.99767590 -0.45230964
v 4.06088495 5.01517773 -0.72825551
v 4.09108210 5.00080013 -0.18952283
v 4.21450424 4.65175867 0.30626056
v 4.13538027 4.71127987 -0.20535934
v 4.08723831 4.74785233 -0.60350835
v 3.30779099 5.14741230 0.33463967
v 3.04680276 4.91085672 -1.72756410
v 3.06134844 4.65495443 -1.75922966
v 3.97576737 5.02355671 -1.40152538
v 3.90546966 5.01476145 -1.56498027
v 4.02181768 5.02778912 -1.24553025
v 4.04330778 4.76616192 -1.25621414
v 4.00133133 4.76718092 -1.45616674
v 3.93579841 4.83129740 -1.59589112
v 3.81432915 5.00130129 -1.71401668
v 3.70325685 4.98305464 -1.82918119
v 3.87553406 4.76031828 -1.73975599
v 3.75331378 4.74630022 -1.87319767
v 3.57316351 4.95990133 -1.89102018
v 3.61452794 4.72083521 -1.94341671
v 4.04058027 5.05520868 -0.06235910
v 4.18936634 4.79139709 0.36380890
v 4.04935884 5.02264977 -0.89489633
v 4.04478693 5.02510643 -1.00688469
v 4.06841278 4.76119900 -0.82689238
v 4.06424570 4.76293230 -0.96289390
v 4.17498302 4.52821636 0.81265956
v 4.02266741 4.51744747 0.87603152
v 3.92026114 4.54930210 0.39099014
v 4.10259771 4.55927467 0.37810066
v 4.25598097 4.56788158 0.76485980
v 4.26060915 4.56156731 0.98564935
v 4.22793388 4.53000259 1.11510491
v 4.10918093 4.51674366 1.23489344
v 3.91706133 4.66250372 -1.56505036
v 3.94143248 4.64329386 -1.32294655
v 3.77946925 4.59483242 -1.39803720
v 3.77438474 4.63258123 -1.67422163
v 4.03045225 4.59924221 -0.14629115
v 3.84502816 4.57708073 -0.17460075
v 3.79864216 4.59498501 -0.66483021
v 3.97582889 4.63209724 -0.60917997
v 3.33453774 4.51788616 -0.97718322
v 3.19282508 4.52125740 -0.95653003
v 3.19427228 4.51348495 -1.08870363
v 3.33489394 4.51195526 -1.10950136
v 3.46897769 4.52619743 -1.10491967
v 3.46888852 4.53285027 -0.96397817
v 3.46826530 4.54047108 -0.70358318
v 3.32582021 4.52820396 -0.72436172
v 3.17578197 4.53437138 -0.70875561
v 3.02027488 4.54902267 -0.86649221
v 2.86588502 4.66482687 -0.81651640
v 3.02428317 4.53378296 -1.02152789
v 2.99360347 4.56656075 -0.61316633
v 3.61935258 4.56009102 -0.95244133
v 3.61935258 4.55321217 -1.09595799
v 3.78217196 4.59160137 -1.06710792
v 3.78277683 4.59721184 -0.92378718
v 3.62766337 4.56358719 -0.69001865
v 3.62473083 4.60046911 -1.72972596
v 3.47740102 4.57413340 -1.74386942
v 3.62069726 4.55642557 -1.43379593
v 3.47119498 4.52986479 -1.44083416
v 3.05263782 4.54311419 -1.59451056
v 3.20448756 4.55407953 -1.68062663
v 3.19863558 4.51391697 -1.40190172
v 3.03638220 4.51706696 -1.35856807
v 3.34169745 4.56154490 -1.72895789
v 3.33704042 4.51693773 -1.42976308
v 3.95116901 4.63812160 -1.14649153
v 3.95358849 4.63996887 -1.00286078
v 3.78156734 4.58598995 -1.21042871
v 4.06007814 4.76466560 -1.09889555
v 2.70156598 4.68316603 1.26742554
v 2.81137562 4.78555727 1.31848145
v 2.71879268 4.57930088 1.24055839
v 2.81873178 4.54232836 1.70267868
v 2.80227637 4.58491850 1.89466405
v 2.87112093 4.67979670 1.78649962
v 3.30038095 4.54729462 -0.23053339
v 3.12754750 4.55817032 -0.22977981
v 3.46657395 4.55002499 -0.20428124
v 3.49138093 4.54538631 0.41340011
v 3.30102277 4.55034924 0.40902638
v 3.10478282 4.56312180 0.41464138
v 2.92160630 4.58869743 -0.16325997
v 2.87135959 4.58708477 0.45293555
v 3.65259576 4.56031418 -0.18978390
v 3.70715785 4.54485512 0.40507233
v 3.80435753 4.51178837 0.95135969
v 3.57025146 4.51042652 1.02893353
v 3.89324498 4.50730324 1.38343287
v 3.64971852 4.50106668 1.54110718
v 0.70336890 17.40210152 -0.36106706
v 0.69718146 17.39230537 -0.28185597
v 0.70503664 17.40936661 -0.42234933
v 0.67224908 17.50483322 -0.35578343
v 0.67121768 17.49201965 -0.28745976
v 0.66476101 17.47612572 -0.20448940
v 0.54286319 17.45718575 -0.93366522
v 0.61757237 17.44826698 -0.86582094
v 0.45559174 17.46504974 -0.97375137
v 0.34802106 17.60287476 -0.87786448
v 0.44642532 17.59045219 -0.83959359
v 0.54198354 17.57583427 -0.78229785
v 0.70017219 17.42858696 -0.58235365
v 0.70220482 17.42101479 -0.52780330
v 0.69029808 17.43614578 -0.65509534
v 0.65417588 17.55354881 -0.60939556
v 0.66924077 17.53972435 -0.53605050
v 0.67049783 17.52599144 -0.47315398
v 0.68442136 17.37893677 -0.17422059
v 0.64223933 17.36243248 -0.05610953
v 0.64897919 17.45646286 -0.10095958
v 0.60793024 17.43498230 0.00855815
v 0.03883546 17.47124290 -1.03095543
v 0.11907203 17.47046280 -1.01715350
v -0.03989244 17.47163773 -1.03959060
v -0.03989244 17.61133766 -0.94024277
v 0.01383570 17.61090851 -0.93902183
v 0.07094872 17.61005783 -0.93580341
v 0.66474104 17.44198036 -0.76127440
v 0.61149526 17.56455994 -0.69852161
v 0.35686281 17.32045555 0.22150983
v 0.29077959 17.31823921 0.28158921
v 0.43976080 17.32725716 0.14972486
v 0.43214834 17.39618683 0.19660074
v 0.35730422 17.38636017 0.26464176
v 0.29286265 17.38034821 0.32270846
v 0.54778606 17.34322739 0.05452868
v 0.52567178 17.41364288 0.10949223
v 3.01822877 4.55667067 2.13599539
v 2.97851062 4.49932432 1.84794164
v 3.24051499 4.49671125 1.79918706
v 3.26875782 4.56298685 2.13258195
v 3.02665186 4.67579222 2.01395273
v 3.92287183 4.57759142 1.63564646
v 3.67631531 4.57322359 1.84870982
v 4.13673592 4.58241367 1.42194605
v 4.11457014 4.68742275 1.38661516
v 3.90502286 4.69182968 1.62685859
v 3.47319841 4.56842947 2.02558756
v 3.44819665 4.49741411 1.68830037
v 4.24177504 4.58856964 1.24315643
v 4.21892214 4.68278646 1.17638648
v 4.27172899 4.60989761 1.03576231
v 4.24150944 4.68222380 1.00443327
v 4.26033783 4.66023254 0.73624790
v 4.21871948 4.75240231 0.76626897
v 3.00133610 4.82705975 1.42647719
v 3.37054968 4.51255417 1.09904218
v 3.16414762 4.51969624 1.15875196
v 2.90994096 4.53337765 1.20512891
v 4.16179037 4.79152250 0.89436817
v 4.05192089 4.80473900 1.07832718
v 3.85148215 4.81919765 1.27592742
v 0.75604439 17.58605766 0.00458639
v 0.75298190 17.56431770 0.11320574
v 0.71584654 17.54172325 0.00374088
v 0.72021544 17.56203270 -0.09572999
v 0.72103477 17.57736397 -0.18305132
v 0.75686359 17.60178757 -0.09272527
v 0.81065303 17.67934990 -0.02955336
v 0.80981433 17.66419411 0.07627516
v 0.80769002 17.64259148 0.19323586
v 0.41212547 17.77852058 -0.83765352
v 0.52043003 17.75423241 -0.74244827
v 0.51906401 17.70327950 -0.74695152
v 0.41293317 17.72465324 -0.82662207
v 0.31256419 17.73883247 -0.88454652
v 0.31280416 17.79284096 -0.90773314
v 0.32991612 17.88033676 -0.94430840
v 0.43301839 17.86663628 -0.86420846
v 0.54686689 17.84182167 -0.75534159
v 0.75447404 17.65528297 -0.38057238
v 0.75547254 17.63435555 -0.28072253
v 0.71964359 17.60684204 -0.34605315
v 0.71864510 17.62584114 -0.43308881
v 0.69341540 17.64888191 -0.53008080
v 0.72418356 17.68260193 -0.49163193
v 0.77408475 17.76332283 -0.47184759
v 0.80820668 17.73430252 -0.34845760
v 0.80922890 17.71268463 -0.23811266
v 0.74664485 17.53087234 0.24070439
v 0.71031380 17.48035622 0.39093280
v 0.66763127 17.47017479 0.25562578
v 0.70558995 17.51265907 0.12173802
v 0.80423534 17.60766029 0.33015928
v 0.76900113 17.55597305 0.49628726
v -0.00241997 17.80207825 -1.02011681
v 0.03913298 17.80110168 -1.01402354
v 0.04504847 17.74691010 -0.97452211
v 0.00055094 17.74784660 -0.97821450
v -0.03989244 17.74831963 -0.97898293
v -0.03989244 17.80256844 -1.02209651
v -0.03989244 17.88992119 -1.07412398
v -0.00186495 17.88942337 -1.07121539
v 0.04023810 17.88843536 -1.06328082
v 0.63530910 17.71892166 -0.61968249
v 0.61972320 17.67635918 -0.64140308
v 0.67376363 17.80327415 -0.61601520
v 0.41094011 17.30956459 0.84102309
v 0.32601333 17.29590797 0.91891861
v 0.31384221 17.31746483 0.70047969
v 0.39088184 17.32872772 0.63027161
v 0.47672009 17.35457993 0.53652936
v 0.50498569 17.34084892 0.73111129
v 0.55131906 17.41902733 0.89156908
v 0.44781578 17.38773537 1.01609564
v 0.35267046 17.37333679 1.10092294
v 0.61726874 17.40739822 0.56774151
v 0.58015561 17.40960503 0.40276849
v 0.67153829 17.48410225 0.70086175
v 0.76012039 17.70671272 0.77027631
v 0.63378811 17.66016960 0.98377836
v 0.85969830 17.75948715 0.54173648
v 0.94654584 18.02362442 0.54156935
v 0.84686685 17.99192619 0.78665799
v 0.71687478 17.96567726 1.01555264
v 0.89946628 17.85055733 0.09070869
v 0.89754367 17.83222580 0.21439646
v 0.90036333 17.86318970 -0.02068975
v 0.98731256 18.10445976 -0.04619725
v 0.98640740 18.09445381 0.06827352
v 0.98446727 18.07975006 0.19640124
v 0.49731255 18.02325058 -0.92181039
v 0.62344539 18.00268364 -0.80302805
v 0.38077211 18.03480911 -1.00766098
v 0.43925953 18.23931885 -1.07700658
v 0.56930101 18.22993469 -0.98844403
v 0.70659125 18.21434784 -0.86362976
v 0.51832628 17.63675499 1.11981058
v 0.40829974 17.62490463 1.21005821
v 0.59068501 17.95112419 1.15904808
v 0.46639633 17.94242096 1.25279427
v 0.89489686 17.80159760 0.36059114
v 0.98179650 18.05451965 0.34949178
v 0.00574192 18.04299736 -1.14070642
v 0.05538444 18.04205132 -1.13205004
v -0.03989244 18.04347610 -1.14397907
v -0.03989244 18.24700737 -1.21484542
v 0.01549267 18.24655342 -1.21151161
v 0.07479954 18.24565697 -1.20273387
v 0.75795519 17.97120285 -0.64845437
v 0.86225235 17.93804932 -0.48939267
v 0.84484035 18.19202805 -0.69811326
v 0.94916278 18.16788483 -0.52833951
v 0.89774692 17.91247368 -0.35714617
v 0.89884019 17.89264107 -0.24094430
v 0.98467231 18.14682388 -0.39075342
v 0.98577547 18.12925720 -0.27189818
v 1.03056061 18.39437485 -0.43339482
v 1.03150415 18.37756538 -0.31365511
v 0.99529266 18.41393089 -0.57276076
v 1.00115561 18.63608551 -0.57090634
v 1.03178930 18.61723709 -0.43604842
v 1.03246558 18.60078239 -0.31971297
v 1.02810097 18.30826187 0.31435308
v 0.99368453 18.28110504 0.51007468
v 1.03038526 18.33169556 0.15896389
v 1.03166366 18.55662346 0.13654539
v 1.03002620 18.53404427 0.28388271
v 0.99813056 18.50889206 0.46828300
v 0.02247932 18.48384094 -1.26655221
v 0.08871095 18.48296165 -1.25773394
v -0.03989244 18.48428535 -1.26990640
v -0.03989244 18.72614861 -1.22670865
v 0.03501354 18.72604179 -1.22370422
v 0.11311674 18.72491837 -1.21585083
v 0.89137554 18.43507385 -0.74610519
v 0.75273019 18.45433807 -0.91526920
v 0.78751010 18.67523956 -0.89929938
v 0.91060734 18.65581322 -0.73753518
v 0.63310522 18.22534943 1.14068806
v 0.50045538 18.21769524 1.23560059
v 0.76506126 18.23694801 0.99470502
v 0.78074753 18.47342491 0.92511165
v 0.64848679 18.46571541 1.06780481
v 0.51280522 18.46156311 1.16406333
v 0.89562953 18.25643349 0.76067966
v 0.90616661 18.48825264 0.70364851
v 1.03204465 18.34518814 0.02935620
v 1.03281879 18.35431862 -0.08613868
v 1.03340781 18.57826614 -0.09918419
v 1.03285289 18.56954575 0.01236893
v 0.61327696 18.46826553 -1.04209411
v 0.47926581 18.47692490 -1.13156056
v 0.53069460 18.70705414 -1.10317934
v 0.65922964 18.69318581 -1.01956356
v 0.63972950 18.67850304 0.94347167
v 0.50577396 18.68485641 1.04376888
v 0.76633400 18.67455101 0.81064844
v 0.74424726 18.83078957 0.66840965
v 0.62411797 18.84934998 0.78437579
v 0.49323952 18.86723137 0.88305444
v 0.98378837 18.70308304 0.28678828
v 0.95690024 18.68394852 0.43722478
v 0.98466825 18.72310448 0.16360664
v 0.91073072 18.84373474 0.22103466
v 0.91046441 18.82034492 0.32826391
v 0.90531296 18.77717018 0.42840147
v 0.06140695 18.94433594 -1.00084400
v 0.16401502 18.94248199 -0.99588460
v -0.03989244 18.94342804 -1.00279868
v -0.03989244 19.10420609 -0.70942640
v 0.08640090 19.10562897 -0.70879495
v 0.21212676 19.10230827 -0.70727217
v 0.91558230 18.80972672 -0.61750823
v 0.96726561 18.79423904 -0.47102636
v 0.83657885 18.82963753 -0.75707287
v 0.85182071 18.90786743 -0.62406647
v 0.89338809 18.91706657 -0.48842540
v 0.90635687 18.90778160 -0.35407180
v 0.87823653 18.67540169 0.62687212
v 0.84287846 18.81166077 0.53020555
v 0.98473573 18.77751541 -0.34969252
v 0.98509908 18.76212692 -0.24356978
v 0.91075265 18.89454269 -0.24500184
v 0.91086185 18.88103485 -0.15088107
v 0.98530722 18.73431396 0.05572392
v 0.98560548 18.74179840 -0.04400396
v 0.91101390 18.86300468 0.02794409
v 0.91092378 18.85594559 0.12150435
v 0.73714840 18.85963631 -0.85765475
v 0.62344933 18.88913727 -0.92371893
v 0.70852351 19.01006889 -0.68044633
v 0.80759031 18.96286011 -0.64061403
v 0.09473644 19.03876686 0.89322495
v 0.22817242 19.02674866 0.83424222
v 0.22818440 19.09626961 0.62349510
v 0.09474246 19.10162544 0.68464822
v -0.03989244 19.10199738 0.71486992
v -0.03989244 19.04349899 0.92046702
v -0.03989244 18.92286301 1.12001991
v 0.09579515 18.91557884 1.09653652
v 0.23028043 18.90048027 1.04126811
v 0.09474798 19.16046715 0.21741812
v 0.22819537 19.15585709 0.17100422
v 0.22819239 19.16865540 0.03666129
v 0.09474647 19.17463684 0.06868356
v -0.03989244 19.17498779 0.08483784
v -0.03989244 19.16012764 0.24083254
v -0.03989244 19.14541626 0.39525512
v 0.09474835 19.14628220 0.36631453
v 0.22819611 19.14271545 0.30894625
v 0.09473673 19.17682648 -0.45838141
v 0.22817296 19.17105103 -0.45945060
v -0.03989244 19.17656326 -0.45784199
v -0.03989244 19.19395828 -0.24582550
v 0.09474215 19.19289398 -0.24900091
v 0.22818378 19.18525124 -0.25529537
v 0.09474647 19.13206673 0.51553470
v 0.22819239 19.12888908 0.45408654
v -0.03989244 19.13100433 0.54653341
v 0.83121878 18.95089722 0.17179340
v 0.83123565 18.95997238 0.06520198
v 0.73698974 19.03164291 0.09409401
v 0.73697770 19.02004623 0.21865094
v 0.73695207 18.99176598 0.36214963
v 0.83118272 18.93111992 0.28971633
v 0.83111233 18.99809265 -0.45268762
v 0.73691058 19.05674744 -0.46062854
v 0.73694593 19.06170082 -0.28360781
v 0.83116341 18.99609947 -0.30099389
v 0.83122909 18.96818161 -0.02459064
v 0.91097116 18.87094498 -0.06137507
v 0.83121085 18.97693634 -0.10730239
v 0.73697567 19.04885864 -0.08524380
v 0.73698652 19.04075050 -0.00242064
v 0.83113158 18.89080429 0.41350368
v 0.73691428 18.93260384 0.51548964
v 0.83119261 18.98764420 -0.19265115
v 0.73696494 19.05745697 -0.16872621
v 0.09474497 19.18880463 -0.08005100
v 0.22818938 19.18145370 -0.09768166
v -0.03989244 19.18984985 -0.07115687
v 0.98546255 18.75064659 -0.14272104
v 1.03314185 18.58823586 -0.20865150
v 1.03244781 18.36466217 -0.19918941
v 0.98687875 18.11559868 -0.15831697
v 0.89993346 17.87671471 -0.13001646
v 0.81025112 17.69494057 -0.13308027
v 0.75647104 17.61720657 -0.18630087
v 0.72064215 17.59148979 -0.26459986
v 0.70423752 17.41514015 -0.47619832
v 0.83714187 17.28115082 -0.53528231
v 0.67175484 17.51525879 -0.41537324
v 3.95600796 4.64181709 -0.85923010
v 3.61935258 4.54633236 -1.23947477
v 3.46906686 4.51954365 -1.24586129
v 3.02829146 4.51854420 -1.17656362
v 3.19571996 4.50571156 -1.22087741
v 3.33525038 4.50602436 -1.24181938
v 4.04021502 5.02756262 -1.11887300
v 3.94267416 5.40465879 -1.16474152
v 2.77865243 4.93231487 -0.91604942
v 2.71646881 5.31860352 -1.05231035
v 3.81854916 5.87380075 -1.19481909
v 3.67364883 6.38851643 -1.20180237
v 2.63722706 5.79081059 -1.11251867
v 2.52632833 6.29775715 -1.12335551
v 3.51378226 6.90233231 -1.17838812
v 3.40881181 7.40019989 -1.14955342
v 2.36917472 6.78826618 -1.11150229
v 2.11057687 7.25449276 -1.09825921
v 3.42860031 7.86707306 -1.14027488
v 3.44941664 8.25309658 -1.08977401
v 1.69534612 7.68859243 -1.10492659
v 1.33334446 8.04961109 -1.06684577
v 1.23443484 8.29659748 -0.91935772
v 1.26228094 8.45868492 -0.74684197
v 3.34753132 8.50841713 -0.93727249
v 3.20825315 8.67050552 -0.76363856
v 1.27462375 8.88735867 -0.43964404
v 1.23084080 9.09738350 -0.35736203
v 1.28580427 8.68481731 -0.54342514
v 2.96762872 9.03043461 -0.50108719
v 2.91523194 9.21794796 -0.45116168
v 3.04587436 8.87945175 -0.57056272
v 1.12534893 17.12902260 -0.60253316
v 1.46583641 16.99606895 -0.64813614
v 1.75558269 16.91960144 -0.64227641
v 1.98981500 16.86970520 -0.61068535
v 2.44559956 15.25928497 -0.40310624
v 2.37667918 15.17732048 -0.41694432
v 2.50958323 15.34671783 -0.41886485
v 2.04873610 14.66028595 -0.35385555
v 1.94428778 14.42277813 -0.28204083
v 2.16547179 14.87197018 -0.41846973
v 1.86757708 14.17101097 -0.24812646
v 1.82858682 13.94498920 -0.23205648
v 1.83729887 13.78471947 -0.21377485
v 1.88282561 13.62611961 -0.19993101
v 1.95427871 13.40511131 -0.19717444
v 1.13829100 9.23964214 -0.33160657
v 1.00397348 9.38965321 -0.34285820
v 2.92176223 9.43015862 -0.43063328
v 2.97016597 9.69004154 -0.43736106
v 0.83488739 9.62293625 -0.37159753
v 0.67133105 9.89711380 -0.38624033
v 3.04339147 10.02057076 -0.46920431
v 3.05318761 10.46385670 -0.49496675
v 0.55360281 10.16980648 -0.35520247
v 0.46729887 10.41063404 -0.31625247
v 2.91130280 11.06200981 -0.48345232
v 2.71752381 11.62318420 -0.45943537
v 0.14867489 11.13867283 -0.33394361
v -0.03989244 11.33966732 -0.34441853
v 0.30529368 10.80031490 -0.31677252
v 2.22059298 12.70924568 -0.44913015
v 2.42290664 12.25292873 -0.44524550
v 2.57163763 11.95553303 -0.44769016
v 0.39801544 10.58921909 -0.30715901
v 2.27904487 15.04626560 -0.43078241
v 2.24556851 15.06826687 -0.24083225
v 2.30248070 15.04537487 -0.58706504
v 2.22015405 15.13249016 0.01645298
v 2.16882443 15.16946030 0.31366801
v 0.82949710 15.04595661 1.26696026
v 0.67183387 15.05844688 1.29935765
v 1.06003308 15.03260326 1.20078325
v 1.44870019 15.01752377 1.08299839
v 1.83479190 15.03259659 0.89630616
v 2.15156174 15.05812550 -1.21554792
v 2.25183034 15.04744911 -0.93953907
v 1.94084644 15.06495380 -1.50317824
v 0.15519954 14.99799061 -1.91475272
v 0.34856287 14.99724197 -1.91929173
v -0.03989244 14.99836826 -1.91246295
v 2.05760193 15.10970211 0.62340754
v 2.29777288 15.04448414 -0.74334764
v 1.56356525 15.05637074 -1.73423338
v 1.17109764 15.03861713 -1.88520503
v 0.53846890 14.99650669 -1.92374945
v 0.72664618 15.00149822 -1.92816687
v 0.66913724 14.86911392 -1.83263838
v 0.49507773 14.86839199 -1.83308232
v 0.55782807 15.08183575 -1.98077416
v 0.76876211 15.08966255 -1.99171281
v 0.14282537 15.08569431 1.30680573
v -0.03989244 15.08682823 1.29807138
v -0.03989244 14.88790226 1.26567447
v 0.13691616 14.88680077 1.27750027
v 0.31731638 14.88397503 1.29291511
v 0.32392415 15.08087158 1.31778955
v 0.32404327 15.22601891 1.34350049
v 0.14288521 15.23285007 1.33235168
v -0.03989244 15.23402214 1.32365382
v 0.35924783 19.16357422 -0.11499707
v 0.48911327 19.13726234 -0.13215487
v 0.48910224 19.13960838 -0.26760298
v 0.35923949 19.16657448 -0.26147729
v 0.35925227 19.15212250 0.00521157
v 0.48911917 19.12714386 -0.02595187
v 0.35925227 19.11511040 0.39373705
v 0.48911917 19.09285927 0.33393696
v 0.48912656 19.10592651 0.19677410
v 0.35925785 19.12855530 0.25260374
v 0.35924038 19.08168221 0.56092232
v 0.48910344 19.05970383 0.49675855
v 0.35922337 19.15267372 -0.46050072
v 0.48908085 19.12640953 -0.46154130
v 0.46194917 19.06442833 -0.70212191
v 0.33671761 19.08664894 -0.70522940
v 0.35925674 19.14067078 0.12542021
v 0.48912507 19.11702728 0.08025114
v 0.35922256 19.00961304 0.76626176
v 0.48907977 18.98833847 0.69025773
v 0.36236113 18.88431931 0.96939635
v 0.26924041 18.93328476 -0.98882526
v 0.38060725 18.92041779 -0.97749692
v 0.29376662 18.71811104 -1.18528652
v 0.19761440 18.72196960 -1.20430779
v 0.09898528 18.70415115 1.24985456
v -0.03989244 18.70744324 1.27022421
v -0.03989244 18.44679832 1.37616122
v 0.10077481 18.44895172 1.35788488
v 0.24019563 18.45321846 1.31169319
v 0.23663247 18.69762230 1.19951284
v 0.09763166 18.19445038 1.42533398
v -0.03989244 18.19048119 1.44291246
v -0.03989244 17.91417885 1.45596027
v 0.08896327 17.91778946 1.43898630
v 0.21667722 17.92538261 1.39537621
v 0.23393720 18.20231438 1.38052559
v 0.16266230 18.48209572 -1.24469638
v 0.25013900 18.48123932 -1.22311091
v 0.22268760 18.24390221 -1.16818988
v 0.14194995 18.24477577 -1.18973601
v 0.11304329 18.04112053 -1.11917138
v 0.18437581 18.04019928 -1.09774351
v 0.15384862 17.88650513 -1.03052282
v 0.09049229 17.88746643 -1.05111074
v 0.07417709 17.59611893 1.38562632
v -0.03989244 17.59357643 1.40078652
v -0.03989244 17.33834839 1.28051329
v 0.06124369 17.34041023 1.26618648
v 0.16088212 17.34710503 1.22844601
v 0.18723589 17.60289383 1.34561110
v 0.05813363 17.26164436 1.08159924
v -0.03989244 17.25816727 1.09826195
v -0.03989244 17.28012466 0.88502151
v 0.05993525 17.28506279 0.86443835
v 0.15406592 17.29528618 0.81865519
v 0.15288489 17.27027321 1.04109657
v 0.08884691 17.80014420 -1.00366187
v 0.14975107 17.79919624 -0.98527908
v 0.15886837 17.74507713 -0.95102370
v 0.09765434 17.74598885 -0.96651876
v 0.06998834 17.31150627 0.46403503
v -0.03989244 17.31035614 0.49517852
v -0.03989244 17.20803642 0.48798391
v 0.07517307 17.20754242 0.45868114
v 0.17548835 17.20656204 0.40059498
v 0.16573134 17.31378365 0.40229994
v 0.15845856 17.36826897 0.43651453
v 0.06470054 17.36209106 0.49288651
v -0.03989244 17.35897446 0.52101034
v 0.20232594 17.46969604 -1.01028752
v 0.28680980 17.46893692 -1.00477266
v 0.40491503 17.29644585 -1.15342116
v 0.29528746 17.29713821 -1.15576541
v 0.13483152 17.60922241 -0.93103200
v 0.20225035 17.60839653 -0.92164165
v 0.07782754 17.07358551 0.37478298
v -0.03989244 17.07459068 0.39312464
v -0.03989244 16.94020462 0.31537557
v 0.08322799 16.93922234 0.30797875
v 0.20316955 16.93727493 0.29362515
v 0.18615276 17.07159424 0.33842474
v 0.40005851 17.11543083 -1.35608923
v 0.53981715 17.11478615 -1.35484743
v 0.66043895 16.96172714 -1.53569067
v 0.49234593 16.96235847 -1.53690422
v 0.09665062 16.83403206 0.35390681
v -0.03989244 16.83505630 0.35951179
v -0.03989244 16.76292419 0.44456270
v 0.11408433 16.76182556 0.44048217
v 0.26669675 16.75964546 0.43278715
v 0.23198378 16.83200073 0.34403211
v 0.54785645 16.87569809 -1.62385547
v 0.73570311 16.87504005 -1.62258971
v 0.78744221 16.82153893 -1.66251671
v 0.58497858 16.82224464 -1.66387498
v 0.14883488 16.57515907 0.65752631
v -0.03989244 16.57640839 0.63742906
v -0.03989244 16.37414360 0.80265397
v 0.14821571 16.37289619 0.82228607
v 0.33465707 16.37042046 0.84952062
v 0.33588994 16.57268524 0.68568307
v 0.32738626 16.67765617 0.57918936
v 0.14456414 16.68009377 0.55580598
v -0.03989244 16.68132401 0.53900921
v 0.59782648 16.58109856 -1.84327626
v 0.87114859 16.58029556 -1.85474968
v 0.85749274 16.37803078 -1.96199918
v 0.55026990 16.37883377 -1.94082689
v 0.63459325 16.69514084 -1.75874960
v 0.87050384 16.69435120 -1.76048374
v 0.14659205 16.03458405 1.07158995
v -0.03989244 16.03583145 1.05252051
v -0.03989244 15.69268799 1.27110541
v 0.14481497 15.69143867 1.29098105
v 0.32788569 15.68831921 1.31819010
v 0.33142412 16.03210831 1.09770918
v 0.53039277 16.04052162 -2.03475380
v 0.84760624 16.03971863 -2.05898929
v 0.84088731 15.68185616 -2.11958766
v 0.52532321 15.68265915 -2.09554267
v 0.52218944 15.42174435 -2.09367919
v 0.83673388 15.42094135 -2.11766052
v 0.82692158 15.24819374 -2.08203197
v 0.52720356 15.24755955 -2.05968118
v 0.14373551 15.47467804 1.36600161
v -0.03989244 15.47592640 1.34248447
v -0.03989244 15.35485935 1.33960474
v 0.14317259 15.35361958 1.36393261
v 0.32461554 15.34665585 1.39837730
v 0.32573640 15.46962643 1.39890397
v 0.14294505 15.29758453 1.35205507
v -0.03989244 15.29879475 1.33541310
v 0.32416245 15.29003334 1.37513626
v 0.54657805 15.14988804 -2.02406549
v 0.80322576 15.15483093 -2.04152536
v 0.43423182 14.67198277 -1.68886375
v 0.58849430 14.67128944 -1.68687892
v 0.51106441 14.43365669 -1.51317871
v 0.37581021 14.43434238 -1.51507401
v 0.11930823 14.66685104 1.24651909
v -0.03989244 14.66793060 1.23347163
v -0.03989244 14.43033504 1.20830238
v 0.09960985 14.42926884 1.22156489
v 0.27398401 14.42715359 1.23926175
v 0.29773140 14.66471195 1.26378977
v 0.33969182 14.18253040 -1.33569348
v 0.46319449 14.18184757 -1.33382797
v 0.44779861 13.94905281 -1.19064415
v 0.32807547 13.94973660 -1.19250965
v 0.08742923 14.17747593 1.21033990
v -0.03989244 14.17853928 1.19700575
v -0.03989244 13.95251846 1.20028758
v 0.08351082 13.95145512 1.21362174
v 0.24708691 13.94934845 1.23146069
v 0.25488901 14.17536926 1.22817886
v 0.02843795 12.46625519 -1.68141651
v 0.07908028 12.40430260 -1.69830072
v -0.03989244 12.40933895 -1.69834912
v 0.06045331 12.85302067 1.34086597
v -0.03989244 12.85406685 1.33231974
v 0.20228913 12.85094833 1.35205805
v 0.22215933 13.06125927 1.31971216
v 0.06424491 13.06335735 1.29788780
v -0.03989244 13.06441593 1.28198588
v 0.07858151 13.34559822 1.27349520
v -0.03989244 13.34666061 1.25714934
v 0.24779618 13.34349155 1.29585183
v 0.26441181 13.61398411 1.27458680
v 0.09089044 13.61609077 1.25561845
v -0.03989244 13.61715412 1.24153137
v 0.08859906 13.79118538 1.23218751
v -0.03989244 13.79224777 1.21885335
v 0.25721830 13.78907776 1.25002646
v 0.34315985 13.76914597 -1.12730980
v 0.46779084 13.76846313 -1.12544429
v 0.49784249 13.61955452 -1.09933233
v 0.36583412 13.62028027 -1.10114574
v 0.37698743 13.48265648 -1.07506943
v 0.51262468 13.48180580 -1.07341266
v 0.49836683 13.29924488 -1.12479293
v 0.36622971 13.30082893 -1.12611926
v 0.32317090 13.01935005 -1.33133352
v 0.44129825 13.01590538 -1.33058119
v 0.25344273 12.71343136 -1.55998313
v 0.29491651 12.36342430 1.38288963
v 0.22912461 12.08926582 1.37426138
v 0.32120848 12.08073711 1.36844254
v 0.43275574 12.36367512 1.37852013
v 0.35638201 12.64038372 1.37570333
v 0.14542238 11.88913345 1.35107064
v 0.17938264 11.84980202 1.34090376
v 2.21103597 16.70670700 -1.35535717
v 2.11893010 16.63251495 -1.60463035
v 2.05383420 16.71642113 -1.35216057
v 2.18225718 16.76116943 -1.08399093
v 2.30637503 16.75023079 -1.11372626
v 2.42911863 16.75442696 -1.14350116
v 2.37691855 16.71299744 -1.35442638
v 2.32722640 16.63663101 -1.57668054
v 2.47070265 15.55077076 -1.28862739
v 2.53102899 15.50123692 -1.01794183
v 2.37961292 15.64131069 -1.56835389
v 2.49617600 15.72953129 -1.56605422
v 2.57346964 15.67120361 -1.31065452
v 2.63326335 15.64433765 -1.06534731
v 2.38445854 16.20820618 0.28795514
v 2.35700989 16.40604591 0.19562121
v 2.42820764 16.01326180 0.32417756
v 2.53047442 16.08504486 0.25814229
v 2.50916195 16.27009010 0.22574392
v 2.49902964 16.45714760 0.13603555
v 2.39810443 16.71577644 -0.26653093
v 2.41604519 16.74950790 -0.47134826
v 2.30381012 16.76043129 -0.40701982
v 2.27390909 16.71645546 -0.20612343
v 2.37118316 16.65246391 -0.06758475
v 2.51370883 16.67800140 -0.13715525
v 2.52184606 16.73071671 -0.34098789
v 2.52149224 16.75717735 -0.54632515
v 2.56642270 15.63304996 -0.08064485
v 2.52814031 15.76152897 0.13216612
v 2.58936715 15.53067207 -0.30916825
v 2.70328736 15.67371845 -0.38582700
v 2.65893698 15.75437927 -0.15343094
v 2.60112977 15.85846519 0.06561648
v 2.35503483 16.55167580 0.08178695
v 2.50332427 16.58996391 0.01846088
v 2.25347018 15.77847767 -1.79417944
v 2.14047432 15.95713520 -1.94238544
v 2.34114909 15.97632217 -1.93260300
v 2.41153979 15.83093071 -1.78546393
v 2.47908521 15.87631798 0.26967743
v 2.55971956 15.95826149 0.20378701
v 2.40525126 16.76154900 -0.63833302
v 2.38009000 16.76274490 -0.78640163
v 2.26942086 16.77558899 -0.73429316
v 2.29603481 16.77528954 -0.57810843
v 2.50640321 16.76644516 -0.70645529
v 2.48394656 16.76711655 -0.84398186
v 2.56488156 15.48709011 -0.81923920
v 2.58207107 15.49063587 -0.65652800
v 2.66540074 15.63732719 -0.87621498
v 2.68428683 15.64050388 -0.71764958
v 2.08882499 16.17214394 -1.98925281
v 2.07614970 16.37740135 -1.94174218
v 2.29722071 16.36096954 -1.91371381
v 2.30659318 16.16662788 -1.97119045
v 2.08007646 16.52680206 -1.80681324
v 2.30237937 16.51846313 -1.77266002
v 2.59240818 15.49418163 -0.49381685
v 2.70432639 15.64419746 -0.56404340
v 2.35492873 16.76394081 -0.93447024
v 2.24280715 16.77588654 -0.89047790
v 2.46148992 16.76778793 -0.98150843
v 0.27327168 11.89244366 1.34524453
v 0.42265275 12.09270096 1.36625051
v 0.55763185 12.36392498 1.37415051
v 0.55942565 13.01245975 -1.32982886
v 0.63050395 13.29766178 -1.12346673
v 0.64826196 13.48095417 -1.07175589
v 0.62985086 13.61882973 -1.09751904
v 0.59242189 13.76778030 -1.12357879
v 0.56752175 13.94836998 -1.18877864
v 0.58669716 14.18116474 -1.33196235
v 0.64631867 14.43297100 -1.51128328
v 0.74275678 14.67059612 -1.68489408
v 0.84319669 14.87269688 -1.83219457
v 1.02926421 15.17121410 -2.05898523
v 0.97204387 15.11465168 -2.00265145
v 1.07307339 15.25168705 -2.10438299
v 1.09006000 15.42013931 -2.14164162
v 1.09523296 15.68105412 -2.14363241
v 1.10360146 16.03891563 -2.08322501
v 1.11114955 16.37722778 -1.98317146
v 1.11386144 16.57949257 -1.86622322
v 1.09876215 16.69355965 -1.76221812
v 0.91677964 16.87438202 -1.62132370
v 0.98821330 16.82083130 -1.66115844
v 0.81837684 16.96109581 -1.53447700
v 0.67280573 17.11413956 -1.35360563
v 0.51271075 17.29575348 -1.15001857
v 0.37073618 17.46817780 -0.99502391
v 0.26997149 17.60756874 -0.90456647
v 0.22487473 17.79824638 -0.95512229
v 0.22919044 17.74416542 -0.92485666
v 0.23525804 17.88554382 -0.99733436
v 0.27503932 18.03927803 -1.06343937
v 0.32275629 18.24302864 -1.13376760
v 0.35694665 18.48038292 -1.18864918
v 0.40683347 18.71425056 -1.15499866
v 0.50163954 18.90754890 -0.95973057
v 0.58959711 19.04141235 -0.69740492
v 0.61893702 18.96389008 0.60720402
v 0.61896646 19.03217888 0.43083233
v 0.61899340 19.08704185 0.03508207
v 0.61898607 19.09582520 -0.05711530
v 0.61899525 19.07695770 0.14094445
v 0.61893833 19.09697723 -0.46258181
v 0.61896491 19.10709381 -0.27372867
v 0.61898607 19.06427002 0.27413684
v 0.61897874 19.10460854 -0.14931267
v 0.91482353 15.01793098 -1.93258405
v 0.50178492 15.07093716 1.31580377
v 0.50489986 14.87989902 1.29185629
v 0.50196230 15.21021461 1.34215522
v 0.37181848 18.69120979 1.12996686
v 0.37712362 18.45740891 1.24622285
v 0.36780557 18.21004105 1.31641376
v 0.34210765 17.93371773 1.33244133
v 0.29827321 17.61305428 1.28620672
v 0.25752515 17.35893631 1.17253220
v 0.24108651 17.28225327 0.98623973
v 0.23680258 17.30620193 0.76363820
v 0.23319876 17.31602097 0.34166861
v 0.24630320 17.20560074 0.34354731
v 0.23054671 17.37433624 0.37989396
v 0.27568841 17.06963730 0.30271658
v 0.31675339 16.93536186 0.28015167
v 0.36489722 16.83000565 0.33682790
v 0.41658047 16.75750542 0.42602405
v 0.51960045 16.57025337 0.68976402
v 0.51776487 16.36798859 0.85269582
v 0.50693953 16.67526054 0.58215225
v 0.51295143 16.02967644 1.09978914
v 0.50768316 15.68395615 1.32031453
v 0.50448310 15.45946884 1.40354240
v 0.50281429 15.33072090 1.40439928
v 0.50213969 15.27222252 1.37781203
v 0.51459956 14.66261101 1.26341200
v 0.51810193 14.42507648 1.23930252
v 0.50262499 14.17330074 1.22835910
v 0.49100864 13.94727898 1.23164093
v 0.16267690 12.45828247 -1.68133986
v 0.42710513 12.84891319 1.35144925
v 0.48762786 13.05919838 1.32157743
v 0.51849234 13.34142208 1.29753804
v 0.52341020 13.61191463 1.27514350
v 0.50609303 13.78700924 1.25020671
v 3.11689186 8.77682877 -0.64974093
v 3.08081913 8.81101131 -0.74348396
v 3.13247371 8.74429512 -0.56820196
v 1.28054714 8.56500912 -0.63367778
v 1.28622866 8.52911758 -0.52394551
v 1.28717780 8.58776379 -0.71230608
v 2.04548144 8.80599594 -1.25512409
v 1.86602974 8.78156948 -1.22289634
v 2.22859645 8.82645226 -1.25925934
v 1.29380834 8.61051941 -0.79093444
v 1.32387733 8.63827324 -0.87793666
v 2.17301917 8.26025295 0.38260776
v 2.35688043 8.27588177 0.40224174
v 1.98867488 8.26294613 0.33099782
v 2.42140555 8.84454346 -1.23306239
v 2.60554242 8.86049652 -1.17707658
v 1.40082312 8.67602444 -0.98168641
v 1.52186203 8.71628475 -1.08353078
v 2.55270863 8.31410599 0.37207055
v 2.72131371 8.36371899 0.31571132
v 1.31653428 8.46695328 -0.35200527
v 1.37706041 8.39945221 -0.15705064
v 2.82350659 8.41351700 0.25678107
v 2.90868402 8.46753502 0.17658812
v 1.47340298 8.34755135 0.02172501
v 1.61002707 8.30853462 0.16794713
v 3.14805579 8.71176147 -0.48666307
v 3.15928674 8.67698479 -0.38532880
v 3.02624273 8.52980900 0.05644086
v 3.12701058 8.58998775 -0.08883254
v 1.79139757 8.27968597 0.26524118
v 2.76264071 8.87453747 -1.09184504
v 2.89471126 8.87456894 -0.98436546
v 3.00376487 8.84849262 -0.86163527
v 1.68421030 8.75156593 -1.16481638
v 3.16181493 8.63772011 -0.24440385
v 0.46826375 16.72180176 0.50101888
v 0.30140972 16.72408676 0.50303179
v 0.63359892 16.71953583 0.49429354
v 1.05287671 16.76728249 -1.70099318
v 1.27750492 16.75932884 -1.69140720
v 0.83748877 16.76803589 -1.70244372
v 0.62210071 16.76879120 -1.70389426
v 0.40473408 16.76955223 -1.70535839
v 0.13151807 16.72641373 0.49561992
v -0.03989244 16.72758865 0.48955780
v 2.16376090 16.81647110 -0.57909435
v 2.17080283 16.80060768 -0.41397351
v 2.13776612 16.81647110 -0.73151517
v 2.11177158 16.81647110 -0.88393599
v 2.05317378 16.80284119 -1.07265186
v 1.52061367 16.73697853 -1.66555059
v 1.74897695 16.72844696 -1.56565630
v 2.13993907 16.75301552 -0.22345276
v 2.05614352 16.70758820 -0.04457124
v 0.79893410 16.71727180 0.48756832
v 1.01723373 16.71455383 0.44635594
v 1.34146190 16.71093369 0.33616948
v 1.67078984 16.70571709 0.20119834
v 1.92936969 16.76195145 -1.33395779
v 0.18341014 16.77032852 -1.70684898
v -0.03989244 16.77071953 -1.70760083
v 1.90438867 16.69821167 0.08563196
v 2.52742648 16.71548462 -1.36024702
v 2.50839758 16.63734055 -1.57761538
v 2.55407953 16.75816154 -1.15495884
v 2.61448264 16.78116798 -0.72916263
v 2.59516311 16.77787590 -0.86317515
v 2.63413548 16.77277565 -0.57131732
v 2.74139786 15.75962734 -1.33353269
v 2.78816700 15.73050690 -1.10172474
v 2.68375421 15.81359291 -1.56667030
v 2.81556845 15.72438812 -0.89982957
v 2.83443284 15.73080349 -0.72280926
v 2.66839862 16.32009125 0.20500700
v 2.66974449 16.49776649 0.11617382
v 2.67268157 16.14187241 0.23281035
v 2.54159760 16.17881393 -1.95938587
v 2.57258821 16.01239014 -1.91539049
v 2.52311683 16.35802460 -1.90973353
v 2.65445471 16.74101067 -0.36580673
v 2.66920710 16.68733788 -0.16034527
v 2.50950575 16.51452827 -1.77162707
v 2.79230785 15.84353733 -0.18006100
v 2.72322631 15.93621731 0.02623968
v 2.85092139 15.77010632 -0.39560202
v 2.85559011 15.73928547 -0.56562579
v 2.67215872 16.61321831 -0.00264767
v 2.57584357 16.77458382 -0.99718767
v 2.62372899 15.89424801 -1.77255428
v 2.68715429 16.02478981 0.16854237
v 12.32348156 16.13498878 -1.32958829
v 12.36590195 16.17094803 -1.38801312
v 12.27411461 16.14795685 -1.30597889
v 12.23806953 16.09498787 -1.29290843
v 12.28963661 16.08388710 -1.31483698
v 12.33434200 16.10352898 -1.68596578
v 12.29305840 16.06334877 -1.67708814
v 12.24451065 16.07220650 -1.70488727
v 12.28903484 16.11139488 -1.71509600
v 12.37585258 16.14351845 -1.65032864
v 12.28472519 16.03640556 -1.67090356
v 12.29465675 16.01896477 -1.62306356
v 12.23489952 16.04559326 -1.69880152
v 12.29640102 16.03951645 -1.31090188
v 12.24457359 16.05102921 -1.28524363
v 12.31287670 16.01095772 -1.35621774
v 12.38486576 16.16989136 -1.52296877
v 12.30816841 16.00729561 -1.48922002
v 12.36554337 16.03426361 -0.97824079
v 12.34593201 16.09698105 -0.98660707
v 12.29609489 16.10822487 -0.97531366
v 12.31394577 16.04463196 -0.96345621
v 12.38703728 15.98695278 -1.00453091
v 12.32765675 16.13523483 -1.28251290
v 12.29432869 16.08383369 -1.26947689
v 12.37233829 16.17679787 -1.25413728
v 12.30210209 16.04074669 -1.26131356
v 12.33291245 16.00695229 -1.22067451
v 12.36991978 16.14672089 -0.98489594
v 12.39998913 16.17926025 -1.01981354
v 12.32286835 16.15957069 -0.97275603
v 12.39862251 16.19038010 -1.13806570
v 12.36869144 15.98343468 -1.11021113
v 12.36355400 16.03336906 -0.94513518
v 12.34773064 15.98759747 -0.89370215
v 12.34678841 16.09735870 -0.95722222
v 12.39050198 16.20688248 -0.86728489
v 12.40073395 16.18294907 -0.92068899
v 12.34444427 16.21017456 -0.80387086
v 12.26503372 16.18436813 -0.74465948
v 12.17766094 16.13902855 -0.69622093
v 12.10772610 16.08372307 -0.66512537
v 12.10620403 16.03083992 -0.68338573
v 12.22407722 15.99277592 -0.78301513
v 12.37267303 16.14682961 -0.94987071
v 12.06694221 16.13167381 -1.91772723
v 12.02636242 16.08837700 -1.92280495
v 12.14218998 16.16170692 -1.88474035
v 12.00742912 16.05265045 -1.90254557
v 12.03927612 16.02762413 -1.85814214
v 12.34992027 16.09466934 -1.72961128
v 12.35971546 16.13134956 -1.75900269
v 12.30528164 16.05818558 -1.71930933
v 12.15103245 16.01642799 -1.79078722
v 12.26296520 16.01829910 -1.73225188
v 12.26512718 16.15764618 -1.82127237
v 12.29533863 16.03247452 -1.71430779
v 9.48713303 16.37768745 -1.53296411
v 9.48842144 16.36287117 -1.60792840
v 9.33191109 16.38640213 -1.61846638
v 9.33045769 16.40077209 -1.53921080
v 9.32432747 16.41047859 -1.45048761
v 9.48239517 16.38773727 -1.44853795
v 9.63055038 16.36642265 -1.44671059
v 9.63398361 16.35605049 -1.52710915
v 9.63511658 16.34081459 -1.59805131
v 9.45596600 15.88099861 -1.11481309
v 9.44858932 15.90341377 -1.02074885
v 9.28443623 15.88359070 -1.00098109
v 9.29389191 15.85997772 -1.09983313
v 9.29832268 15.85070896 -1.19715548
v 9.45915031 15.87206364 -1.20741832
v 9.60988998 15.89207935 -1.21703768
v 9.60787582 15.90070152 -1.12885368
v 9.60244560 15.92199326 -1.03927672
v 9.41223717 16.21905899 -0.84164023
v 9.41923332 16.28395653 -0.91169930
v 9.24189949 16.30154610 -0.88585281
v 9.23519993 16.22817421 -0.81095183
v 9.23415089 16.14953613 -0.76238519
v 9.40964699 16.14969063 -0.79622245
v 9.57413673 16.14983559 -0.82793754
v 9.57817268 16.21051598 -0.87040395
v 9.58544445 16.26746941 -0.93592483
v 9.45063686 16.01510811 -1.77918983
v 9.44779682 15.95576572 -1.68774962
v 9.28736019 15.94220066 -1.70196843
v 9.29033279 16.00751877 -1.79804945
v 9.29428196 16.08134651 -1.85174894
v 9.45450306 16.08093452 -1.83030438
v 9.60467720 16.08054733 -1.81020474
v 9.60088921 16.02222252 -1.76151323
v 9.59817219 15.96847916 -1.67442274
v 9.45987892 16.39036942 -1.16738570
v 9.47084427 16.39267159 -1.27271712
v 9.30899048 16.41662407 -1.26571035
v 9.29362869 16.41488838 -1.15499496
v 9.27514076 16.39964294 -1.04754090
v 9.44630814 16.37545776 -1.06515574
v 9.60674095 16.35279083 -1.08166575
v 9.61570358 16.36738777 -1.17899942
v 9.62254620 16.37021828 -1.27928448
v 9.43167496 16.33803749 -0.98306561
v 9.25655556 16.36028290 -0.96127129
v 9.59581184 16.31718826 -1.00349307
v 9.46233463 15.86312866 -1.30002367
v 9.30275536 15.84144020 -1.29447782
v 9.30295658 15.84772682 -1.40919077
v 9.46192265 15.86869526 -1.40917373
v 9.61091900 15.88834953 -1.40915787
v 9.61190605 15.88345623 -1.30522168
v 9.45106316 16.15287971 -1.84566379
v 9.28987980 16.16395187 -1.86788774
v 9.28721237 16.24110222 -1.84895587
v 9.44946480 16.22105026 -1.82720029
v 9.60154152 16.20225525 -1.80680907
v 9.60213852 16.14250183 -1.82483339
v 9.45885849 16.27555084 -1.77684653
v 9.29636765 16.29856300 -1.79744291
v 9.31081009 16.33959007 -1.73387718
v 9.47229004 16.31650925 -1.71547759
v 9.62364292 16.29487419 -1.69823194
v 9.61115837 16.25398254 -1.75754166
v 9.47765732 16.39226341 -1.36411178
v 9.31819725 16.41545868 -1.36176443
v 9.62711620 16.37052155 -1.36631203
v 9.41041946 16.08219719 -0.79878008
v 9.23644447 16.07500839 -0.76596957
v 9.24555016 16.00399208 -0.81407458
v 9.41724777 16.01656723 -0.84329927
v 9.57817745 16.02835464 -0.87069118
v 9.57348251 16.08893585 -0.82953280
v 9.45431805 15.90326786 -1.55141330
v 9.29469681 15.88512516 -1.55868471
v 9.60392857 15.92027283 -1.54459798
v 9.48280907 16.34404564 -1.66396892
v 9.32401085 16.36743927 -1.67878675
v 9.63164902 16.32212067 -1.65008032
v 9.43282700 15.95278835 -0.92376655
v 9.26493454 15.93589115 -0.89907008
v 9.59018898 15.96862602 -0.94691420
v 10.93575478 16.30908203 -1.45364916
v 10.92505169 16.28788757 -1.53232288
v 10.93930912 16.32578468 -1.37760663
v 10.76153851 15.86383915 -1.04940593
v 10.76771355 15.86863708 -0.94443339
v 10.74327087 15.86470318 -1.16525400
v 10.90287971 16.26538086 -1.62572443
v 10.87221527 16.23252487 -1.70919752
v 10.72541618 15.89922619 -1.53801262
v 10.72511768 15.87931633 -1.42282259
v 10.73539257 15.93089104 -1.63776708
v 10.74836540 16.00853920 -0.71649462
v 10.78762817 16.10201263 -0.70516086
v 10.72517586 15.92169380 -0.76929098
v 10.74360943 15.88149071 -0.84816617
v 10.92598534 16.33417511 -1.09599423
v 10.93617821 16.33724976 -1.19795144
v 10.90719604 16.31444550 -0.99590707
v 10.75844383 15.97663307 -1.72013497
v 10.78176975 16.02733231 -1.77487493
v 10.81741714 16.16209412 -0.75067335
v 10.84497643 16.20999146 -0.82681549
v 10.87754822 16.26691246 -0.90737045
v 10.73110104 15.86883545 -1.29414809
v 10.79257011 16.07387161 -1.79174542
v 10.80570602 16.12270355 -1.78229833
v 10.83604050 16.18027496 -1.75808573
v 10.94003487 16.33481216 -1.29209805
v 10.26754951 16.29042816 -1.49809468
v 10.26527786 16.27234077 -1.55959058
v 10.26935005 16.30390358 -1.42892838
v 10.22536564 15.94551086 -1.15406537
v 10.22482300 15.96239853 -1.07691848
v 10.22328758 15.93691540 -1.23237610
v 10.21903706 15.99538898 -0.99723583
v 10.21663284 16.04109001 -0.93200910
v 10.26315403 16.25411987 -1.60578191
v 10.25747871 16.22774315 -1.64807105
v 10.21490288 15.95453358 -1.52156341
v 10.21859360 15.93130016 -1.40985608
v 10.21383286 15.99016476 -1.62605691
v 10.27412224 16.30330086 -1.19842517
v 10.27115822 16.30696487 -1.28479052
v 10.27455235 16.28910637 -1.11452770
v 10.21908188 16.02985764 -1.69872141
v 10.22545147 16.06901932 -1.74077475
v 10.24996281 16.18485260 -0.93391049
v 10.25854874 16.21722031 -0.98905039
v 10.23996735 16.14813614 -0.89812183
v 10.26805305 16.25619316 -1.04699612
v 10.22120857 15.92880344 -1.31554985
v 10.22774506 16.10306168 -1.75343537
v 10.23207474 16.13933372 -1.73852372
v 10.24455261 16.18518829 -1.69786024
v 10.27006054 16.30829048 -1.35972595
v 10.22623253 16.09610939 -0.89822960
v 9.76118183 16.33730888 -1.52203774
v 9.76218033 16.32170868 -1.58949590
v 9.75887871 16.34795952 -1.44512784
v 9.73945618 15.91776752 -1.14101529
v 9.73571396 15.93808746 -1.05532527
v 9.74045944 15.90941525 -1.22536981
v 9.72190094 16.20311546 -0.89531851
v 9.72941399 16.25318909 -0.95690852
v 9.71661472 16.14995956 -0.85540849
v 9.73103333 16.02838326 -1.74620199
v 9.72842407 15.97949123 -1.66287935
v 9.73475456 16.08021164 -1.79279482
v 9.75067520 16.34748268 -1.18905878
v 9.75394821 16.35077286 -1.28497291
v 9.74570560 16.33315468 -1.09596634
v 9.73798370 16.29912949 -1.02118707
v 9.74146175 15.90106392 -1.30972421
v 9.73997688 15.90537262 -1.40914404
v 9.73299599 16.13351059 -1.80679059
v 9.73326778 16.18597603 -1.78914666
v 9.74307823 16.23530197 -1.74082041
v 9.75474072 16.27613640 -1.68329418
v 9.75657463 16.35169029 -1.36821771
v 9.71472454 16.09477234 -0.85617024
v 9.71757126 16.03856468 -0.89441746
v 9.73351860 15.93500137 -1.53869462
v 9.76057053 16.30312920 -1.63805032
v 9.72649384 15.98234463 -0.96696419
v 8.59951019 15.86892033 -0.80118781
v 8.56504154 15.95415115 -0.69824523
v 8.63383293 15.80502415 -0.92263395
v 8.91659546 15.83917046 -0.95668477
v 8.88871384 15.89802647 -0.84372890
v 8.86080074 15.97581291 -0.74858642
v 8.69462585 16.46015549 -1.73751605
v 8.67080212 16.43107033 -1.80680227
v 8.71159554 16.47967148 -1.66023290
v 8.98119450 16.43913460 -1.64208055
v 8.96816540 16.41986084 -1.71199143
v 8.94895935 16.39131165 -1.77510786
v 8.66205215 15.81322002 -1.58750439
v 8.67290878 15.76461983 -1.40925801
v 8.65148354 15.88844013 -1.75832236
v 8.92784500 15.91180515 -1.73383009
v 8.93700886 15.84447098 -1.57497895
v 8.94673729 15.80073929 -1.40922880
v 8.54691315 16.04651451 -0.63592827
v 8.53858757 16.14892578 -0.62827450
v 8.84659386 16.05889893 -0.69244617
v 8.84088993 16.14919090 -0.68656105
v 8.68619537 16.50739670 -1.35246038
v 8.69784164 16.50061417 -1.45821464
v 8.66750050 16.51156425 -1.23793948
v 8.94630146 16.47030258 -1.25000906
v 8.96087265 16.46743965 -1.35650396
v 8.97012138 16.46143913 -1.45485628
v 8.65234947 16.38976669 -1.87907493
v 8.64413929 16.32057762 -1.93518186
v 8.93224907 16.35012817 -1.84359646
v 8.92362881 16.28603745 -1.89770675
v 8.65104485 16.20783806 -1.95597100
v 8.65925884 16.08298111 -1.93674254
v 8.92869186 16.18876457 -1.91768861
v 8.93524933 16.08226967 -1.89980316
v 8.67027760 15.75548077 -1.27249730
v 8.66090202 15.76607323 -1.15647924
v 8.94516182 15.79284000 -1.28205037
v 8.93793488 15.80285645 -1.17415774
v 8.56248665 16.44844627 -0.87489146
v 8.59673309 16.49549484 -0.97772640
v 8.53905582 16.37126541 -0.78341246
v 8.84452248 16.34096527 -0.82793456
v 8.86413956 16.41012955 -0.91243345
v 8.89157963 16.45383644 -1.00806880
v 8.63470840 16.51206589 -1.10588515
v 8.92108536 16.46983147 -1.12722898
v 8.65497875 15.97743797 -1.87279749
v 8.93111229 15.99051094 -1.84031093
v 8.53352928 16.26429939 -0.68932134
v 8.83848572 16.24859810 -0.74218380
v 8.65152550 15.77666473 -1.04046118
v 8.93070793 15.81287384 -1.06626511
v 8.70948792 16.49226379 -1.56396890
v 8.97937107 16.45249939 -1.55320871
v 9.09704304 15.91899395 -0.87437356
v 9.07385254 15.99141693 -0.78484994
v 9.12028313 15.86376762 -0.98121351
v 9.16521168 16.39083290 -1.69360471
v 9.14933205 16.36267090 -1.75227690
v 9.17539978 16.40993500 -1.62900448
v 9.13507557 15.86698341 -1.56595612
v 9.14399052 15.82675838 -1.40920770
v 9.12692261 15.92863655 -1.71618688
v 9.06247044 16.06781960 -0.73315912
v 9.05865479 16.14938164 -0.72854805
v 9.15873814 16.43865585 -1.35941696
v 9.16625977 16.43322182 -1.45243716
v 9.14713764 16.44057846 -1.25870359
v 9.13387680 16.32157516 -1.81803942
v 9.12495995 16.26115608 -1.87071133
v 9.12869644 16.17502594 -1.89011192
v 9.13406086 16.08175850 -1.87319362
v 9.14317608 15.81975174 -1.28893197
v 9.13749695 15.82935524 -1.18689263
v 9.08143616 16.38252640 -0.93947703
v 9.10397243 16.42382622 -1.02992606
v 9.06456566 16.31913757 -0.86000633
v 9.12737751 16.43940735 -1.14260411
v 9.13002777 15.99992943 -1.81690896
v 9.05816269 16.23728943 -0.78026354
v 9.13181686 15.83895779 -1.08485305
v 9.17378235 16.42385674 -1.54545760
v 0.23251864 17.35397911 0.54103673
v 0.15524696 17.34502792 0.59621364
v 0.30167109 17.36285019 0.48204079
v 0.23350614 17.69008636 -0.89459109
v 0.31232417 17.68482399 -0.86135989
v 0.16798568 17.69095993 -0.91676831
v 0.10646176 17.69183540 -0.92937559
v 0.05096396 17.69271851 -0.93502092
v 0.06173686 17.33591080 0.64727753
v -0.03989244 17.33131218 0.67178118
v 0.68481326 17.56577492 -0.34289885
v 0.68520582 17.55293846 -0.27337739
v 0.68381476 17.57932663 -0.41138378
v 0.54304248 17.42372704 0.23779543
v 0.44845456 17.38915825 0.34194735
v 0.62494880 17.46297455 0.12031873
v 0.37082356 17.37172127 0.41952008
v 0.60413730 17.63379478 -0.66312367
v 0.66264725 17.61516380 -0.56852973
v 0.51769793 17.65232468 -0.75145471
v 0.00352184 17.69361687 -0.93631220
v -0.03989244 17.69407082 -0.93586934
v 0.66453511 17.49444580 0.00277166
v 0.67871106 17.51912880 -0.10572398
v 0.68281621 17.59639740 -0.48560521
v 0.41374087 17.67078590 -0.81559062
v 0.68438661 17.53800774 -0.19604638
v -3.56418872 16.74358368 -1.58748591
v -3.25747466 16.74221039 -1.52266335
v -3.24923158 16.67421150 -1.69033611
v -3.55902505 16.67695999 -1.74124551
v -3.90343308 16.65426445 -1.77796960
v -3.91672683 16.71809006 -1.63042331
v -3.92315030 16.76380348 -1.46664083
v -3.55498743 16.78705406 -1.41750848
v -3.24985766 16.78032303 -1.34117901
v -3.82257986 15.93888187 -1.55071414
v -3.51637626 15.90190411 -1.47017419
v -3.65289330 15.84799480 -1.24400640
v -3.98238754 15.87853813 -1.31776011
v -4.30367327 15.90785217 -1.38067198
v -4.14396524 15.97385788 -1.61403191
v -4.02241850 16.05260086 -1.82632744
v -3.68755889 16.01665497 -1.76865506
v -3.38653684 15.97680950 -1.68638718
v -3.62829041 16.37323761 0.09392990
v -3.31420946 16.38291359 0.14544968
v -3.31499362 16.53328705 0.07738638
v -3.63752317 16.51834869 0.03525390
v -4.00479746 16.48550606 -0.05350181
v -3.98565125 16.35337067 -0.00040594
v -3.98794961 16.22776222 -0.02068155
v -3.63531089 16.23301506 0.08037274
v -3.32331729 16.23397446 0.14615123
v -3.58950019 16.77411079 -0.52054465
v -3.27543879 16.77128029 -0.44119719
v -3.25369525 16.80194664 -0.67883885
v -3.57528567 16.80124474 -0.74743354
v -3.97232175 16.76958656 -0.82147098
v -3.97757316 16.74604988 -0.62108058
v -3.98381639 16.69476700 -0.40905160
v -3.60523891 16.72082901 -0.28821921
v -3.29558778 16.71751022 -0.20408918
v -3.95009017 15.96119976 -0.38297528
v -3.58733082 15.95965385 -0.33914447
v -3.44087911 16.04677582 -0.10963049
v -3.80336022 16.04729652 -0.15793177
v -4.17409468 16.04272652 -0.22080848
v -4.31127787 15.95313835 -0.42849433
v -4.42603350 15.87789536 -0.65516424
v -4.07578421 15.88986397 -0.61893803
v -3.71843553 15.88877964 -0.57262295
v -3.62554288 16.63489342 -0.09754108
v -3.30877948 16.64149857 -0.03517729
v -3.99853826 16.60361290 -0.20478785
v -3.67353797 16.10177231 -1.90977073
v -3.34364033 16.05465126 -1.83885205
v -4.03069735 16.14442444 -1.95709276
v -4.05171871 16.25205803 -2.01699519
v -3.67719412 16.20648766 -1.98215365
v -3.32210064 16.15263557 -1.92793143
v -3.69605064 16.13113403 -0.00353179
v -3.35920787 16.13007355 0.05662962
v -4.05854177 16.12924004 -0.08950996
v -3.55955410 16.80874252 -0.92180216
v -3.23572016 16.80864334 -0.84935153
v -3.22780538 16.80312729 -0.99622041
v -3.54851532 16.80626869 -1.07652438
v -3.94628644 16.77779770 -1.14629924
v -3.96057534 16.77750397 -0.99081892
v -4.92381620 16.09988213 -0.32990250
v -4.66556501 16.13727570 -0.31753191
v -4.65085840 16.22697830 -0.29248077
v -4.90540600 16.19516182 -0.29900476
v -5.17009687 16.15135193 -0.27091160
v -5.19944429 16.04720497 -0.31547278
v -5.23469830 15.95165157 -0.42579025
v -4.96402645 16.00020599 -0.42390677
v -4.71950960 16.03592491 -0.40199149
v -4.95955181 16.55849457 -1.07540607
v -4.81250286 16.59426689 -1.07310796
v -4.80355549 16.59608650 -1.19910014
v -4.95007277 16.56065178 -1.20112526
v -5.10137272 16.56011772 -1.21438980
v -5.11256218 16.55764771 -1.08288026
v -5.11414003 16.55098343 -0.94771016
v -4.95855665 16.55331802 -0.94834059
v -4.80972767 16.58968163 -0.94426209
v -4.79868364 16.46383095 -1.86560833
v -4.55703688 16.46515656 -1.85395837
v -4.56168890 16.39137077 -1.89838600
v -4.82153463 16.39702225 -1.93598461
v -5.08733606 16.42277908 -1.98863506
v -5.05256605 16.48588562 -1.89494944
v -5.03840876 16.52082825 -1.77601385
v -4.80316114 16.51585960 -1.76558208
v -4.58703423 16.53437042 -1.77553594
v -4.85670328 16.32083321 -1.99224710
v -4.58807945 16.33496857 -1.94186640
v -4.61636066 16.27221298 -1.95602059
v -4.89397383 16.23289490 -2.01139402
v -5.18762732 16.18578339 -2.07880998
v -5.13708830 16.31314659 -2.05611444
v -5.10834217 15.82180977 -1.28076756
v -4.92222643 15.86156273 -1.24368596
v -4.98341227 15.81101608 -1.07259643
v -5.15106487 15.79092979 -1.09035850
v -5.34568071 15.76483631 -1.11212480
v -5.32241535 15.77202034 -1.31749296
v -5.29786110 15.80155277 -1.53786230
v -5.05518961 15.87292576 -1.48798692
v -4.83536386 15.93129921 -1.43196154
v -4.87718153 16.45208740 -0.52775574
v -4.69966221 16.46805191 -0.49891856
v -4.75540876 16.54116821 -0.66330761
v -4.91343641 16.50977135 -0.68032330
v -5.07813025 16.50597572 -0.65919518
v -5.06966257 16.45730019 -0.51343012
v -5.08154249 16.38166046 -0.38744268
v -4.85639715 16.37555695 -0.39606506
v -4.65223074 16.38127518 -0.36267057
v -4.87436914 16.28848457 -0.32043684
v -4.64118814 16.30461502 -0.30069241
v -5.12290812 16.27125740 -0.30075240
v -4.92312956 16.13084793 -1.97042370
v -4.62668610 16.17937279 -1.91246915
v -4.65445328 16.08091927 -1.80636430
v -4.95533991 16.02925491 -1.86580181
v -5.25275183 15.96431446 -1.93071032
v -5.22475863 16.06948662 -2.03814292
v -4.94187307 16.54029465 -0.81858224
v -4.79139709 16.57684708 -0.80970871
v -5.09780979 16.53548050 -0.80521846
v -4.07076979 15.84571075 -1.13160551
v -3.71582389 15.83314610 -1.06167746
v -3.73845267 15.84075451 -0.90374738
v -4.10940790 15.83732605 -0.96885055
v -4.46571302 15.82557011 -1.01375973
v -4.40987921 15.85423660 -1.18671334
v -3.59520459 16.34305000 -1.99389625
v -3.25633097 16.28797722 -1.95398808
v -3.96839952 16.37823105 -2.01670194
v -3.87669635 16.49771118 -1.97003460
v -3.51463199 16.48129845 -1.95253992
v -3.20212317 16.43492317 -1.91955113
v -3.52253914 16.59106827 -1.86562657
v -3.21526933 16.56772423 -1.82714951
v -3.87256503 16.58526230 -1.89081526
v -6.25444937 16.29087830 -2.04752302
v -5.83787298 16.29374123 -2.04945779
v -5.85388327 16.14671135 -2.07335830
v -6.26055670 16.14711761 -2.07004714
v -6.63267040 16.14909935 -2.07520986
v -6.62898302 16.28398514 -2.05415201
v -6.63017082 16.40395546 -2.01134419
v -6.25473118 16.41764259 -2.00219464
v -5.82772446 16.42307663 -1.99788523
v -6.42019606 15.72892189 -1.41897047
v -6.01516438 15.72194862 -1.37030077
v -6.03235197 15.72228146 -1.20213401
v -6.43718910 15.72865486 -1.27248669
v -6.78792524 15.74890232 -1.33172023
v -6.77146626 15.74999332 -1.46307588
v -6.74369621 15.77224255 -1.60791886
v -6.38996315 15.75112438 -1.57343936
v -5.98643112 15.74395943 -1.54335749
v -6.36876726 16.43968010 -0.68158776
v -5.89061689 16.44904327 -0.56581420
v -5.92141676 16.51443100 -0.69146365
v -6.40173292 16.50530243 -0.79477781
v -6.79629755 16.48646545 -0.91034359
v -6.76393270 16.42268181 -0.80892599
v -6.74413776 16.32864380 -0.72991973
v -6.35335493 16.34263229 -0.59707963
v -5.88241434 16.35218430 -0.47096780
v -6.36322832 16.21209717 -0.52267420
v -5.90057611 16.22020912 -0.39029127
v -6.75198460 16.20470238 -0.66035843
v -6.76717520 16.07711029 -0.63157052
v -6.37904453 16.07654381 -0.49188164
v -5.92446470 16.08240128 -0.35761729
v -6.26287317 16.02160072 -2.03178144
v -5.86402893 16.01850128 -2.03275466
v -5.88528109 15.90714169 -1.92428446
v -6.28067732 15.91230297 -1.92955744
v -6.64737177 15.92834091 -1.94343591
v -6.63297987 16.03149414 -2.03943539
v -6.44452238 16.54155922 -0.95522892
v -5.97104502 16.55199623 -0.86454958
v -6.01249218 16.57049179 -1.04554343
v -6.47754097 16.55857658 -1.12475824
v -6.84494352 16.53397560 -1.19242144
v -6.82615757 16.51964569 -1.04713893
v -6.42417574 15.79608917 -0.78090245
v -6.00084925 15.79418850 -0.65833992
v -5.95105791 15.87327480 -0.51470828
v -6.38999796 15.87215996 -0.64133054
v -6.77318382 15.88538170 -0.77247775
v -6.79300308 15.81256962 -0.90652692
v -6.80976868 15.76345444 -1.05510437
v -6.45517635 15.74518013 -0.94199497
v -6.04596186 15.74067402 -0.82839012
v -6.37241316 16.55856323 -1.79614556
v -5.91806078 16.56698990 -1.75662231
v -5.86400652 16.53940582 -1.88684225
v -6.30935955 16.53297806 -1.91679358
v -6.67848635 16.51706123 -1.92891908
v -6.73870945 16.53918648 -1.81569541
v -6.79638052 16.54806519 -1.67875481
v -6.43194008 16.57120705 -1.64966869
v -5.97089243 16.58181190 -1.60247040
v -6.33324862 15.81719780 -1.76020586
v -5.93460989 15.81065941 -1.74458539
v -6.69330406 15.83680725 -1.78381789
v -5.00177431 15.94267654 -1.69399405
v -4.73505926 16.00132370 -1.63285804
v -5.27588034 15.87032700 -1.75310910
v -4.84997797 16.54771805 -1.62036943
v -4.66459417 16.57706642 -1.63007081
v -5.05049610 16.54596138 -1.63278461
v -5.07269430 16.56034660 -1.48337531
v -4.90531015 16.56282806 -1.46308529
v -4.74579573 16.59767151 -1.46433294
v -5.06046391 15.89369106 -0.59179425
v -4.84689522 15.92334843 -0.57200468
v -5.29960537 15.85752773 -0.59321851
v -5.35552025 15.78721809 -0.77837616
v -5.15092087 15.81077290 -0.77995592
v -4.96889591 15.83305740 -0.76621306
v -7.04017258 16.49253654 -1.09783721
v -7.05275774 16.50408173 -1.21999121
v -7.18948364 16.49482727 -1.22451186
v -7.17671537 16.48499107 -1.11377847
v -7.14890862 16.45313072 -1.01005852
v -7.01328897 16.46067429 -0.98397344
v -7.01082468 15.83098316 -0.96846336
v -6.99214792 15.89710522 -0.85130125
v -7.16695356 15.89897633 -0.86639494
v -7.19496965 15.83515358 -0.97147673
v -7.21652508 15.79154778 -1.08820343
v -7.02522516 15.78616428 -1.09782302
v -6.95062637 16.51573563 -1.82221198
v -6.89762354 16.49597740 -1.93410945
v -7.05730677 16.48475456 -1.92318702
v -7.10170078 16.50542641 -1.81461787
v -7.14987183 16.50855637 -1.68696463
v -7.00460100 16.51983833 -1.68845010
v -6.92767143 15.85933685 -1.79628193
v -6.96539497 15.79839611 -1.62056029
v -7.17052603 15.80209923 -1.60784161
v -7.14019823 15.86027050 -1.78756857
v -7.11130095 15.94101810 -1.95190251
v -6.89385843 15.94406891 -1.95610046
v -6.98493052 15.97458076 -0.76056534
v -6.76940775 15.97211552 -0.67488462
v -6.97665787 16.06822395 -0.71825665
v -7.12896013 16.06211090 -0.73502648
v -7.14899969 15.97302341 -0.77825683
v -7.05008078 16.51058388 -1.33733988
v -6.84408474 16.54120636 -1.31930065
v -6.83340502 16.54488945 -1.43697834
v -7.03977251 16.51456642 -1.45228601
v -7.17983484 16.50385284 -1.45291829
v -7.18817759 16.50040436 -1.33802104
v -6.87567472 16.45029449 -1.98973441
v -6.64448929 16.47681618 -1.98186755
v -6.87253141 16.37414932 -2.02243233
v -7.05658054 16.35268593 -2.02535868
v -7.04701996 16.43339348 -1.98508453
v -6.87594366 16.26300049 -2.06554842
v -6.88095427 16.14220810 -2.08611751
v -7.08698320 16.12895775 -2.08694863
v -7.07172823 16.24398422 -2.06905794
v -6.98838043 15.77671051 -1.47777772
v -7.00399733 15.77465343 -1.35146475
v -7.20217276 15.77986050 -1.33752251
v -7.18925047 15.78156948 -1.46376860
v -6.27158403 16.49217415 -1.97204733
v -5.83516550 16.49819946 -1.95547163
v -6.48119402 16.56648254 -1.26518297
v -6.01874733 16.57867813 -1.19491708
v -6.00740576 16.58170509 -1.32848060
v -6.47016478 16.56983566 -1.39105546
v -6.38146067 15.96443844 -0.53821200
v -5.93344450 15.96805096 -0.40677848
v -7.93478251 16.57045364 -1.07823145
v -7.55592394 16.56340599 -1.08236527
v -7.58113050 16.57333755 -1.22036815
v -7.96798182 16.57567787 -1.22136176
v -8.39356709 16.55110741 -1.22691643
v -8.35635662 16.55073357 -1.08680773
v -8.31406116 16.53156853 -0.95006317
v -7.89883518 16.54481888 -0.93624383
v -7.52816057 16.53178978 -0.94448191
v -8.06102180 15.80159378 -0.79740357
v -7.76714325 15.78634548 -0.85048819
v -7.70933437 15.87259007 -0.72466046
v -8.00702000 15.89332867 -0.67480391
v -8.31681824 15.92660046 -0.66369492
v -8.35990524 15.83550072 -0.77599710
v -8.40125084 15.76814556 -0.90595359
v -8.10874844 15.73535061 -0.93353641
v -7.81493902 15.72559738 -0.98608416
v -7.97410154 16.53339005 -1.76403403
v -7.55768204 16.54506302 -1.76969671
v -7.52519751 16.51199532 -1.85093307
v -7.94395828 16.50046539 -1.84052277
v -8.39040375 16.47107887 -1.83329535
v -8.41843987 16.50142860 -1.75869238
v -8.43992615 16.52151871 -1.67520595
v -8.00015259 16.55465698 -1.67874479
v -7.58951378 16.56444740 -1.67859650
v -8.09935379 15.76223373 -1.64695299
v -7.76865816 15.76776600 -1.69471264
v -7.81623793 15.70731354 -1.51159525
v -8.13430977 15.70405769 -1.45974457
v -8.44203949 15.72889423 -1.42189634
v -8.42451477 15.78266335 -1.60950494
v -8.40566635 15.86596489 -1.78875864
v -8.05887032 15.85180378 -1.82423413
v -7.71317053 15.85903168 -1.86597145
v -7.96802139 15.99760818 -0.58634025
v -7.66311598 15.97296810 -0.62491173
v -7.61703396 16.09094429 -0.58115292
v -7.93403864 16.11800575 -0.55666441
v -8.27500343 16.14104462 -0.57715386
v -8.29123688 16.02722931 -0.59132105
v -7.98500586 16.57428360 -1.34532046
v -7.59165192 16.57550049 -1.34274113
v -7.59482908 16.57377815 -1.45729947
v -7.99394226 16.56958199 -1.45969343
v -8.42652988 16.54018021 -1.46049833
v -8.41419411 16.54689026 -1.34837103
v -7.92895603 16.45527077 -1.91879940
v -7.51474810 16.46333694 -1.92808080
v -7.53108072 16.38086128 -1.99071455
v -7.93558931 16.37586212 -1.98172593
v -8.36755562 16.35408401 -1.96817541
v -8.37182045 16.42873383 -1.90922570
v -7.97035170 16.24029922 -2.01216531
v -7.57894230 16.24633217 -2.02841020
v -7.63447762 16.09646797 -2.02774334
v -8.01090145 16.08831787 -2.00135708
v -8.39971733 16.08472061 -1.97394848
v -8.38247490 16.22682381 -1.99183702
v -8.14170170 15.69038677 -1.31365621
v -7.83185244 15.69079971 -1.36670148
v -7.83148384 15.69625568 -1.24091935
v -8.13531017 15.69896793 -1.18812788
v -8.43145752 15.72833252 -1.15431631
v -8.44131279 15.71791553 -1.27734268
v -6.88260603 16.03712845 -2.05117345
v -7.09686804 16.02927399 -2.04979634
v -6.95481586 16.18284416 -0.74637640
v -6.94506598 16.29799080 -0.81432301
v -7.07659531 16.28309631 -0.83593774
v -7.09468651 16.17105484 -0.76466841
v -6.97307158 16.39321327 -0.89149529
v -7.10510254 16.38147736 -0.91758966
v -10.05733299 16.00761032 -1.00389373
v -9.93192863 15.99499035 -0.98544711
v -9.92585564 16.04797554 -0.91628939
v -10.05410194 16.05736923 -0.93811822
v -10.17874146 16.05799103 -0.94749457
v -10.18034554 16.01086044 -1.01144350
v -10.18311882 15.97379208 -1.09026814
v -10.06096268 15.96772957 -1.08488441
v -9.93835258 15.95292282 -1.07011938
v -10.07781315 16.26814842 -1.61589253
v -9.95920181 16.28562164 -1.62696052
v -9.95537758 16.25886154 -1.66952372
v -10.07599068 16.24162102 -1.65578043
v -10.20155716 16.22953987 -1.64698827
v -10.20334244 16.25591278 -1.60783637
v -10.20166016 16.27419662 -1.56626940
v -10.07600212 16.28652000 -1.57373810
v -9.95909882 16.30409813 -1.58160925
v -10.05199051 15.96213055 -1.52782130
v -9.93276405 15.94857979 -1.53325260
v -9.93873310 15.92106628 -1.40913129
v -10.05746937 15.93672848 -1.40911865
v -10.17700577 15.94319439 -1.40929675
v -10.17221832 15.96700001 -1.52354383
v -10.16934967 16.00243187 -1.63242269
v -10.04811668 15.99977398 -1.64161777
v -9.92828083 15.98964310 -1.65223813
v -10.05466080 16.10552406 -0.90523297
v -9.92471313 16.10015297 -0.88072574
v -9.92774200 16.15007591 -0.88073254
v -10.05882645 16.15019035 -0.90600657
v -10.18953514 16.14973450 -0.91666001
v -10.18240929 16.10585213 -0.91572362
v -10.07480431 16.31700325 -1.37172806
v -9.95569897 16.33432961 -1.36997461
v -9.95696068 16.33094025 -1.44366872
v -10.07502747 16.31395340 -1.44221258
v -10.20252895 16.30295563 -1.43816411
v -10.20305824 16.30616951 -1.36960340
v -10.20494080 16.30401802 -1.29539979
v -10.07575703 16.31495285 -1.29545069
v -9.95486355 16.33284569 -1.29021692
v -10.06584167 16.20089149 -1.71002173
v -9.94447136 16.21807861 -1.72540593
v -9.93448257 16.17096901 -1.77286458
v -10.05567551 16.15599060 -1.75661469
v -10.18025684 16.14434624 -1.74397516
v -10.19108963 16.18837929 -1.69929695
v -10.05380440 16.11695290 -1.77355814
v -9.93341064 16.12522507 -1.79015791
v -9.93444920 16.07990456 -1.77674556
v -10.05412388 16.07959557 -1.76072800
v -10.17667961 16.07679749 -1.74773872
v -10.17737198 16.10935020 -1.76023567
v -10.05987072 15.93349552 -1.31801724
v -9.94067574 15.91729641 -1.31387496
v -9.94060707 15.92539787 -1.23305058
v -10.06073380 15.94134808 -1.24071634
v -10.18132210 15.94820690 -1.24246025
v -10.17969036 15.94041443 -1.31946957
v -10.07962990 16.26586723 -1.05377698
v -9.94882774 16.28248215 -1.03749812
v -9.95359325 16.31505585 -1.10914946
v -10.08144379 16.29699135 -1.12230647
v -10.21352959 16.28599739 -1.12693381
v -10.21201897 16.25514793 -1.06021309
v -10.20652390 16.21790504 -1.00357413
v -10.07437134 16.22688484 -0.99555779
v -9.94191456 16.24002266 -0.97625220
v -8.03489685 15.95965958 -1.94054115
v -7.67383242 15.96798325 -1.97528958
v -8.40242481 15.96554184 -1.90824795
v -7.89508057 16.25809479 -0.61042798
v -7.55963326 16.22998810 -0.62329489
v -7.51568794 16.36342239 -0.71563417
v -7.86897945 16.38978195 -0.70949090
v -8.25728607 16.39316368 -0.73955840
v -8.25995636 16.27169800 -0.63947111
v -7.87356567 16.48497581 -0.81571335
v -7.50997257 16.46457672 -0.82246739
v -8.27817917 16.47941589 -0.83870131
v -10.07906151 16.31081772 -1.20758724
v -9.95488358 16.32913208 -1.19833207
v -10.20980072 16.29979134 -1.20991969
v -10.05052757 16.03973198 -1.71800053
v -9.93078995 16.03406334 -1.73208737
v -10.17242146 16.04009628 -1.70614421
v -10.06641579 16.18948555 -0.94120795
v -9.93418121 16.19629288 -0.91828585
v -10.19830132 16.18492699 -0.95083332
v -10.54929352 16.06652832 -0.83520526
v -10.42760658 16.08132553 -0.86673033
v -10.44977570 16.14596367 -0.86497438
v -10.57990646 16.14379120 -0.83179986
v -10.71687508 16.13225937 -0.78354609
v -10.67987633 16.04463005 -0.78975874
v -10.65217590 15.95986462 -0.83543962
v -10.52499390 15.98972416 -0.87613052
v -10.41065979 16.01541710 -0.90408117
v -10.66220665 16.32549858 -1.33219600
v -10.50596142 16.31689072 -1.34596658
v -10.50535583 16.31082726 -1.41709423
v -10.66170597 16.31775665 -1.40525031
v -10.82925987 16.32322884 -1.39241505
v -10.82976341 16.33213234 -1.31528342
v -10.82633686 16.33432579 -1.23127127
v -10.66001892 16.32674980 -1.25298750
v -10.50541782 16.31685257 -1.26889551
v -10.59905434 16.18812370 -1.70428038
v -10.46163940 16.18665504 -1.70106912
v -10.44702721 16.13763809 -1.73666549
v -10.58230495 16.13594055 -1.73480606
v -10.72576809 16.13178253 -1.74574888
v -10.74698257 16.18689728 -1.71933794
v -10.77278900 16.23563576 -1.67540526
v -10.61904716 16.23443985 -1.66012144
v -10.47809792 16.23109055 -1.65409374
v -10.57464886 16.09179306 -1.74635112
v -10.44103432 16.09742928 -1.74989462
v -10.43684387 16.05874825 -1.73682189
v -10.56856060 16.04846764 -1.73286581
v -10.70769405 16.03804207 -1.74138916
v -10.71590900 16.08449364 -1.75592709
v -10.54528236 15.88701725 -1.30232799
v -10.42308807 15.90791893 -1.30894172
v -10.42545128 15.91654015 -1.21637118
v -10.54792976 15.89614868 -1.20035326
v -10.67797565 15.87808704 -1.18356621
v -10.67280483 15.87201691 -1.29697478
v -10.66983509 15.87611198 -1.41459930
v -10.54315376 15.88911724 -1.41135728
v -10.42071533 15.91021729 -1.41060638
v -10.62313080 16.27005196 -1.00087130
v -10.48542786 16.26311874 -1.02394319
v -10.49956417 16.29927254 -1.09359670
v -10.64491081 16.30944633 -1.07264841
v -10.80313110 16.31578636 -1.04298472
v -10.77556038 16.27273560 -0.96595550
v -10.74848270 16.22234344 -0.89685100
v -10.60182190 16.22414970 -0.93742019
v -10.47002411 16.22068405 -0.96324575
v -10.59241486 16.18919563 -0.87346721
v -10.46102715 16.18702316 -0.90370113
v -10.73433208 16.18350792 -0.82764560
v -10.55651665 15.99875546 -1.68830013
v -10.42763901 16.01431274 -1.69351280
v -10.41945362 15.97042561 -1.62110376
v -10.54539299 15.95067120 -1.61614680
v -10.67583466 15.93584442 -1.61907232
v -10.69141006 15.98544312 -1.69365144
v -10.65573025 16.32487297 -1.16157937
v -10.50475693 16.31408119 -1.18000984
v -10.81875706 16.33259583 -1.13596416
v -11.42242908 16.33621979 -1.23945498
v -11.22112370 16.33551598 -1.26577652
v -11.22006702 16.32688332 -1.36181164
v -11.42104149 16.32798004 -1.34601653
v -11.62511253 16.32640266 -1.33653224
v -11.62732124 16.33424950 -1.21823430
v -11.62431431 16.33667564 -1.08602285
v -11.41852188 16.33844376 -1.11970830
v -11.21724129 16.33784676 -1.15882981
v -11.27442551 16.16164017 -1.85927105
v -11.09512520 16.17095757 -1.80867827
v -11.05334377 16.11116219 -1.83165109
v -11.22119713 16.09962273 -1.88100386
v -11.39635754 16.09720421 -1.91952336
v -11.45461273 16.15890884 -1.89899540
v -11.52315903 16.22004890 -1.83055210
v -11.33589172 16.22199249 -1.79528999
v -11.14394569 16.22725868 -1.75224376
v -11.20042896 16.04931068 -1.88962436
v -11.03639221 16.06159210 -1.84068489
v -11.02277756 16.01648331 -1.82084191
v -11.18400002 16.00563240 -1.86680889
v -11.35437870 16.00637436 -1.90385234
v -11.37324619 16.04800606 -1.92769265
v -11.09760380 15.87429047 -1.29102075
v -10.95424461 15.87156296 -1.29258442
v -10.97565269 15.85365772 -1.14617944
v -11.12825012 15.84261227 -1.12710476
v -11.30298233 15.85328007 -1.12682843
v -11.26815128 15.89176369 -1.29898584
v -11.25140476 15.92314434 -1.45914936
v -11.08342552 15.90193176 -1.44425082
v -10.94416428 15.89062405 -1.43353665
v -11.35022163 16.24676132 -0.76653099
v -11.15377808 16.25683594 -0.83695066
v -11.18364811 16.30926514 -0.94012249
v -11.38031387 16.30408478 -0.88433790
v -11.58549881 16.30186653 -0.84049976
v -11.55418301 16.24447250 -0.72040343
v -11.50537872 16.17071724 -0.60964596
v -11.30693626 16.17473984 -0.65727806
v -11.11584854 16.19236565 -0.74204683
v -11.24389267 16.10354042 -0.56557798
v -11.07054710 16.13281631 -0.65812570
v -11.42878723 16.09425926 -0.51692003
v -11.37606907 15.98432446 -0.43219590
v -11.18205452 16.02280426 -0.51825887
v -11.02473450 16.06240845 -0.61170983
v -11.14379025 15.96351528 -1.79423428
v -10.99100876 15.97007370 -1.75718462
v -10.95897102 15.93087387 -1.66434646
v -11.10276508 15.93085766 -1.69092572
v -11.26408482 15.93969250 -1.72018003
v -11.30885220 15.96737099 -1.82835114
v -11.40378189 16.33118820 -1.00169981
v -11.20477581 16.33268166 -1.04884696
v -11.60962486 16.32924080 -0.96124208
v -11.17453480 15.80284214 -0.70070827
v -10.99896431 15.84216690 -0.77443725
v -10.97054672 15.87936783 -0.69041348
v -11.13613319 15.83704185 -0.61153597
v -11.30812931 15.79074574 -0.53173715
v -11.35211468 15.75952244 -0.62636441
v -11.44129276 15.77927876 -0.74697405
v -11.20556259 15.80198097 -0.81591088
v -11.02653027 15.83530903 -0.88017219
v -10.54206467 15.91222954 -1.51989818
v -10.41832542 15.93339062 -1.52073109
v -10.66974354 15.89839458 -1.52401006
v -10.63643837 16.26098442 -1.60767615
v -10.48962879 16.25755119 -1.60672867
v -10.79642963 16.26379967 -1.61266220
v -10.81486225 16.28299522 -1.54019248
v -10.64985657 16.27910805 -1.54701209
v -10.49739742 16.27572250 -1.55330396
v -10.53142738 15.94568634 -0.94702226
v -10.41507721 15.97054768 -0.97213930
v -10.66261768 15.91720200 -0.90974462
v -10.68288612 15.89867115 -0.99831766
v -10.54711437 15.92212009 -1.03144836
v -10.42581081 15.94226742 -1.05419266
v -7.26894426 16.41767120 -0.87550324
v -7.29935884 16.48903084 -0.98299080
v -7.25918102 16.31638336 -0.78041232
v -7.29456377 16.19387245 -0.69917482
v -7.34554625 16.07099915 -0.66496605
v -7.36088324 15.99870682 -2.01810479
v -7.39085913 15.90072060 -1.91519368
v -7.33233118 16.11186218 -2.06188226
v -7.49238825 15.73706341 -1.42174101
v -7.49922037 15.73847389 -1.29569578
v -7.47455931 15.75586605 -1.56624043
v -7.29273129 16.24299431 -2.05202651
v -7.25708723 16.36402893 -2.01002240
v -7.24040699 16.44689178 -1.95735455
v -7.24807262 16.49842644 -1.88697481
v -7.34737206 16.53645897 -1.34006476
v -7.34415627 16.53772926 -1.45481515
v -7.34361982 16.53215027 -1.22302783
v -7.38258505 15.96862888 -0.71096140
v -7.41766405 15.88263893 -0.80635279
v -7.43473387 15.81509590 -1.74764836
v -7.28546715 16.52547073 -1.79183531
v -7.32546473 16.53625298 -1.68250823
v -7.46276760 15.80890274 -0.92033213
v -7.49864674 15.75784397 -1.04429841
v -7.32593298 16.52176666 -1.10141766
v -12.06044769 15.66471672 -0.24407534
v -11.74627113 15.74503326 -0.31055561
v -11.79820347 15.81082153 -0.32024309
v -12.10564804 15.73331356 -0.26396933
v -12.28536034 15.66665077 -0.26065370
v -12.32297134 15.59933662 -0.22783752
v -12.23004723 15.56227493 -0.27104712
v -12.02874184 15.59095097 -0.29121965
v -11.72251034 15.67101574 -0.36909506
v -11.89920998 16.00116920 -1.38599801
v -11.72066593 15.98519230 -1.35928142
v -11.73961067 15.96611214 -1.21261835
v -11.91021156 15.99070740 -1.24579144
v -12.05143356 15.99908066 -1.26703191
v -12.04338551 16.00519371 -1.41346753
v -12.01885509 16.00963783 -1.56613243
v -11.88103580 16.00972748 -1.53421879
v -11.70493889 16.00101662 -1.50909376
v -12.02867889 16.03867340 -0.74808210
v -11.85183430 16.04042625 -0.68982702
v -11.79056168 16.09466553 -0.60747504
v -11.94691277 16.08492279 -0.65676975
v -12.07574081 16.05480003 -0.68140215
v -12.18495941 16.01528931 -0.78106427
v -12.35056400 15.99314308 -0.94706416
v -12.10614014 16.00672340 -0.86690110
v -11.92013359 15.99858284 -0.80305511
v -12.12536907 16.24295425 -0.75653791
v -11.97448444 16.26459694 -0.74465400
v -12.01727676 16.30078316 -0.81611633
v -12.18445969 16.27308083 -0.81879842
v -12.31739998 16.23777390 -0.81818777
v -12.24306870 16.21036720 -0.75703275
v -12.15833855 16.16447067 -0.70743644
v -12.05079460 16.19604874 -0.70673066
v -11.91184807 16.21283722 -0.68578655
v -12.06734276 15.99416637 -0.94796032
v -11.90121365 15.97627068 -0.88006365
v -12.18116093 15.99213791 -1.02426672
v -12.08105564 15.99195385 -1.06283355
v -11.98616600 15.99140835 -1.02293229
v -11.84040356 15.96626568 -0.95795292
v -11.97279739 16.14037704 -0.65823025
v -11.83055305 16.15416527 -0.62309414
v -12.08471584 16.10857010 -0.66954297
v -11.81362247 16.02612877 -1.86632442
v -11.67821980 16.01812744 -1.87169218
v -11.65154076 15.99384594 -1.78465497
v -11.79701996 16.00590134 -1.79970741
v -11.89175034 16.01190567 -1.78249884
v -11.92755604 16.02481651 -1.82720280
v -11.98278618 16.04385185 -1.85819495
v -11.84846020 16.05690765 -1.90052152
v -11.71833897 16.05471420 -1.92255330
v -12.21600723 16.27841568 -0.90465891
v -12.03903770 16.31273842 -0.91659319
v -12.04547691 16.31131363 -1.04387414
v -12.22583389 16.27244949 -1.02062082
v -12.39669609 16.21536636 -0.98197627
v -12.35983086 16.23820114 -0.89075744
v -12.09186554 16.22797966 -1.76908827
v -11.93974495 16.25586891 -1.72947025
v -11.86039734 16.22595978 -1.86110020
v -11.99193192 16.21353340 -1.86984396
v -12.10826111 16.19095421 -1.87741232
v -12.22570992 16.19211578 -1.80462229
v -12.36040115 16.17004013 -1.70963871
v -12.17920876 16.23377419 -1.63633358
v -12.00720024 16.27498817 -1.57847500
v -11.14238739 15.92216682 -0.54214889
v -10.98526859 15.96535301 -0.62932175
v -11.31153107 15.87370110 -0.45843017
v -11.08389473 15.91555882 -1.57590842
v -10.94454765 15.90739250 -1.55696058
v -11.24749184 15.93203545 -1.59833026
v -11.38137436 16.26730728 -1.65992546
v -11.18201923 16.26634407 -1.64282489
v -11.57713699 16.26756477 -1.67863655
v -11.61224174 16.30041695 -1.51704466
v -11.40974998 16.29867363 -1.51553321
v -11.20729256 16.29327965 -1.52392817
v -12.40955734 15.57450104 -0.30750042
v -12.29331207 15.52650070 -0.32597235
v -12.36474228 15.66244030 -0.32435426
v -12.30040359 15.65240097 -0.41155532
v -12.33508301 15.58960438 -0.42248905
v -12.24976349 15.55868244 -0.41234824
v -12.03966999 15.56746197 -0.38911843
v -11.75201225 15.64537144 -0.47227809
v -12.07448387 15.58743191 -0.48153389
v -11.80681419 15.66132832 -0.56282675
v -12.11442852 15.64403915 -0.51222837
v -11.85895729 15.71211433 -0.58346331
v -12.14087677 15.70581627 -0.47588459
v -11.88292694 15.77113056 -0.53587288
v -12.13520432 15.74129391 -0.36718532
v -11.85321617 15.81177616 -0.42174083
v -11.65104294 15.87460041 -0.47376776
v -11.57496166 15.93495941 -0.53372151
v -11.65820122 15.88196278 -0.64653945
v -11.71241760 15.82639599 -0.58831745
v -11.56033707 15.88120747 -0.37847382
v -11.68003082 15.76813698 -0.64293849
v -11.62050915 15.82845974 -0.70726967
v -11.60381794 15.72151184 -0.63222986
v -11.53371620 15.70821190 -0.55079049
v -11.49294662 15.73650837 -0.45009550
v -11.50473022 15.81467533 -0.38161981
v -12.16786861 16.01580429 -1.44899976
v -12.18092537 16.00915527 -1.27970409
v -12.30795860 16.01985168 -1.28255653
v -12.28020763 16.02062798 -1.47883654
v -12.26462269 16.03164673 -1.67871737
v -12.13214588 16.02008820 -1.61317503
v -12.04288578 16.02294922 -1.74103129
v -11.95429325 16.00980377 -1.70569146
v -12.12604713 16.03019333 -1.77369308
v -12.73315334 16.08159828 -0.88083065
v -12.57174873 16.11775208 -0.91848177
v -12.54667664 16.07187462 -0.93002886
v -12.70507050 16.03926277 -0.89142984
v -12.87137413 16.00023270 -0.85209042
v -12.90414047 16.03961945 -0.84321529
v -12.91913128 16.06943130 -0.81641144
v -12.75165558 16.11277199 -0.85131025
v -12.59574699 16.15109444 -0.88685262
v -12.68474770 15.94761944 -1.48862779
v -12.51487541 15.98116970 -1.48940063
v -12.52006149 15.98401165 -1.37746429
v -12.69057369 15.95006943 -1.39182115
v -12.86742496 15.91205120 -1.40111876
v -12.86112976 15.90970802 -1.48770595
v -12.84688282 15.92296124 -1.57075930
v -12.67051888 15.96110821 -1.58277571
v -12.50105667 15.99407196 -1.60019255
v -12.60626793 15.98392963 -1.73292840
v -12.49069595 16.00820160 -1.72361803
v -12.50049782 16.03272629 -1.72704279
v -12.61592960 16.00726700 -1.73477626
v -12.73544312 15.97709084 -1.74202847
v -12.72607327 15.95487118 -1.74140942
v -12.69359016 15.94102287 -1.76243937
v -12.57338047 15.96975517 -1.75297499
v -12.45806503 15.99402714 -1.74261355
v -12.55026817 15.94012356 -0.74425495
v -12.41556835 15.96857452 -0.76654279
v -12.30609131 16.00613594 -0.67204231
v -12.46448326 15.97378540 -0.65669435
v -12.63706303 15.93662167 -0.64063036
v -12.69643593 15.90756893 -0.72183305
v -12.77717590 15.90740871 -0.80540198
v -12.65040779 15.93724346 -0.83766580
v -12.53272343 15.96345997 -0.87014359
v -12.72699833 16.10291290 -1.50921428
v -12.57684231 16.14033127 -1.51726604
v -12.56870842 16.11803627 -1.62372386
v -12.72004223 16.08446693 -1.60355842
v -12.88621140 16.04340553 -1.58960795
v -12.89288330 16.05877113 -1.50214624
v -12.88366508 16.05246735 -1.40754080
v -12.71498871 16.09847450 -1.40706480
v -12.56085205 16.13857841 -1.40269756
v -12.56866932 16.09010506 -1.83568799
v -12.45678997 16.12387657 -1.82848012
v -12.33437920 16.12912369 -1.89194822
v -12.44678497 16.09654045 -1.89915609
v -12.56710625 16.06137085 -1.90621901
v -12.68592644 16.05432129 -1.84388340
v -12.78001308 16.03125763 -1.78197515
v -12.66431046 16.06618309 -1.77341831
v -12.55190468 16.09876633 -1.76621056
v -11.86695385 16.08860016 -1.92240584
v -11.73903370 16.08945274 -1.94134307
v -11.97410679 16.07377434 -1.90390682
v -11.99355412 16.11049080 -1.92074871
v -11.88689613 16.12590790 -1.92899632
v -11.75985909 16.12872314 -1.93754077
v -11.92608261 16.17353058 -1.91731119
v -11.80037498 16.17890167 -1.92062497
v -12.03457451 16.15664864 -1.91401935
v -12.21976089 16.26866913 -1.17318535
v -12.04230785 16.30736160 -1.19574881
v -12.03562927 16.30033112 -1.34411097
v -12.20963287 16.26211166 -1.33853948
v -12.36338234 16.21017265 -1.32314444
v -12.36678314 16.22496796 -1.15034950
v -11.83323193 16.00586891 -1.68056381
v -11.67117310 15.99602222 -1.65733695
v -11.45958900 15.96513367 -1.62769938
v -11.47681904 15.96416473 -1.48241735
v -11.46045303 15.96623230 -1.75478458
v -11.83938694 16.32692528 -1.20721531
v -11.83538246 16.31947327 -1.33966935
v -11.83913612 16.33017731 -1.06320977
v -11.63657379 16.16934395 -1.91698337
v -11.58612919 16.11302948 -1.93637609
v -11.70106697 16.22475243 -1.85024595
v -11.56362247 16.06865501 -1.94401884
v -11.54306889 16.03030205 -1.92304873
v -11.76571560 16.26640701 -1.70056891
v -11.81480122 16.29486275 -1.53836858
v -11.82914352 16.32638550 -0.93416369
v -11.80772114 16.30557060 -0.82055461
v -11.49847984 15.99205875 -1.85660243
v -11.63677788 16.12496376 -0.55604142
v -11.71852875 16.19390488 -0.63628685
v -11.59774494 16.05749130 -0.53150463
v -11.72325325 15.90943623 -0.79307240
v -11.74912930 15.94817734 -0.72385997
v -11.64785385 15.88765335 -0.86939126
v -11.77318001 16.25775909 -0.72286010
v -11.67124462 15.99804497 -0.61205739
v -11.49307537 15.93872738 -1.32600844
v -11.52198410 15.90737534 -1.16414857
v -11.57717133 15.88865852 -1.00251305
v -11.36114693 15.82307816 -0.95166582
v -11.78302956 15.96134090 -1.07382345
v -11.83260536 16.31066895 -1.43406141
v -11.62415981 16.31757736 -1.41957283
v -12.03154373 16.28967476 -1.46085405
v -12.20729065 16.24781609 -1.49286973
v -12.35370636 16.20219040 -1.51770806
v -12.73997593 15.93173599 -1.10707033
v -12.57527924 15.95991802 -1.10921097
v -12.58913136 15.96413040 -1.01519668
v -12.74799347 15.93803024 -1.02076530
v -12.91168404 15.90748882 -1.02219594
v -12.90939331 15.89919376 -1.10308218
v -12.88893986 15.91488361 -1.18453050
v -12.71364403 15.95108891 -1.19482279
v -12.54360867 15.98239422 -1.20602584
v -12.73225403 16.12115860 -1.13010824
v -12.58883095 16.15805817 -1.13257253
v -12.56834602 16.14511108 -1.23687994
v -12.71929932 16.10780144 -1.22196150
v -12.88658333 16.06545639 -1.20853639
v -12.89326191 16.07939529 -1.12764311
v -12.88580990 16.07226753 -1.04117155
v -12.72882271 16.11280632 -1.03394306
v -12.58810997 16.14815903 -1.02522516
v -12.20218945 15.99919987 -1.13648725
v -12.06654930 15.99390411 -1.14616084
v -12.33297634 15.99796677 -1.11699510
v -11.93649292 15.98885441 -1.12348938
v -7.34094095 16.53899956 -1.56956553
v -7.17149115 16.50730133 -1.56781542
v -7.59800625 16.57205582 -1.57185757
v -7.50605202 15.73988438 -1.16965067
v -7.21509504 15.77815151 -1.21127641
v -7.83111620 15.70171070 -1.11513746
v -11.17718506 15.81687355 -0.96338898
v -11.00925446 15.84035587 -1.00639737
v -11.41989326 16.31718063 -1.42446983
v -11.21771622 16.31313133 -1.43905950
v -10.55057812 15.90672874 -1.11297607
v -10.42781448 15.92612743 -1.13352907
v -10.68467045 15.88630295 -1.08680260
v -10.65793419 16.30016136 -1.47819614
v -10.50257111 16.29529381 -1.48814940
v -10.82504940 16.30482674 -1.46708083
v -10.06159687 15.94920063 -1.16341543
v -9.94053936 15.93349934 -1.15222645
v -10.18295479 15.95612049 -1.16666687
v -10.07524967 16.30279160 -1.51269698
v -9.95822334 16.32003403 -1.51736283
v -10.20172596 16.29108810 -1.50671577
v -8.12891865 15.70754910 -1.06259954
v -8.42160320 15.73874950 -1.03128994
v -8.00287819 16.56488037 -1.57406640
v -8.43886566 16.53308105 -1.57262576
v -6.45913506 16.57318687 -1.51692808
v -5.99606371 16.58473396 -1.46204400
v -6.82272482 16.54857063 -1.55465603
v -7.01961422 15.77259541 -1.22515166
v -6.80438471 15.74781036 -1.19628263
v -7.02946424 16.51855087 -1.56723201
v -6.45418167 15.72838879 -1.10967565
v -6.04954004 15.72261429 -1.01557600
v -4.11998463 15.85030842 -0.80609554
v -3.75406647 15.85422325 -0.75077659
v -4.47430468 15.83441448 -0.84341472
v -5.17318916 15.78188515 -0.93478262
v -5.00668478 15.79856300 -0.92325789
v -5.36379719 15.76311207 -0.94188219
v -4.93533373 16.56461906 -1.32684433
v -4.78671789 16.60061646 -1.32509232
v -5.08886814 16.56304169 -1.34589922
v -3.54837799 16.80349541 -1.24447393
v -3.23624301 16.79715729 -1.16293037
v -3.93340755 16.77846909 -1.30508637
v -12.94403172 16.03474998 -0.63169104
v -12.78267288 16.07721901 -0.65864539
v -12.85993767 16.10033226 -0.71489692
v -13.01485729 16.05291176 -0.68615097
v -13.19129467 15.99495220 -0.65643817
v -13.12811375 15.98029804 -0.60363740
v -13.05953026 15.94639874 -0.56870240
v -12.86901760 15.99695492 -0.59420830
v -12.70181465 16.03479004 -0.61795622
v -13.00217342 15.89975834 -1.36445427
v -12.85414505 15.94118786 -1.35666275
v -12.84427261 15.98308468 -1.34552979
v -12.99534321 15.93829918 -1.35254264
v -13.16986656 15.88303280 -1.36257815
v -13.16899109 15.84933186 -1.37306070
v -13.17541218 15.82601166 -1.41276312
v -13.01384354 15.87287807 -1.40718699
v -12.46196175 15.96788406 -1.80940771
v -12.34638977 15.99215603 -1.80009747
v -12.58471966 15.93919468 -1.81762815
v -12.47641754 15.95013332 -1.87980807
v -12.35097408 15.97907925 -1.87360907
v -12.23501682 16.00335121 -1.86587560
v -12.65767002 16.03662682 -1.74402690
v -12.54368782 16.06564713 -1.73681903
v -12.77497101 16.00403214 -1.75178695
v -12.31938457 16.00410652 -1.91696119
v -12.20329952 16.02837944 -1.90975344
v -12.44563961 15.97458458 -1.92181110
v -12.46271038 16.00667953 -1.94173789
v -12.33726501 16.03745842 -1.93722057
v -12.22170639 16.06291771 -1.93001282
v -12.37469101 16.07363129 -1.93214297
v -12.26070881 16.10265160 -1.92493510
v -12.49794960 16.04055023 -1.93768883
v -12.63976288 15.99934673 -1.93991089
v -12.60792255 15.96526241 -1.94087434
v -12.77034760 15.91734600 -1.93942559
v -12.79918194 15.95253754 -1.94154799
v -12.85742378 15.97596550 -1.91917968
v -12.70326424 16.02102661 -1.91299188
v -13.05217743 15.99307537 -0.81193382
v -13.01521206 15.95549393 -0.82267588
v -13.17919636 15.89987278 -0.79448259
v -13.21926117 15.93585300 -0.78119159
v -13.23958778 15.96537495 -0.75204402
v -13.06906128 16.02250862 -0.78450638
v -12.67595768 15.97984028 -1.34740901
v -12.50438118 16.01339149 -1.33328986
v -12.49638367 16.05767059 -1.33179653
v -12.66631031 16.02347183 -1.34032094
v -12.65992641 15.97915459 -1.61921191
v -12.49084282 16.01192284 -1.64093375
v -12.83630943 15.94061852 -1.60461390
v -12.83821869 15.96718311 -1.61228919
v -12.66333103 16.00622368 -1.62612927
v -12.49706841 16.03891945 -1.64710462
v -12.69109440 16.04678345 -1.63172078
v -12.53256989 16.07926178 -1.65418565
v -12.86142159 16.00716209 -1.61680484
v -12.68703938 16.06750488 -1.35548663
v -12.52462006 16.10521317 -1.34790349
v -12.86078644 16.02370834 -1.35891223
v -13.02078629 15.90875340 -0.98486084
v -12.88336372 15.94885349 -0.98671585
v -12.85718346 16.00174904 -0.98289448
v -12.99908161 15.95698071 -0.98024672
v -13.17767715 15.89318466 -0.97729772
v -13.18885422 15.85158253 -0.98189372
v -13.21031761 15.82002831 -1.01591361
v -13.04847717 15.87134552 -1.02044749
v -13.01612186 15.97566032 -1.36475432
v -13.04244995 16.00238991 -1.41055131
v -13.23053360 15.94270706 -1.41799819
v -13.19842529 15.91743088 -1.37453842
v -12.70775318 16.08450127 -0.99483812
v -12.56195641 16.11834335 -0.99076521
v -12.86589050 16.04463577 -0.99698418
v -12.69625664 16.03987694 -0.98806685
v -12.54340172 16.07155609 -0.99091929
v -12.68514633 15.98349571 -1.23102760
v -12.51380539 16.01584244 -1.24220920
v -12.86277390 15.94547176 -1.22169685
v -12.84859657 15.98559570 -1.23278284
v -12.67187309 16.02483368 -1.24051881
v -12.50363922 16.05794525 -1.25014579
v -12.69121552 16.07098198 -1.24813092
v -12.53088474 16.10638618 -1.26222026
v -12.86411476 16.02989006 -1.23598957
v -12.72154617 15.98256493 -0.98890346
v -12.56548405 16.01074791 -0.98741466
v -12.85434532 15.91624165 -1.74823213
v -12.86312199 15.93748283 -1.74831867
v -13.00802326 15.89297581 -1.75480902
v -12.99753284 15.87276554 -1.75431395
v -12.96686268 15.86073399 -1.77613711
v -12.82358646 15.90337086 -1.77010965
v -13.05035210 15.86259937 -1.09653938
v -13.21403885 15.81121826 -1.08709538
v -13.20597649 15.82073402 -1.15833771
v -13.03563690 15.87562561 -1.17261291
v -12.46820450 16.02265739 -0.63002807
v -12.30679989 16.05777168 -0.65020967
v -12.37267399 16.11186218 -0.67536300
v -12.52858162 16.07510567 -0.64714128
v -12.64606762 15.98347664 -0.60897803
v -12.61276722 16.11949158 -0.69091904
v -12.45869064 16.15679550 -0.72182083
v -12.53810406 16.18181992 -0.77926016
v -12.69217968 16.14425468 -0.74776769
v -12.73823738 16.13783646 -0.80409366
v -12.58416176 16.17618561 -0.83735812
v -12.90491104 16.09370232 -0.77056217
v -12.68974876 15.98071671 -0.88188285
v -12.55504704 16.00916862 -0.91927749
v -12.83227158 15.94722939 -0.84415358
v -13.44260788 15.76666164 -0.97637004
v -13.44869614 15.79797649 -0.97122151
v -13.68899345 15.71255875 -0.99290782
v -13.66703415 15.69008255 -0.99527442
v -13.60828018 15.69542789 -1.01787245
v -13.44915009 15.74396706 -1.00898755
v -12.93340492 15.83784294 -1.92458832
v -12.75590897 15.88774776 -1.92149389
v -12.78167439 15.86701298 -1.88527954
v -12.95640182 15.81847668 -1.88911211
v -13.07944298 15.79591465 -1.88173640
v -13.09914780 15.79914474 -1.90792191
v -13.11469269 15.82691479 -1.92385554
v -12.94742680 15.86707497 -1.94218755
v -13.35554314 15.79408073 -0.75407118
v -13.13022137 15.85834694 -0.79077357
v -13.07531452 15.82806396 -0.75814623
v -13.30172825 15.77015018 -0.72161257
v -13.44661808 15.73996449 -0.68279588
v -13.53629875 15.74252033 -0.69656885
v -13.58806038 15.77179146 -0.70123357
v -13.40594769 15.82819462 -0.75880665
v -13.39128304 15.77484989 -1.59265268
v -13.15330601 15.84612656 -1.59237504
v -13.15827847 15.83198643 -1.56129086
v -13.38488007 15.76357269 -1.56088984
v -13.53489685 15.72454262 -1.54671562
v -13.59673309 15.71644688 -1.56971931
v -13.62758827 15.73675251 -1.57969344
v -13.41228485 15.79609299 -1.60275972
v -13.16316414 15.86897087 -1.60049975
v -13.45163727 15.73431683 -1.07440317
v -13.66278458 15.67039108 -1.06504238
v -13.61315536 15.68819809 -1.11920977
v -13.45220089 15.73762989 -1.14097214
v -13.25005913 15.76705360 -0.65205574
v -13.01746082 15.82581139 -0.68468243
v -12.98474693 15.84926224 -0.60920942
v -13.22442245 15.78486824 -0.57982922
v -13.39147758 15.75032806 -0.57328016
v -13.45960617 15.72529984 -0.62155342
v -13.13173866 15.92123032 -1.87008047
v -12.96008587 15.97027493 -1.86364007
v -13.03174686 15.92664528 -1.92448735
v -13.15085602 15.88741207 -1.91287756
v -13.26077938 15.87474632 -1.87190437
v -13.28438282 15.86940861 -1.82590389
v -13.21275997 15.89913177 -1.81136119
v -13.04272461 15.94754028 -1.80406499
v -13.40354633 15.78369236 -1.38475895
v -13.41818810 15.81120110 -1.37685525
v -13.63149548 15.74899864 -1.41596651
v -13.60385036 15.72673702 -1.41930306
v -13.54240036 15.72873116 -1.44060516
v -13.39771271 15.76491737 -1.42058408
v -12.98454189 15.89882946 -1.59601533
v -12.99420738 15.88251877 -1.56408918
v -12.98831844 15.92371655 -1.60371137
v -13.01516056 15.99818516 -0.99707276
v -13.04296589 16.02560806 -1.04211450
v -13.24192429 15.95957851 -1.03848481
v -13.20481586 15.93213940 -0.99438781
v -13.05657673 16.04564285 -0.73983413
v -13.22935963 15.98752689 -0.70818329
v -12.89890957 15.96429443 -1.76065159
v -12.90231323 15.99164581 -1.79323030
v -13.04089546 15.91983795 -1.76959026
v -13.01527214 15.96146488 -1.60767126
v -13.19718647 15.90431309 -1.60444927
v -13.23145771 15.93629169 -1.57977152
v -13.04379082 15.99544716 -1.58164811
v -13.05643559 16.03248405 -1.12214708
v -13.05179310 16.01866341 -1.19575965
v -13.25594902 15.95316219 -1.18444037
v -13.26065636 15.96663380 -1.11490881
v -12.81394005 16.01450729 -1.85405433
v -12.84254360 15.87105751 -0.70495850
v -12.79972076 15.89748096 -0.62713933
v -12.90963840 15.87241650 -0.78248578
v -13.00758266 15.87049961 -1.48743927
v -13.16874409 15.82275581 -1.48846352
v -13.02525902 15.98398972 -1.22154105
v -13.00359249 15.94132614 -1.21912503
v -13.19134045 15.87806988 -1.20421147
v -13.22273636 15.91902161 -1.20785975
v -12.96744633 15.90791798 -0.81729239
v -12.59223461 15.93456364 -1.92194510
v -12.62083149 15.91183758 -1.88293839
v -13.01355076 15.90353584 -1.20814526
v -13.19208241 15.84416294 -1.19254029
v -12.81472969 15.94532204 -0.59145683
v -13.00525475 15.89608860 -0.57055461
v -12.72184849 15.90167236 -1.82366908
v -12.87345123 15.85841274 -1.82830989
v -13.05226135 16.00903702 -1.49939537
v -13.24205971 15.94904137 -1.50201511
v -13.22756386 15.78594875 -1.84818780
v -13.17334652 15.78226376 -1.83814967
v -13.20400620 15.79508209 -1.79742241
v -13.26607037 15.79653072 -1.78565001
v -13.28848267 15.81588268 -1.79104400
v -13.24767876 15.80933571 -1.85912490
v -13.27908802 15.83819103 -1.86764145
v -13.32211208 15.84041882 -1.80384219
v -13.14341927 15.86079884 -1.92834783
v -13.66791725 15.70236492 -1.49644637
v -13.58401585 15.70931435 -1.49462879
v -13.70097733 15.72261810 -1.50050414
v -13.74320793 15.75430298 -1.51044071
v -13.67101479 15.77968788 -1.42894471
v -13.63994217 15.81450939 -1.45552862
v -13.70561600 15.80295467 -1.51703322
v -13.63998795 15.80890083 -1.56884098
v -13.66999054 15.77011967 -1.58598053
v -13.81848049 15.71215725 -1.08519757
v -13.77542496 15.67813301 -1.07324612
v -13.72975445 15.74567986 -1.00849998
v -13.69666767 15.78879547 -1.04137373
v -13.77527618 15.77159977 -1.09775233
v -13.70823288 15.78318691 -1.15172732
v -13.74515152 15.73611069 -1.16585469
v -13.70289803 15.69960213 -1.15794408
v -13.74711990 15.65793705 -1.06559217
v -13.67754173 15.67694473 -1.14146888
v -13.56537628 15.73106670 -0.60765016
v -13.46282578 15.75851822 -0.53826457
v -13.51629925 15.79522419 -0.53305227
v -13.61813259 15.76199055 -0.60734880
v -13.66864300 15.79570580 -0.61765218
v -13.57433510 15.83043098 -0.56079710
v -13.56240559 15.86210442 -0.60270047
v -13.64102173 15.84263992 -0.63901275
v -13.59913445 15.84242249 -0.68435544
v -13.63202190 15.80410767 -0.69399619
v -13.45170498 15.83032703 -1.60726786
v -13.48789406 15.86163712 -1.58407032
v -13.24870300 15.82367325 -0.53936166
v -13.30269432 15.86792469 -0.53424364
v -13.03962898 15.81251431 -1.83233023
v -13.12691402 15.81704712 -1.78067338
v -13.38925743 15.75923634 -1.49141395
v -13.16208458 15.82916546 -1.76057267
v -13.17920399 15.84810257 -1.76266134
v -13.48410702 15.83348846 -0.98821348
v -13.52431679 15.86093426 -1.03199542
v -13.44738483 15.86184406 -0.74519420
v -13.46886158 15.89139557 -0.71547323
v -12.97525883 15.90263462 -1.94533849
v -13.54480362 15.86804867 -1.10721660
v -13.54007530 15.85469341 -1.17538774
v -13.49920464 15.87410736 -1.51105964
v -13.48710823 15.86787701 -1.43178356
v -13.36618710 15.90207672 -0.56806582
v -13.42360783 15.91941357 -0.62066627
v -13.50463486 15.82073116 -1.19801986
v -13.46632195 15.78187084 -1.19270861
v -13.45307159 15.84308529 -1.38978946
v -13.45938396 15.91321945 -0.67188299
v -13.21233845 15.87308979 -1.77757275
v -13.45296955 15.75382614 -1.17704999
v -4.39946508 16.69137001 -1.32489944
v -4.36924791 16.68267059 -1.47388375
v -4.41679668 16.68810081 -1.18399131
v -4.77179766 15.81661987 -0.88763541
v -4.72550249 15.85719585 -0.71443588
v -4.75600433 15.81968117 -1.04770255
v -4.60368967 15.94184303 -0.50453776
v -4.46783829 16.04451752 -0.31822684
v -4.31851959 16.64822006 -1.63902032
v -4.26661348 16.59362030 -1.78453231
v -4.44862413 16.00319481 -1.62380862
v -4.58642912 15.93419075 -1.40746450
v -4.34409761 16.08136177 -1.81605172
v -4.42408466 16.66286278 -0.73067176
v -4.43239260 16.68041801 -0.89452636
v -4.40637112 16.61885643 -0.55348235
v -4.33881092 16.17709351 -1.93300891
v -4.35019159 16.27628326 -1.98308587
v -4.33411646 16.32837105 -0.16298109
v -4.35569859 16.42887115 -0.21731302
v -4.33575296 16.23179817 -0.17233621
v -4.38167953 16.53327942 -0.36492142
v -4.69155216 15.86594582 -1.21820402
v -4.29566813 16.36481857 -1.97468829
v -4.23622942 16.44633484 -1.93085957
v -4.23286390 16.52446365 -1.87464333
v -4.42886829 16.68664169 -1.04308331
v -4.37942648 16.13917542 -0.21578889
v -5.67099667 15.73877239 -0.96422905
v -5.66663837 15.75926971 -0.78418571
v -5.65397978 15.73814774 -1.14903164
v -5.49087620 16.57555008 -1.39800000
v -5.47284889 16.57243347 -1.53843808
v -5.50247908 16.57280159 -1.26321673
v -5.53771353 15.99944973 -0.33681512
v -5.51563311 16.11054993 -0.28720486
v -5.56483364 15.90455627 -0.44945946
v -5.51408195 16.57005310 -1.12843335
v -5.51173925 16.56233406 -0.98331922
v -5.41344309 16.49672318 -1.92733800
v -5.43066263 16.42812538 -2.00131679
v -5.41619015 16.53201485 -1.82817483
v -5.58448935 15.82734489 -1.75609624
v -5.61533642 15.75966644 -1.54390872
v -5.55268574 15.92404366 -1.93743682
v -5.44197273 16.55758667 -1.69018555
v -5.61953020 15.81951332 -0.60558945
v -5.48150396 16.54467583 -0.81754351
v -5.44716978 16.51109123 -0.65458906
v -5.52819157 16.03325081 -2.04689765
v -5.50191927 16.15832710 -2.08787203
v -5.47605658 16.24421310 -0.32017729
v -5.44101286 16.36953163 -0.40674958
v -5.43252802 16.45560074 -0.51793897
v -5.63696337 15.73752403 -1.34190607
v -5.46478224 16.30263901 -2.06375337
v -2.98887038 16.79016876 -1.08032453
v -2.79806399 16.78261375 -1.01797187
v -2.78664851 16.76325226 -1.18045461
v -2.99286246 16.77151489 -1.25234449
v -2.98847890 16.79797935 -0.92694139
v -2.81077886 16.78987885 -0.87911659
v -3.42178082 15.83608150 -0.65255660
v -3.14244485 15.79729748 -0.57098860
v -3.12969327 15.83168888 -0.40563932
v -3.39767098 15.87031651 -0.48308486
v -3.40421176 15.82166576 -0.80922300
v -3.12377167 15.78377628 -0.73300201
v -2.98323894 16.54108429 -1.80345607
v -2.78754687 16.52029991 -1.78734803
v -2.81414509 16.36952019 -1.91438293
v -2.99125648 16.39640808 -1.91224384
v -2.98989701 16.65851593 -1.64121687
v -2.77241540 16.64213753 -1.60120440
v -3.03202558 16.24171066 -1.94469535
v -2.84585404 16.20505524 -1.95137525
v -2.88316989 16.05743980 -1.90200424
v -3.08191895 16.10357094 -1.90369976
v -3.38664317 15.80931854 -0.98572630
v -3.10567164 15.77335644 -0.92477071
v -3.34551358 15.81797314 -1.18468821
v -3.07796121 15.78122520 -1.13789713
v -2.99898958 16.80548859 -0.78678572
v -2.82621956 16.79706764 -0.74356824
v -3.01996374 16.79824448 -0.62211120
v -2.84855151 16.78892517 -0.58401567
v -3.11526561 16.11127472 0.10545828
v -2.92943788 16.07582092 0.14281045
v -2.91980100 16.18534660 0.22011226
v -3.09744930 16.21706772 0.19197847
v -3.17189574 16.02971268 -0.05593831
v -2.96855736 15.99367142 -0.00720000
v -3.11730981 16.00856590 -1.79214633
v -2.92658734 15.95720291 -1.76994884
v -2.97578883 15.88527107 -1.58175886
v -3.16636729 15.93634605 -1.62287652
v -3.09433532 16.63780212 -0.00969260
v -2.92709517 16.62723351 -0.00440880
v -2.91268945 16.69244003 -0.16270024
v -3.07981300 16.70527077 -0.16976553
v -3.09832692 16.53621674 0.10132794
v -2.92925954 16.52506828 0.11246246
v -3.29020333 15.94212723 -0.26816571
v -3.05351996 15.90472031 -0.20386320
v -3.05096364 16.76179504 -0.39517143
v -2.88194156 16.75019264 -0.37314779
v -3.09558415 16.37734413 0.17957667
v -2.92328501 16.35643387 0.19864954
v -3.25726199 15.86656570 -1.40873098
v -3.03045702 15.82257175 -1.36398423
v -2.99315476 16.73147774 -1.44841075
v -2.77510762 16.71977425 -1.38688600
v -0.09900013 11.88576221 1.35700393
v -0.14532883 11.84688950 1.34602833
v -0.12281115 12.08576679 1.38241959
v -0.20710085 12.07738876 1.37630820
v -0.69753730 12.33285522 -1.72072458
v -0.43801090 12.36312389 -1.70805240
v -0.48502305 12.05212688 -1.77682030
v -0.83801681 12.06007671 -1.77252519
v -1.04443514 12.32740593 -1.70894921
v -1.26858985 12.63246346 -1.53466117
v -0.94065523 12.65588856 -1.55577981
v -0.66345608 12.67550182 -1.56271625
v -0.13513651 12.36291599 1.39178956
v -0.24264976 12.36317253 1.38729942
v -0.13970320 12.64330196 1.37973225
v -0.26372451 12.64182949 1.37916291
v -0.92137730 11.83752823 -1.67278016
v -0.68043637 11.86012363 -1.72173190
v -0.57366198 11.74286747 -1.63854504
v -0.68124789 11.68098259 -1.58118820
v -0.81909239 11.59352970 -1.50397992
v -1.10970759 11.76379013 -1.58949578
v -1.40033519 11.98960686 -1.63859749
v -1.15684736 12.05362606 -1.72541738
v -0.16236043 13.02636719 -1.33286572
v -0.13883983 12.72315788 -1.56044292
v -0.23263982 12.70376778 -1.56444168
v -0.28374326 13.02282715 -1.33209264
v -0.31266364 13.30242729 -1.12745774
v -0.17688496 13.30405426 -1.12882066
v -0.37603059 11.84691238 -1.71891224
v -0.36686617 11.70113659 -1.61356616
v -0.18051374 13.48439026 -1.07844400
v -0.31988904 13.48351574 -1.07674146
v -0.31239793 13.62101173 -1.10297585
v -0.17675152 13.62175655 -1.10483909
v -1.34607327 12.79392529 1.20200264
v -1.09822845 12.59081268 1.27753067
v -0.93938005 12.62512398 1.33138156
v -1.16509366 12.83113289 1.26119089
v -1.34932709 13.04258442 1.18450975
v -1.54502070 13.00907707 1.11736619
v -1.77700663 12.89944553 1.00432074
v -1.53001904 12.65905666 1.14089549
v -1.28035045 12.45534611 1.21803796
v -1.75021625 12.05270576 -1.47727799
v -1.62292540 12.24078846 -1.58414185
v -1.52730072 11.82485390 -1.51516628
v -1.57856178 11.61244297 -1.40108109
v -1.80332708 11.82521725 -1.37199998
v -1.97044051 12.09129238 -1.29763198
v -1.90246820 12.28772736 -1.38860095
v -1.78240657 12.49240875 -1.44438279
v -0.37859020 11.42607498 -1.16651571
v -0.25316054 11.49869347 -1.19250166
v -0.39902127 11.32706547 -1.05207396
v -0.65353042 11.25809669 -1.18671727
v -0.55726081 11.39043617 -1.28587723
v -0.41643357 11.48562336 -1.36530924
v -0.16848609 11.55038452 -1.29178619
v -0.27197200 11.56408596 -1.45097494
v -1.72489834 12.86034107 -1.23572528
v -1.47937918 12.94560242 -1.25331962
v -1.56014371 12.59264469 -1.49529922
v -1.88370728 12.71954250 -1.23757422
v -1.98765528 12.83719826 -0.99693185
v -1.85326338 13.07122898 -0.97756296
v -1.69092667 13.25237560 -0.94137216
v -1.37028146 12.31453609 -1.66239345
v -0.45383602 11.59872627 -1.52734780
v -0.59653926 11.50902176 -1.44919336
v -2.10628676 12.22278214 -1.08759391
v -2.02254176 12.42534733 -1.16365993
v -2.03022718 11.90745831 -1.21387410
v -2.07861042 11.71263313 -1.15611076
v -2.19121432 11.96140385 -1.04579961
v -2.26458979 12.14777660 -0.91303289
v -2.13718247 12.49639511 -0.93149245
v -1.83343077 11.63325024 -1.29850507
v -1.59493661 11.40545177 -1.34229863
v -1.61935699 11.19647598 -1.31343663
v -1.86168003 11.44390583 -1.25302875
v -0.50739759 11.07835579 -0.96334541
v -0.32030430 11.12576485 -0.80242139
v -0.48750624 10.80175114 -0.73654115
v -0.63929415 10.79741001 -0.90057915
v -0.84039301 10.80114079 -1.05683053
v -0.74899358 11.03871727 -1.11084914
v -2.12071323 12.56431770 0.72560060
v -1.96124220 12.94414997 0.74105603
v -2.06584859 12.97654533 0.47035488
v -2.24911642 12.58537769 0.46321708
v -2.44352126 12.21831989 0.45403534
v -2.29268909 12.20239449 0.70363367
v -2.11026859 12.13893127 0.91261494
v -1.94636130 12.50205612 0.94663668
v -1.96149635 12.51051521 -1.26208258
v -0.75457484 11.40136337 -1.36803901
v -0.89434105 11.25444221 -1.29168689
v -1.12611270 11.31490612 -1.36362958
v -0.98331940 11.47402000 -1.43013966
v -1.25628150 11.62357140 -1.48931777
v -1.35350490 11.43828964 -1.39919257
v -1.25610566 10.81880569 1.17837059
v -1.11278903 11.07180786 1.20484912
v -1.28226566 11.28160095 1.22729909
v -1.46138930 11.01882076 1.20625639
v -1.62971997 10.76828766 1.15856409
v -1.39049017 10.59466743 1.12621152
v -1.17258036 10.47258472 1.05643570
v -1.07585347 10.67593288 1.11497045
v -0.96281600 10.91922474 1.15355730
v -0.52274501 10.59135532 -0.56105608
v -0.42395234 10.80247784 -0.59058952
v -0.40451545 10.80139637 -0.45368099
v -0.50027263 10.59028721 -0.43410751
v -0.56959897 10.41152763 -0.43514127
v -0.59211415 10.41242123 -0.55403006
v -0.65595692 10.41498375 -0.68594301
v -0.58586633 10.59447479 -0.70027238
v -2.10138488 11.67188263 1.03175223
v -1.92965364 11.98588467 1.05224526
v -2.25749278 11.81363392 0.89939195
v -2.41238809 11.43355465 0.84927207
v -2.26345992 11.31565475 0.98131168
v -2.09840751 11.16581059 1.06901693
v -1.92854881 11.48175335 1.11756682
v -1.73319197 11.77202797 1.14259863
v -2.25580812 11.69979477 -1.05019128
v -2.11237216 11.48322201 -1.14312601
v -2.17092347 11.17119312 -1.14410889
v -2.34523726 11.35946941 -1.06440175
v -2.50321603 11.49799824 -0.95164067
v -2.37287164 11.85374928 -0.93098772
v -0.98223609 11.04695129 -1.22793889
v -1.05188012 10.82462788 -1.17942202
v -1.25489426 10.88805389 -1.26600134
v -1.19965601 11.10863972 -1.30841208
v -1.29176188 11.88790512 1.22043777
v -1.08812356 12.20090675 1.24759841
v -1.50456548 12.13948917 1.17457497
v -1.50323129 11.52613735 1.20374954
v -1.10682666 11.63594723 1.22969472
v -0.93115258 11.94074821 1.24152589
v -0.96312517 11.42198658 1.20465076
v -0.78725219 11.71988010 1.21176887
v -0.81206167 11.26702976 1.17078567
v -0.68553865 11.52388954 1.19610667
v -1.73187208 12.35232544 1.08980131
v -1.39378405 11.22936058 -1.34606647
v -1.43057406 11.01159763 -1.31421685
v -2.43547988 11.89832115 0.69645959
v -2.59068298 11.94096565 0.45112297
v -2.73814011 11.60022545 0.41448942
v -2.58599687 11.53251839 0.65148634
v -2.49689841 11.92483044 -0.76350111
v -2.36383390 12.22931004 -0.74874806
v -2.64230371 11.57531071 -0.78130507
v -2.74587607 11.61063099 -0.60127622
v -2.59928393 11.94732857 -0.58873439
v -2.45463777 12.24977112 -0.58285052
v -1.51733088 10.79981327 -1.28792083
v -1.34277225 10.68598175 -1.23791158
v -1.44027734 10.48140430 -1.21237838
v -1.62259853 10.57645702 -1.25792336
v -1.79528165 10.72974491 -1.25939560
v -1.69475412 10.97811222 -1.28911197
v -2.70545363 11.95764923 -0.19932438
v -2.55604887 12.24194241 -0.19832806
v -2.52937007 12.24743557 -0.32178679
v -2.67843819 11.95659161 -0.32350725
v -2.82267165 11.62435436 -0.33668843
v -2.84803462 11.62552357 -0.21394147
v -2.85437536 11.62581635 -0.05787854
v -2.71220756 11.95791435 -0.03951438
v -2.56271863 12.23589993 -0.03887824
v -2.35114026 12.66318321 -0.19878218
v -2.15554094 13.09352207 -0.19896990
v -2.13020492 13.12806988 -0.32599127
v -2.32575917 12.68621445 -0.32395613
v -2.35748553 12.63874626 -0.03749707
v -2.16251922 13.05686760 -0.03589344
v -0.23951481 11.13541508 0.16877303
v -0.26964921 11.13677216 0.50773484
v -0.45948866 10.79774094 0.47984135
v -0.40603775 10.79707050 0.15980384
v -0.38059992 10.79896259 -0.12917417
v -0.22569600 11.13731575 -0.13048258
v -2.01561332 13.35342693 0.19977665
v -2.13278127 13.01599598 0.19929326
v -1.95209801 13.32623100 0.46713519
v -1.88542187 13.60478783 0.45456854
v -1.94802487 13.61319923 0.19367410
v -1.97527468 13.62001038 -0.03842956
v -2.04382920 13.38067436 -0.03458991
v -1.82811403 13.46459484 -0.74369735
v -1.89440250 13.30909920 -0.75782704
v -2.04607391 13.20364475 -0.61209005
v -1.92506313 13.46604443 -0.58719224
v -1.84677291 13.63759136 -0.59126949
v -1.76023149 13.62594318 -0.75568229
v -1.58008599 13.61405754 -0.90890408
v -1.63276029 13.46052647 -0.88852394
v -1.93395615 13.17891502 -0.81470388
v -2.04161048 13.01483250 -0.78189838
v -2.19848728 12.64547062 -0.75739682
v -2.26221466 12.70481777 -0.58878380
v -1.13689327 10.63321018 -1.14876282
v -0.92447186 10.61421013 -1.02321899
v -1.00170779 10.42975235 -0.99948955
v -1.22381449 10.44121361 -1.12427402
v -2.67843819 11.95659161 0.19154984
v -2.52937031 12.22875690 0.19255379
v -2.82267165 11.62435436 0.16481645
v -1.70037699 11.25193501 1.18086171
v -1.87642646 10.97101116 1.13380015
v -0.65682054 10.58851242 0.71896690
v -0.53904915 10.80408001 0.76061827
v -0.65068460 10.81922626 0.97368240
v -0.77031767 10.59726143 0.91009635
v -0.84187913 10.41511917 0.84452957
v -0.72834754 10.40933037 0.66407067
v -0.64267504 10.40687752 0.42608625
v -0.56949347 10.58557224 0.46604988
v -0.25056988 11.14084435 -0.64507097
v -0.23951481 11.13975906 -0.48950732
v -0.31583217 11.14518738 0.83031440
v -0.41523775 11.16288185 1.06832480
v -1.90922761 11.22428799 -1.23180664
v -1.98283076 10.94463730 -1.21528220
v -0.73028576 10.60169601 -0.86402446
v -0.80245501 10.42088509 -0.84390432
v -0.50636184 10.58601570 0.15696234
v -0.57829797 10.40753269 0.12910935
v -0.54362971 10.40941238 -0.14546764
v -0.47370452 10.58788395 -0.12765440
v -2.32575893 12.61149883 0.19601029
v -1.58208597 13.30719566 1.06566894
v -1.39838982 13.32876492 1.14251637
v -1.37247562 13.60327148 1.11747742
v -1.54092026 13.59374523 1.03269613
v -1.67485344 13.58776951 0.90568751
v -1.73127568 13.29184532 0.94226962
v -1.51335728 10.33108139 1.04936779
v -1.77277958 10.45068359 1.07621932
v -1.90144300 10.10755634 0.97265333
v -1.64219236 10.04132366 0.95423782
v -1.40131021 9.98944569 0.88841027
v -1.27440250 10.24461365 0.97936475
v -2.43227243 10.82253647 0.85391253
v -2.59931016 10.90608215 0.70455974
v -2.74379969 10.36743164 0.55250382
v -2.56674695 10.31529140 0.71203756
v -2.37602901 10.25555038 0.84320557
v -2.25053811 10.72134399 0.96648735
v -3.01177931 11.06139755 0.08417165
v -3.03764367 11.06063175 -0.11244376
v -3.16787934 10.45759010 -0.16127808
v -3.14848661 10.46107101 0.00646111
v -3.07801914 10.45297527 0.19374900
v -2.93343091 11.04301262 0.30414429
v -2.84467340 11.02402687 -0.78180903
v -2.69681144 10.96420860 -0.94127554
v -2.85462976 10.40825367 -0.90385556
v -3.00032973 10.44464779 -0.76029634
v -3.09205461 10.46044731 -0.61338204
v -2.94413829 11.05282021 -0.61531711
v -2.50467134 10.86194420 -1.05206430
v -2.29367566 10.72851372 -1.12824774
v -2.42348886 10.26303196 -1.08757079
v -2.65178633 10.34305859 -1.01220560
v -2.78115201 10.98540783 0.51612198
v -2.92867351 10.41754436 0.37775213
v -3.03247094 11.06078529 -0.25434977
v -3.01177907 11.06139755 -0.36890104
v -3.14848638 10.46107101 -0.39080089
v -3.16400099 10.45828629 -0.28663504
v -1.71492159 10.32398224 -1.21496952
v -1.52439666 10.25330257 -1.17763734
v -1.60545790 9.99824333 -1.12252247
v -1.80164647 10.04618931 -1.15334129
v -1.99200940 10.10749340 -1.15207934
v -1.89509308 10.43075848 -1.21435833
v -0.65965688 10.16690254 0.04510573
v -0.72204465 10.16827202 0.31967625
v -0.82842207 9.89741707 0.21363430
v -0.77020466 9.89424038 -0.03524314
v -0.74561059 9.89652824 -0.25204846
v -0.62899542 10.16887760 -0.20215824
v -1.29918242 10.21715641 -1.09426749
v -1.07257855 10.19959068 -0.97511679
v -1.15643573 9.93781757 -0.93658698
v -1.37856328 9.96366787 -1.04618418
v -0.87788445 10.18465042 -0.83044213
v -0.73835027 10.17432785 -0.68588102
v -0.84808397 9.90131569 -0.67694813
v -0.97454822 9.91604710 -0.80599093
v -2.02460694 10.58908176 1.04459107
v -2.15015817 10.18263531 0.93286008
v -0.81283134 10.17737865 0.55464017
v -0.93311095 10.19092655 0.74394506
v -1.05173540 9.93533802 0.64011025
v -0.92378747 9.91322517 0.44404238
v -2.08924699 10.57519341 -1.18389845
v -2.20142674 10.18214226 -1.13217568
v -0.67722613 10.17061710 -0.56707108
v -0.65530694 10.17021179 -0.46113679
v -0.77167088 9.89684772 -0.47912541
v -0.79222584 9.89658165 -0.57201046
v -3.14786267 10.01287937 -0.27688324
v -3.13551974 10.01672459 -0.37304375
v -3.06010890 9.68667603 -0.34627485
v -3.07026649 9.68331146 -0.25518867
v -3.07280612 9.68338585 -0.14692551
v -3.15094829 10.01191807 -0.16244952
v -1.89012003 9.74687862 -1.06732094
v -1.69378924 9.71279144 -1.03586829
v -1.77581763 9.44399452 -0.95737612
v -1.96599865 9.46785259 -0.99200898
v -2.15579176 9.49676895 -1.00089276
v -2.08385181 9.78628826 -1.07063782
v -0.92970717 9.61966324 -0.05213185
v -0.98262721 9.62197495 0.17477465
v -1.14347851 9.39127731 0.17113759
v -1.09632468 9.38900375 -0.04058138
v -1.07905030 9.39079666 -0.22735567
v -0.90928447 9.62261295 -0.24946068
v -1.47752345 9.68337536 -0.96746528
v -1.27263117 9.65852547 -0.87038577
v -1.39359581 9.40615273 -0.80889338
v -1.57662702 9.42329025 -0.89533985
v -1.11042070 9.63813210 -0.75290352
v -1.00019538 9.62475586 -0.63600564
v -1.15719092 9.38526249 -0.59213448
v -1.25189376 9.39299011 -0.70103002
v -2.25832033 9.82815838 0.81823283
v -2.46596742 9.87562275 0.73239952
v -2.51872802 9.58564949 0.65280646
v -2.33449554 9.54804039 0.73039234
v -2.12447524 9.51090622 0.77439594
v -2.02658510 9.78045368 0.86129701
v -1.07473159 9.63743591 0.38564441
v -1.20547438 9.65900898 0.56479263
v -1.35657430 9.42213726 0.51883870
v -1.22840869 9.40462017 0.36147413
v -2.29232049 9.83166885 -1.05463350
v -2.35381961 9.53264618 -0.98568213
v -2.54266858 9.57471180 -0.94618189
v -2.50322342 9.88259792 -1.01410580
v -0.95125830 9.62095642 -0.54067916
v -0.93296528 9.62194633 -0.45613834
v -1.09945774 9.38704014 -0.42272484
v -1.11515713 9.38442802 -0.50259149
v -1.79448056 9.73867035 0.84722012
v -1.92653775 9.47926807 0.76230389
v -1.73231411 9.45424080 0.70956838
v -1.57329321 9.70450592 0.78822494
v -2.62580800 9.91668701 0.61816937
v -2.77139688 9.95381832 0.48035330
v -2.74482799 9.64820480 0.45420077
v -2.63930154 9.61871052 0.56415200
v -3.13551950 10.01672459 -0.01146944
v -3.06010890 9.69033909 -0.00430843
v -3.00590348 9.69173050 0.15484682
v -3.07336879 10.01376057 0.15696514
v -3.00559592 10.01084232 -0.71205056
v -2.87764287 9.98600864 -0.84334397
v -2.83988214 9.66246319 -0.79033732
v -2.94683814 9.68289471 -0.66720927
v -3.01909375 9.68993759 -0.54036623
v -3.08761001 10.02006149 -0.57799608
v -2.70425797 9.93865204 -0.94385254
v -2.70492387 9.62219238 -0.88219768
v -2.93628931 9.98948383 0.32376230
v -2.88391948 9.67511463 0.31272447
v -2.91042161 9.42108631 -0.65590996
v -2.81537795 9.40260792 -0.77543223
v -2.81689382 9.20390320 -0.79222721
v -2.90848136 9.21635628 -0.67364961
v -2.96967793 9.21891022 -0.55090809
v -2.97479653 9.42834854 -0.53169930
v -2.69662166 9.36714840 -0.86243320
v -2.55161405 9.32687283 -0.92212772
v -2.55877805 9.14224625 -0.93994755
v -2.70038080 9.17516708 -0.87948245
v -1.99467993 9.31926537 0.73347837
v -2.17138243 9.34044456 0.74419558
v -2.21368647 9.14160633 0.70636898
v -2.04633164 9.12775421 0.69528848
v -1.88196182 9.11939430 0.64540839
v -1.82033491 9.30309677 0.68319994
v -2.01493835 9.25091267 -0.96250540
v -1.83797026 9.23890018 -0.92674702
v -1.88254619 9.08326149 -0.94666255
v -2.04837155 9.08891773 -0.98190510
v -2.21629047 9.09963322 -0.99263215
v -2.19300079 9.26856136 -0.97370297
v -2.85148335 9.44832706 0.30321035
v -2.96204638 9.45324612 0.14844820
v -2.96412587 9.23219872 0.12159313
v -2.86133194 9.22894382 0.27442402
v -2.74366450 9.21688080 0.40920833
v -2.72681832 9.43355656 0.44013861
v -3.01742339 9.42832851 -0.25164568
v -3.00948501 9.42924404 -0.34113947
v -3.00242686 9.21522713 -0.36291277
v -3.00983691 9.21250725 -0.27466387
v -3.01256585 9.21399117 -0.16991754
v -3.01940799 9.43176270 -0.14567345
v -1.65643787 9.23042202 -0.86703718
v -1.49176097 9.22513866 -0.78449017
v -1.56008112 9.08050346 -0.80587822
v -1.71319783 9.08083344 -0.88759232
v -1.22821724 9.24809837 -0.03561270
v -1.26979458 9.25465870 0.17076348
v -1.36248422 9.10157681 0.13900158
v -1.32229757 9.10024261 -0.06486320
v -1.30801189 9.10061646 -0.24566451
v -1.21394122 9.24474525 -0.21869431
v -1.36535954 9.22270870 -0.68022048
v -1.28157663 9.22344971 -0.57441527
v -1.36583388 9.08325100 -0.59798872
v -1.44295168 9.08114624 -0.70270371
v -2.36408615 9.36467361 0.69902152
v -2.53268552 9.38971901 0.62316364
v -2.55658650 9.17820549 0.58825302
v -2.39625382 9.15878773 0.66239357
v -1.34756398 9.26938534 0.35355943
v -1.46728158 9.28491974 0.50309509
v -1.55153787 9.11805820 0.46786305
v -1.43757367 9.10993481 0.31988952
v -1.63470364 9.29390240 0.60969037
v -1.53343463 9.43693733 0.63164169
v -1.70834887 9.11868668 0.57298464
v -1.24475574 9.22768307 -0.48726177
v -1.23141575 9.23366261 -0.40943417
v -1.32168901 9.09234715 -0.43450770
v -1.33275235 9.08730984 -0.51165330
v -1.20663619 13.76487541 -1.03979099
v -1.24868023 13.61329937 -1.01426899
v -1.53885007 13.76596832 -0.93316931
v -1.52487111 13.94401741 -0.97813272
v -1.18568802 13.94546604 -1.09491217
v -0.84176350 13.94730282 -1.16437924
v -0.86812961 13.76671219 -1.10169899
v -0.91040111 13.61708450 -1.07579982
v -1.71589482 13.77368641 -0.77714914
v -1.79896736 13.78196144 -0.60972160
v -1.78921533 13.94477177 -0.63607293
v -1.70510435 13.94411659 -0.81179529
v -0.16910307 13.77053738 -1.13110948
v -0.29716879 13.76983547 -1.12919247
v -0.28703740 13.95042515 -1.19439244
v -0.16401483 13.95112705 -1.19630933
v -1.50517440 13.77419090 1.00423324
v -1.33177876 13.77970409 1.09165919
v -1.30753911 13.93997383 1.07309330
v -1.49273169 13.93446159 0.98566747
v -1.64248812 13.93161011 0.85745567
v -1.64370894 13.77134037 0.87602156
v -1.97655058 13.45117378 -0.45056152
v -2.10486865 13.16261673 -0.45301265
v -2.00530720 13.42814255 -0.32386801
v -1.92998910 13.63187790 -0.32613134
v -1.89736772 13.63763523 -0.45233169
v -1.85596597 13.30194759 0.72869563
v -1.79202604 13.59388065 0.70244235
v -1.90378642 13.78471947 0.17719930
v -1.84337759 13.78256989 0.43366560
v -1.83581686 13.94283962 0.41538393
v -1.89481401 13.94498920 0.15977021
v -1.92206693 13.94498920 -0.06932937
v -1.93071413 13.78471947 -0.05225551
v -1.75656414 13.77612114 0.67621934
v -1.75427914 13.93639183 0.65765345
v -1.84926462 13.78471947 -0.46887797
v -1.88317418 13.78471947 -0.34132642
v -1.87420189 13.94498920 -0.36159733
v -1.84003210 13.94498920 -0.49113819
v -1.11434031 13.78290844 1.16910374
v -1.15176928 13.60781479 1.19404054
v -0.89120704 13.60986423 1.25054336
v -0.86249471 13.78495884 1.22560656
v -0.84250247 13.94522858 1.20704067
v -1.08944011 13.94317818 1.15053797
v -2.37781644 9.29394531 -0.95973068
v -2.39192033 9.11723900 -0.97815514
v -2.63707423 9.41335011 0.54182953
v -2.65723634 9.19876957 0.50883800
v -3.00948501 9.44389629 -0.00674428
v -3.00593281 9.22388458 -0.03217630
v -1.37430978 9.67965889 0.69653428
v -1.20770037 9.95743179 0.78596693
v -1.08397758 10.20561695 0.88153857
v -0.98983335 10.42446899 0.96892983
v -1.17018032 13.33732128 1.21643496
v -1.12512100 13.05511475 1.24951994
v -0.86646259 13.05715656 1.29950607
v -0.90197146 13.33937168 1.27293777
v -0.91195977 10.61424351 1.03382158
v -0.80036074 10.84631920 1.09058189
v -0.60504007 11.19207859 1.15357947
v -0.47651625 11.54936600 1.21329188
v -0.97213870 12.84488010 1.30652821
v -0.78498626 12.63751698 1.35791862
v -0.62169820 12.63895035 1.36880481
v -0.75635523 12.84689713 1.33696437
v -1.28605902 13.46754360 -0.99011934
v -1.26743209 13.27624035 -1.05264306
v -0.93536842 13.47717571 -1.05051827
v -0.91564322 13.29151440 -1.10509753
v -1.14145887 12.98801994 -1.28714132
v -0.82383627 13.00462723 -1.31878078
v -0.91447097 12.32881451 1.30190349
v -0.75132328 12.05489635 1.29087460
v -0.59814847 12.07375908 1.34377241
v -0.76587760 12.35527229 1.35390401
v -0.37427887 12.45045376 -1.68126452
v -0.27481058 12.39741707 -1.69823444
v -0.52410841 12.70388031 -1.55953169
v -0.42027807 12.69441795 -1.56399047
v -0.56530786 11.81602573 1.26019716
v -0.38975504 11.83276653 1.31600058
v -1.10861564 14.16919994 1.14725614
v -0.85789835 14.17125034 1.20375884
v -0.86449105 14.42301846 1.21456397
v -1.10632408 14.42095947 1.15792298
v -1.33013511 14.41774273 1.07975042
v -1.33099627 14.16599560 1.06981158
v -1.52147496 14.16048241 0.98238564
v -1.54267347 14.41220951 0.99041694
v -1.72238553 14.40934753 0.85858399
v -1.67583752 14.15763187 0.85417384
v -1.93302393 14.17101097 0.15080474
v -1.87259138 14.16886139 0.41068116
v -1.93408597 14.42061996 0.40116519
v -1.99690652 14.42277813 0.13110365
v -2.02922153 14.42277813 -0.11179174
v -1.96125245 14.17101097 -0.08291276
v -1.21159613 14.17825985 -1.20786059
v -1.55396771 14.17596531 -1.06060684
v -1.63022089 14.42775154 -1.17358673
v -1.28459370 14.43005562 -1.35431790
v -0.93335319 14.43189907 -1.47109425
v -0.86451191 14.18009663 -1.30000412
v -1.87746143 14.17101097 -0.51005006
v -1.91241169 14.17101097 -0.37908825
v -1.99781668 14.42277813 -0.41596675
v -1.96681142 14.42277813 -0.54989266
v -1.91357625 14.42340851 -0.71476579
v -1.82508600 14.17163944 -0.66384792
v -1.78986943 14.16241264 0.65437168
v -1.84771776 14.41414738 0.65291274
v -0.16793324 14.18392181 -1.33949316
v -0.29483950 14.18321991 -1.33757627
v -0.31909835 14.43503380 -1.51698685
v -0.18011662 14.43573856 -1.51893449
v -1.73785949 14.17352486 -0.86331809
v -1.82063055 14.42530155 -0.94153327
v -1.95988762 14.66283894 -1.05625629
v -2.06168318 14.66092396 -0.81054538
v -2.21812367 14.87274933 -0.90189898
v -2.11150241 14.87686920 -1.16256762
v -1.89999664 14.88045311 -1.43245959
v -1.75771189 14.66531754 -1.31006682
v -1.50759625 14.64959526 1.00579059
v -1.23294067 14.65519333 1.10084629
v -1.13697934 14.86469650 1.13916790
v -1.48121083 14.85668564 1.03461504
v -1.81635976 14.85826111 0.87367749
v -1.76076102 14.64670086 0.86309433
v -2.06495214 14.66028595 0.08146765
v -2.00068521 14.65810394 0.36844388
v -2.09724212 14.90111542 0.33258793
v -2.15876245 14.89352608 0.03291227
v -2.20281720 14.87747002 -0.23127304
v -2.10692501 14.66028595 -0.17475237
v -1.40491354 14.66764641 -1.50996590
v -1.53651333 14.88007259 -1.64615440
v -1.16339421 14.87704754 -1.78546238
v -1.04526579 14.66951180 -1.64016962
v -2.11334038 14.66028595 -0.63494521
v -2.13042951 14.66028595 -0.49440035
v -2.27149677 14.87174702 -0.56717217
v -2.26695395 14.87152481 -0.71587449
v -1.01702332 14.65844727 1.18120289
v -0.81808949 14.66052914 1.23825872
v -0.76502240 14.87519932 1.26860332
v -0.92368525 14.87049961 1.21743560
v -1.91220617 14.65155602 0.63981575
v -2.00240564 14.88121510 0.62625575
v -0.19982333 14.67339611 -1.69290638
v -0.35833710 14.67268276 -1.69086683
v -0.39920416 14.86910629 -1.83353043
v -0.22034778 14.86983299 -1.83398652
v -1.81982589 15.29130745 -1.83481514
v -1.73469687 15.19422245 -1.79139113
v -2.12458897 15.22009182 -1.54205132
v -2.21684170 15.34714127 -1.56890750
v -2.31301022 15.51392078 -1.62055063
v -1.85523045 15.40068054 -1.89019263
v -1.43813574 15.29139805 -2.06201077
v -1.39211023 15.21228886 -2.01167250
v -1.32227361 15.15132809 -1.95530546
v -2.51781440 15.25178337 -0.74483770
v -2.45717144 15.17321873 -0.74409270
v -2.46719503 15.17527008 -0.58051854
v -2.53074527 15.25553417 -0.57397199
v -2.58995318 15.34203434 -0.59133768
v -2.57510591 15.33734989 -0.76381058
v -2.53997898 15.35680199 -0.97641456
v -2.47927332 15.26662827 -0.95767218
v -2.41453815 15.18031216 -0.94946402
v -2.33786249 15.37990475 0.62842315
v -2.26619172 15.29120350 0.62591535
v -2.01210642 15.15629864 0.92339289
v -2.06564188 15.21595955 0.94735026
v -2.08774877 15.28629017 0.96073061
v -2.36079216 15.45291328 0.63982302
v -2.53651690 15.63038731 0.27113217
v -2.47835159 15.50717926 0.29276416
v -2.39543128 15.39439583 0.30321610
v -0.19715154 15.15147305 -1.98850417
v -0.23137255 15.08337021 -1.95849514
v -0.42867270 15.08259583 -1.96973515
v -0.38308394 15.15067387 -2.00644517
v -0.33203840 15.24836349 -2.03712487
v -0.16019000 15.24918175 -2.01415801
v -2.40780330 15.31866455 -1.25444436
v -2.32744002 15.20569515 -1.23842967
v -2.47972322 15.42452526 -1.26928067
v -1.62933946 15.17814732 1.17428815
v -1.59575069 15.12653542 1.13490224
v -1.18010592 15.14871311 1.26518798
v -1.19649267 15.20282364 1.31187737
v -1.20084572 15.26875973 1.33505964
v -1.64297223 15.24623394 1.19255280
v -0.93463898 15.22634220 1.36275828
v -0.92815328 15.16963291 1.31899512
v -0.75649840 15.18992424 1.33256900
v -0.75828183 15.24928284 1.37028515
v -0.75917584 15.31030083 1.39621031
v -0.93575251 15.28988171 1.38802147
v -2.51945996 15.43497562 0.01563051
v -2.43724895 15.32902527 0.01604174
v -2.57847762 15.51482391 -0.00864395
v -2.58249521 15.39108658 -0.23007318
v -2.51665020 15.30508232 -0.21298921
v -2.44110632 15.21627235 -0.22691073
v -1.65036988 15.40466976 1.18109262
v -1.20503271 15.42034626 1.32894313
v -1.20756018 15.66773796 1.24321699
v -1.64255023 15.65896130 1.09526694
v -2.06581855 15.68706608 0.88855767
v -2.09099269 15.44200420 0.95608646
v -0.93850720 15.43404579 1.38455558
v -0.76138759 15.44675732 1.39404905
v -0.76562881 15.67897129 1.30989683
v -0.94378960 15.67398739 1.29947901
v -1.79740357 15.57539749 -1.98321044
v -2.13378739 15.70419788 -1.84474647
v -2.00176311 15.91580772 -1.97433877
v -1.71686053 15.81332016 -2.05806494
v -1.42234683 15.71371937 -2.13426304
v -1.43809295 15.45855236 -2.11402464
v -2.34337449 15.58733559 0.66900694
v -2.29442334 15.79146194 0.65601850
v -2.41345239 15.91818333 0.45033130
v -2.47637916 15.75924683 0.41011646
v -0.14835656 15.42337894 -2.04483557
v -0.31599307 15.42255402 -2.06947756
v -0.31809789 15.68346882 -2.07127714
v -0.14941366 15.68429375 -2.04656959
v -1.68411601 16.11231232 -2.05895233
v -1.94291127 16.16436958 -2.01727319
v -1.92700779 16.39176559 -1.97460008
v -1.67754257 16.38850212 -1.99306917
v -1.42602324 16.37964630 -1.99623203
v -1.42126179 16.05686378 -2.08927464
v -2.22275376 16.07358170 0.54090154
v -2.00267172 16.02544022 0.71328390
v -1.92789721 16.34845161 0.51735294
v -2.15224314 16.34794807 0.39066958
v -2.30182076 16.36334991 0.28410712
v -2.35015273 16.14063835 0.39266595
v -0.15112370 16.04215622 -1.98539209
v -0.32150280 16.04133034 -2.01029563
v -0.34753084 16.37964439 -1.91946006
v -0.16797069 16.38046837 -1.89770424
v -1.61053109 16.01461601 0.89043480
v -1.20693481 16.02109337 1.02757108
v -1.20319903 16.35954285 0.78836352
v -1.56861830 16.35347748 0.66620147
v -0.95248616 16.02485847 1.07990968
v -0.77261126 16.02726746 1.08984947
v -0.77899081 16.36557961 0.84384143
v -0.96043187 16.36317062 0.83498704
v -1.67551243 16.55801773 -1.86761177
v -1.92382860 16.53987694 -1.84736967
v -1.94129550 16.64706230 -1.65049505
v -1.65685475 16.66084671 -1.73947430
v -1.41034007 16.68498611 -1.75739920
v -1.42781699 16.57372284 -1.87230706
v -2.10676885 16.52880859 0.27233636
v -1.86783910 16.54742241 0.38785252
v -1.81217313 16.65547180 0.29304644
v -2.05964208 16.63821411 0.17446831
v -2.27737594 16.64232826 0.02680945
v -2.28379846 16.52305603 0.17164172
v -0.21443862 16.58273315 -1.81990755
v -0.41750491 16.58190727 -1.83169723
v -0.48023194 16.69594002 -1.75699937
v -0.25726691 16.69675255 -1.75521731
v -1.53111756 16.55738640 0.52217203
v -1.19639480 16.56221771 0.63195211
v -1.16738164 16.66769791 0.52804655
v -1.48600245 16.66399193 0.42370766
v -0.96346182 16.56543541 0.67385012
v -0.78142357 16.56784439 0.68180710
v -0.76464331 16.67288780 0.57490498
v -0.94256216 16.67051506 0.56765765
v -1.68432200 16.83236122 -0.15790543
v -1.86439109 16.74939537 -0.01741264
v -1.65963483 16.74483109 0.09470350
v -1.51594424 16.81948471 -0.04404286
v -1.31790972 16.93326759 -0.14748640
v -1.44554245 16.95030785 -0.26670861
v -1.49942410 16.97049141 -0.36172310
v -1.76884985 16.85510635 -0.26012644
v -1.98253250 16.76921654 -0.13379997
v -0.23815101 16.87703896 -1.62643397
v -0.25067303 16.82368279 -1.66664135
v -0.45958593 16.82295799 -1.66524577
v -0.43465286 16.87636185 -1.62513316
v -0.39736933 16.96299553 -1.53926957
v -0.21942627 16.96364403 -1.54393768
v -1.67238927 16.88548851 -1.28254592
v -1.87091517 16.82455444 -1.30825174
v -1.97124934 16.85841751 -1.07051098
v -1.74925351 16.91107368 -1.06836998
v -1.47657263 16.99054146 -1.02138710
v -1.42301178 16.97395706 -1.21087444
v -1.33587861 16.95844841 -1.38485348
v -1.55079484 16.86269760 -1.47550368
v -1.71699989 16.79578209 -1.52058005
v -1.21180809 16.81874657 0.11098082
v -1.33159900 16.74644279 0.23883480
v -1.00221252 16.75049782 0.36153308
v -0.89987075 16.82323837 0.24823074
v -0.78845799 16.92983818 0.15649861
v -1.05972147 16.92842293 0.01219159
v -0.70808923 16.82605362 0.30877200
v -0.79340410 16.75326538 0.40935025
v -0.64488471 16.75538635 0.41870704
v -0.57638562 16.82802963 0.32687944
v -0.50800610 16.93346786 0.26099899
v -0.62159944 16.93157196 0.22960787
v -1.82143641 16.88545418 -0.38022539
v -2.05072355 16.81337738 -0.29074481
v -1.53635859 16.98475838 -0.44877791
v -1.55290461 16.99324226 -0.54015493
v -1.84322715 16.91106415 -0.51025712
v -2.07705069 16.85562325 -0.45934173
v -1.37586045 16.86254883 -1.57191694
v -1.50658607 16.79976463 -1.61873376
v -1.20450926 16.95615387 -1.47901320
v -1.05117869 16.95954323 -1.52000415
v -1.18023419 16.87109375 -1.60833919
v -1.27760744 16.81521225 -1.64987314
v -1.78999805 16.91960144 -0.90830266
v -2.02092052 16.86970520 -0.89611924
v -2.04526019 16.86970520 -0.75340235
v -1.81268287 16.91960144 -0.77528954
v -1.52642322 16.99606895 -0.76441932
v -1.50722504 16.99606895 -0.88070250
v -1.14962852 17.10643196 -0.27468440
v -1.06393766 17.08975792 -0.14807285
v -0.83748907 17.24685097 -0.09966096
v -0.89103234 17.26216316 -0.22834949
v -0.90522712 17.27226448 -0.33891612
v -1.17879820 17.12060165 -0.37676242
v -0.18829603 17.11674690 -1.37686384
v -0.33538467 17.11608315 -1.36190379
v -0.26408514 17.29783630 -1.16415787
v -0.15221061 17.29854774 -1.18570530
v -1.13221788 17.11915779 -1.04727221
v -1.16280818 17.12655640 -0.88472044
v -0.89747381 17.28609848 -0.73656005
v -0.87954378 17.28664780 -0.87098891
v -0.84313387 17.28771973 -1.00506103
v -1.07798290 17.11228371 -1.20305562
v -0.53275979 17.06575966 0.21563233
v -0.43986535 17.06769753 0.26325393
v -0.38852948 17.20464706 0.28599909
v -0.46372443 17.20369339 0.22641110
v -0.56605500 17.20882988 0.14757001
v -0.66643929 17.06736183 0.13638648
v -0.87318659 17.07604790 0.00205109
v -0.70990324 17.22614288 0.03226243
v -1.18103719 17.12902260 -0.77353573
v -1.19308543 17.12902260 -0.68803442
v -0.91187316 17.28261948 -0.59340560
v -0.90681958 17.28451157 -0.65226513
v -1.19998550 17.12680435 -0.45328578
v -0.91476738 17.27733612 -0.41647387
v -0.91891372 17.27956772 -0.47670263
v -1.20987082 17.12846756 -0.52247059
v -0.98882043 17.11139297 -1.29393566
v -0.77834845 17.29087067 -1.08828580
v -0.69239873 17.29418755 -1.13261938
v -0.87644988 17.11313057 -1.33806729
v -3.49835014 4.83619833 1.52164555
v -3.44400001 4.99083805 0.86727220
v -3.63414598 4.98208570 0.85973793
v -3.70017600 4.83098793 1.43956745
v -3.74219966 4.69412279 1.84908259
v -3.53866482 4.69241905 2.00525284
v -3.33860850 4.68641138 2.06899977
v -3.30044627 4.83487320 1.51850212
v -3.25657082 4.99357653 0.80966568
v -2.95315242 9.05964184 -0.71592462
v -2.85719085 9.06380558 -0.83432060
v -2.91636109 8.96109867 -0.89920318
v -3.01973987 8.94050121 -0.77962375
v -3.09222054 8.90878963 -0.66324556
v -3.01869893 9.04523945 -0.59690511
v -2.73723030 9.04789543 -0.92826813
v -2.59287786 9.02399826 -0.99764550
v -2.63977408 8.94059277 -1.08132184
v -2.79022646 8.95709801 -1.00148940
v -2.93581581 8.93678951 0.20556961
v -3.03447008 8.96248150 0.05810550
v -3.12978959 8.72233200 -0.01953097
v -3.03176951 8.67077541 0.12384319
v -2.91765094 8.61616802 0.24365038
v -2.82166219 8.90518379 0.33245131
v -3.06801081 9.00042152 -0.33265281
v -3.05771232 9.01542759 -0.41687000
v -3.13957715 8.85129929 -0.48972765
v -3.15349531 8.82314777 -0.40889254
v -3.16319132 8.79371166 -0.30915597
v -3.07409143 8.98701096 -0.23088196
v -1.37547874 8.84873199 -0.15597026
v -1.42245674 8.82148647 0.04120119
v -1.45286071 8.54418182 -0.07377158
v -1.39705455 8.60161877 -0.26599669
v -1.36995232 8.65470028 -0.43567669
v -1.35531712 8.87456799 -0.33045420
v -1.47680414 8.92216110 -0.78070873
v -1.40244365 8.90859604 -0.67799592
v -1.40914130 8.74507523 -0.78209299
v -1.48374629 8.77677917 -0.88383615
v -1.60053658 8.81075096 -0.98376679
v -1.59151053 8.93726540 -0.88175982
v -2.48016143 8.81111431 0.55878186
v -2.63917947 8.84148502 0.49285674
v -2.73562884 8.52238178 0.38575074
v -2.57313323 8.47757912 0.44355220
v -2.38497591 8.44286346 0.47512427
v -2.29776692 8.78692532 0.59658921
v -2.12891841 8.77382851 0.58227926
v -2.20891690 8.42786789 0.45715198
v -2.03293896 8.42929268 0.40686455
v -1.96180141 8.77145100 0.53248227
v -1.50381398 8.80446815 0.21845365
v -1.62328446 8.79225349 0.36344388
v -1.67266226 8.46868515 0.24506329
v -1.54333532 8.50100136 0.10161205
v -1.78460193 8.77941990 0.46382865
v -1.84502554 8.44384003 0.34149125
v -2.42374063 9.00419617 -1.04233098
v -2.24647307 8.98795128 -1.06124389
v -2.27876449 8.90604782 -1.15747416
v -2.46344209 8.92367744 -1.13353956
v -1.37184477 8.89989567 -0.59272969
v -1.36312675 8.89362717 -0.51618689
v -1.37259555 8.70345116 -0.62020773
v -1.37960207 8.72208405 -0.69699031
v -2.07773018 8.97472668 -1.05330336
v -1.91184437 8.96283436 -1.01980424
v -1.93116665 8.86610603 -1.12045455
v -2.10327506 8.88739967 -1.15245724
v -2.73789811 8.87312889 0.42281342
v -2.83470273 8.56764030 0.32503486
v -3.07173657 8.97679329 -0.09400377
v -3.16444325 8.76170921 -0.17161639
v -1.74314761 8.95058537 -0.96204066
v -1.75663209 8.84054184 -1.06343198
v -3.47900963 8.36930847 -0.48521206
v -3.33564305 8.53139591 -0.33979332
v -3.33296394 8.57066059 -0.48715311
v -3.47610021 8.40857315 -0.64238149
v -3.57581162 8.16120434 -0.78727365
v -3.57788849 8.12616253 -0.62676978
v -3.53685737 8.08325291 -0.44948301
v -3.43896008 8.32157612 -0.31170791
v -3.29876113 8.48366356 -0.17711847
v -1.77871811 8.48315430 -1.51172078
v -1.76982737 8.64524269 -1.30223298
v -1.59778690 8.60996056 -1.21723580
v -1.59190261 8.44787312 -1.42106521
v -1.69381320 8.18635559 -1.57972121
v -1.88123691 8.21853828 -1.67243445
v -2.09093738 8.24606228 -1.73872018
v -1.98793888 8.51315784 -1.57649577
v -1.96250081 8.67524529 -1.36296511
v -3.29714012 8.58008194 -1.17359197
v -3.16815758 8.74216938 -0.98520821
v -3.05259371 8.76824570 -1.11354244
v -3.17165136 8.60615730 -1.31046939
v -3.27581239 8.34155369 -1.47171915
v -3.40065646 8.31872272 -1.33201981
v -3.48845553 8.28454304 -1.19702280
v -3.38580704 8.54260063 -1.04182124
v -3.24981189 8.70468807 -0.86166203
v -3.01967645 8.60612583 -1.43033814
v -2.91263866 8.76821423 -1.22592974
v -2.74616170 8.75417233 -1.31505299
v -2.83890224 8.59208488 -1.52539444
v -2.94297147 8.32315159 -1.68879306
v -3.12393165 8.33895397 -1.59307539
v -1.90205956 8.01127529 0.08318005
v -1.88341355 8.17336273 0.19312268
v -2.09246802 8.15662193 0.26188186
v -2.12906814 7.99453449 0.15651648
v -2.22090912 7.77419662 0.03540724
v -1.99443424 7.78967571 -0.03996879
v -1.78650796 7.81623888 -0.15137488
v -1.69335485 8.04012299 -0.02532911
v -1.69121528 8.20221043 0.09138609
v -3.32300568 8.26139736 -0.14968878
v -3.19197750 8.42348480 -0.02521169
v -3.41970515 8.02791882 -0.28338337
v -3.28319478 7.96985245 -0.14551432
v -3.18773007 8.19912338 -0.01569205
v -3.06740069 8.36121082 0.10042166
v -3.46317673 8.44335079 -0.75539654
v -3.32106256 8.60543823 -0.59311438
v -3.30455041 8.63797188 -0.67837644
v -3.44524646 8.47588348 -0.84633452
v -3.54642081 8.22301769 -0.99639940
v -3.56363988 8.19293785 -0.90302473
v -1.53614044 8.07913971 -0.18840635
v -1.54643488 8.24122810 -0.06151270
v -1.63024282 7.85136366 -0.31821182
v -1.52056885 7.89822769 -0.52219003
v -1.42527831 8.13104153 -0.38778958
v -1.44434094 8.29312897 -0.24845149
v -3.08971572 8.14510536 0.07374478
v -2.97713828 8.30719280 0.18427631
v -3.18408847 7.91874504 -0.05291937
v -3.06550550 7.87129116 0.01549252
v -2.97212148 8.09530830 0.13946797
v -2.86884451 8.25739574 0.24589740
v -1.35563052 8.19854164 -0.60521674
v -1.38020146 8.36062908 -0.45230800
v -1.45241594 7.96000767 -0.74502009
v -1.41889811 8.01702785 -0.94160438
v -1.32075751 8.26070595 -0.79697651
v -1.34808660 8.42279339 -0.63209921
v -2.77810597 8.04569435 0.20232376
v -2.69017363 8.20778179 0.30483007
v -2.87056589 7.82418442 0.08081233
v -2.64457011 7.78775263 0.11603463
v -2.55276513 8.00747108 0.23597275
v -2.48265505 8.16955853 0.33637887
v -1.45262218 8.40761280 -1.30748141
v -1.46952224 8.56970024 -1.11074102
v -1.38798273 8.53194904 -1.00225389
v -1.36408007 8.36986160 -1.19177234
v -1.46450424 8.11535454 -1.34515178
v -1.55378199 8.14966011 -1.46351206
v -2.62701440 8.57613182 -1.58783352
v -2.55103207 8.73821926 -1.37359524
v -2.34671235 8.72012806 -1.40098846
v -2.40514755 8.55804062 -1.61705029
v -2.50879264 8.28834152 -1.78075385
v -2.73088765 8.30637169 -1.75157750
v -2.34119463 7.99184179 0.21407552
v -2.28781748 8.15392971 0.31584835
v -2.43281937 7.77232265 0.09415399
v -1.32947946 8.34210777 -1.09474146
v -1.35611880 8.50419617 -0.91127920
v -1.34909236 8.48144054 -0.82906061
v -1.32184958 8.31935310 -1.00704956
v -1.42123520 8.06997681 -1.15641546
v -1.42934108 8.09034157 -1.24598527
v -2.19443560 8.53758430 -1.61243832
v -2.15266585 8.69967270 -1.39666426
v -2.29779935 8.26878452 -1.77564728
v -1.79136944 7.71498346 -1.26967430
v -1.78325021 7.70178795 -1.18730044
v -2.19829297 7.25920010 -1.17175400
v -2.20622396 7.26390743 -1.24524879
v -2.23106337 7.27091742 -1.32702351
v -1.82180572 7.73177052 -1.36105204
v -3.20332193 7.61960459 -0.17382203
v -3.28753400 7.66198015 -0.26280653
v -3.29903913 7.28824425 -0.35410479
v -3.23218822 7.25649166 -0.26940855
v -3.15422130 7.22470856 -0.20428599
v -3.10357332 7.57918167 -0.10695949
v -3.53846836 7.77666283 -0.71057647
v -3.53942943 7.79903793 -0.85808957
v -3.50296044 7.36050701 -0.89226145
v -3.49891329 7.35310507 -0.76078200
v -3.46785855 7.34183407 -0.61484146
v -3.50191760 7.74822235 -0.54732573
v -2.16795278 7.80462742 -1.66352773
v -2.01333809 7.78174257 -1.57790446
v -2.37915969 7.29569387 -1.52206409
v -2.49634576 7.30734110 -1.59895444
v -2.62618232 7.31836224 -1.65421224
v -2.34030533 7.82471418 -1.72486949
v -3.18579650 7.91737652 -1.60214627
v -3.03779197 7.89628887 -1.68594205
v -3.14809632 7.38206911 -1.62916136
v -3.25866413 7.40899229 -1.56026077
v -3.34987140 7.42806864 -1.46825838
v -3.30921960 7.92767954 -1.49386549
v -3.40886569 7.91458416 -1.36572528
v -3.42124605 7.42632055 -1.35439575
v -3.46881318 7.41371012 -1.24078882
v -3.47762418 7.89030886 -1.24032772
v -2.50998116 7.84232140 -1.75949192
v -2.75357294 7.32964230 -1.68601990
v -2.88292384 7.34300613 -1.69298577
v -2.68275523 7.85918331 -1.76540720
v -3.53190875 7.82164049 -0.96551424
v -3.52014685 7.84435654 -1.05289447
v -3.49448919 7.38624048 -1.06950390
v -3.50038123 7.37228060 -0.98945439
v -2.58257604 7.49370480 -0.02705148
v -2.75564456 7.50853825 -0.00842422
v -2.88970542 7.17010117 -0.10796268
v -2.76054287 7.15629721 -0.12251047
v -2.63379836 7.15307140 -0.17039914
v -2.41063952 7.49312210 -0.08094035
v -3.40266919 7.70742369 -0.39268842
v -3.38941479 7.31845284 -0.47426578
v -1.80036736 7.62434483 -0.80600661
v -1.85112345 7.57972622 -0.59877819
v -2.23230791 7.19602203 -0.63939673
v -2.20060706 7.22032070 -0.82747436
v -2.18895769 7.24359608 -0.99381560
v -1.77738047 7.66593266 -0.98900968
v -2.86440158 7.87703180 -1.74062645
v -3.01864052 7.36027765 -1.67371798
v -1.89687538 7.75574064 -1.47043729
v -2.28972077 7.28253222 -1.42535782
v -2.94182897 7.53959465 -0.04344356
v -3.03049588 7.19440842 -0.14284594
v -2.22785163 7.50481987 -0.15170583
v -2.50026321 7.16050148 -0.23553856
v -2.37949681 7.17226887 -0.33097228
v -2.06095195 7.52452707 -0.25592756
v -1.93668044 7.54797459 -0.41018510
v -2.29105806 7.18205738 -0.46974385
v -2.95116711 6.80219078 -1.67727840
v -2.83870864 6.79625463 -1.64601672
v -2.99676538 6.26997423 -1.66355479
v -3.10950184 6.27227163 -1.69608712
v -3.22379708 6.27992392 -1.70525396
v -3.06518817 6.81224966 -1.68546546
v -2.46456337 6.78498840 -1.25214851
v -2.45676160 6.78662729 -1.18182540
v -2.61392498 6.29216194 -1.19344020
v -2.62173676 6.28656673 -1.26352477
v -2.64457536 6.28152180 -1.34187365
v -2.48735738 6.78460026 -1.33061647
v -3.49745870 6.87954760 -0.52477705
v -3.56839800 6.88943768 -0.66163558
v -3.72836041 6.40409660 -0.68341517
v -3.65729356 6.40285206 -0.54546535
v -3.57570362 6.39252377 -0.42448327
v -3.41600204 6.86138344 -0.40594518
v -3.59738684 6.88778400 -0.80153620
v -3.60241079 6.88404608 -0.92722166
v -3.76241994 6.38368559 -0.94819200
v -3.75740004 6.39434099 -0.82301229
v -2.72389627 6.79259586 -1.59266794
v -2.61996150 6.78986502 -1.51864815
v -2.77747703 6.27428484 -1.53102970
v -2.88166690 6.27119780 -1.60758328
v -2.70962071 6.76051617 -0.27497441
v -2.82592344 6.75580406 -0.21084201
v -2.98441648 6.30760574 -0.21724771
v -2.86776853 6.31086111 -0.28235698
v -2.76277399 6.31383944 -0.37701905
v -2.60495210 6.76674652 -0.36849418
v -3.53727627 6.91258526 -1.37771904
v -3.47576594 6.90625238 -1.48624861
v -3.63522792 6.37777042 -1.51137424
v -3.69690967 6.38893986 -1.40266097
v -3.73730397 6.39019489 -1.29174531
v -3.57752228 6.90855789 -1.26745927
v -2.52897978 6.76669502 -0.50230575
v -2.68656445 6.30784035 -0.51105779
v -2.63689590 6.30072498 -0.67491394
v -2.47948670 6.76760101 -0.66588831
v -3.39592838 6.88139868 -1.57012880
v -3.29861784 6.85106039 -1.63077199
v -3.45774579 6.31771660 -1.65413785
v -3.55523562 6.34970808 -1.59470987
v -3.60145593 6.88768291 -1.02143466
v -3.59751153 6.89500809 -1.09991133
v -3.75743127 6.38537264 -1.12234604
v -3.76142859 6.38222933 -1.04288960
v -3.17516732 6.79110909 -0.18979688
v -3.28534508 6.81360197 -0.25288489
v -3.44488430 6.35524321 -0.26551577
v -3.33449626 6.33805084 -0.19979534
v -3.20953059 6.32378387 -0.16109137
v -3.05047059 6.77271843 -0.15313965
v -3.35546017 6.83821392 -0.32012436
v -3.51509356 6.37502766 -0.33578926
v -2.45425677 6.77670431 -0.84872115
v -2.61152434 6.30035257 -0.85902792
v -2.60356021 6.30120373 -1.02223122
v -2.44638300 6.78619528 -1.01064539
v -2.54013610 6.78671265 -1.42537367
v -2.69746757 6.27757692 -1.43675089
v -3.18468809 6.82827520 -1.66959035
v -3.34357238 6.29476404 -1.69112825
v -2.93679810 6.76041079 -0.16519257
v -3.09558749 6.31277466 -0.17186736
v -3.23531580 5.75218773 -1.70526576
v -3.11923432 5.75110388 -1.67009771
v -3.20620131 5.28651476 -1.71301389
v -3.32781887 5.28906059 -1.75530684
v -3.45111537 5.29660130 -1.76575816
v -3.35299945 5.75903749 -1.71475911
v -2.73309255 5.77698231 -1.25252903
v -2.72505212 5.78389645 -1.18252385
v -2.80441332 5.30936384 -1.13723993
v -2.81257272 5.30012465 -1.22216964
v -2.83567452 5.29252148 -1.31405699
v -2.75660443 5.77038479 -1.33083820
v -3.22115588 5.82011890 -0.15930432
v -3.33847642 5.83069611 -0.14895397
v -3.44785833 5.40186024 -0.01333253
v -3.31724000 5.39435959 -0.02472737
v -3.18945765 5.39042044 -0.07458857
v -3.10667920 5.81476259 -0.20459500
v -3.79941177 5.90050983 -0.53757352
v -3.87257075 5.89887238 -0.67588711
v -4.01531219 5.41677141 -0.54320502
v -3.94628024 5.43160152 -0.40767896
v -3.86259317 5.44079351 -0.29881701
v -3.71542430 5.89279366 -0.41587469
v -3.90246511 5.88641644 -0.81538308
v -3.90762830 5.87345505 -0.94039416
v -4.03479290 5.40130234 -0.87626851
v -4.03717089 5.40664816 -0.71352369
v -3.00071979 5.75395536 -1.60661566
v -2.89343905 5.75898123 -1.52258110
v -2.97097015 5.28619432 -1.52937496
v -3.08203387 5.28559780 -1.63239801
v -2.98655009 5.81753206 -0.27002987
v -3.05503535 5.39266205 -0.14662683
v -2.93471932 5.38843441 -0.24328877
v -2.87841749 5.81942654 -0.36507270
v -3.47632170 5.77348280 -1.70121658
v -3.58031917 5.31250429 -1.75084913
v -3.70347333 5.33554983 -1.70478535
v -3.59386945 5.79649210 -1.66262329
v -3.84010100 5.87094736 -1.39618695
v -3.77658248 5.85816717 -1.50717354
v -3.89490056 5.38973236 -1.51219332
v -3.96144843 5.40151691 -1.38643050
v -4.00504255 5.40483665 -1.26408088
v -3.88171029 5.87396288 -1.28505254
v -3.46713638 5.84358788 -0.18834019
v -3.58077860 5.85901308 -0.25493810
v -3.71682811 5.42068386 -0.13001207
v -3.59078956 5.41030264 -0.05669339
v -3.90659595 5.87030125 -1.03525317
v -3.90246487 5.87205124 -1.11503613
v -4.02678728 5.40273190 -1.07690728
v -4.03111506 5.40080547 -0.98907292
v -2.79992986 5.81144524 -0.49918720
v -2.84925628 5.36508846 -0.36702091
v -2.79908824 5.33986568 -0.52785796
v -2.74876952 5.80165529 -0.66313446
v -2.72261834 5.79812527 -0.84767550
v -2.78465724 5.33001232 -0.73583448
v -2.78927493 5.32607555 -0.93072653
v -2.71439338 5.79609632 -1.01130533
v -2.81106067 5.76442099 -1.42575538
v -2.88866210 5.28819036 -1.41986001
v -3.65304375 5.87718821 -0.32622293
v -3.79676890 5.43400097 -0.20849067
v -3.69423079 5.82903433 -1.59696400
v -3.80862117 5.36451817 -1.62177253
v -2.79476023 4.95600510 -0.44467527
v -2.77183318 4.98482800 -0.16639243
v -2.74643373 4.69593525 0.39666009
v -2.83848548 4.70070076 -0.18391231
v -2.91556668 4.68410635 -0.57542282
v -2.83859730 4.94634533 -0.73335433
v -3.06229281 5.14838362 0.17921843
v -3.22949815 5.14772511 0.27106687
v -3.05532146 4.99106121 0.70456630
v -2.87944865 4.95149612 0.59818977
v -2.91451573 5.12578964 0.07769918
v -2.93801904 4.88982677 -1.44653773
v -2.89401460 4.88926077 -1.30807745
v -2.97354031 4.61323309 -1.32041085
v -3.00423717 4.62343407 -1.50501323
v -3.04857993 4.70693445 -1.62647736
v -3.01319051 4.89816427 -1.58748400
v -3.72315669 5.14077663 0.29388312
v -3.87683320 5.13602734 0.20040217
v -4.02654266 4.94929552 0.63646257
v -3.84354615 4.96655893 0.76941484
v -3.54822755 5.14568329 0.34916800
v -2.81472373 5.05634689 -0.01488601
v -2.76814961 4.84308481 0.53675151
v -2.87411952 4.89988279 -1.17545533
v -2.86627841 4.91609859 -1.04575229
v -2.95228434 4.64420319 -0.98240161
v -2.95889831 4.62358093 -1.14828658
v -3.38622093 4.93001032 -1.89670384
v -3.25775075 4.92307949 -1.83967257
v -3.28130198 4.67440081 -1.88417578
v -3.41571236 4.68438816 -1.94830465
v -3.55112791 4.69612932 -1.96394253
v -3.51646471 4.93962526 -1.91002917
v -3.97372794 5.13477039 0.10034234
v -4.04463959 5.11512375 0.00799236
v -4.20784855 4.89319181 0.39840409
v -4.13747787 4.93533230 0.50104046
v -4.16610718 4.99767590 -0.45230964
v -4.14067030 5.01517773 -0.72825551
v -4.16702366 4.74785233 -0.60350835
v -4.21516562 4.71127987 -0.20535934
v -4.29429007 4.65175867 0.30626056
v -4.17086744 5.00080013 -0.18952282
v -3.38757563 5.14741230 0.33463967
v -3.12658763 4.91085625 -1.72756410
v -3.14113331 4.65495443 -1.75922966
v -4.05555248 5.02355671 -1.40152538
v -3.98525453 5.01476145 -1.56498027
v -4.01558352 4.83129740 -1.59589112
v -4.08111668 4.76718092 -1.45616674
v -4.12309313 4.76616192 -1.25621414
v -4.10160303 5.02778912 -1.24553025
v -3.89411402 5.00130129 -1.71401668
v -3.78304172 4.98305464 -1.82918119
v -3.83309865 4.74630022 -1.87319767
v -3.95531893 4.76031828 -1.73975599
v -3.65294838 4.95990133 -1.89102006
v -3.69431281 4.72083521 -1.94341671
v -4.12036562 5.05520821 -0.06235909
v -4.26915216 4.79139709 0.36380890
v -4.12914419 5.02264977 -0.89489633
v -4.12457228 5.02510643 -1.00688469
v -4.14403105 4.76293230 -0.96289390
v -4.14819813 4.76119947 -0.82689238
v -4.25476885 4.52821636 0.81265956
v -4.18238306 4.55927467 0.37810066
v -4.00004625 4.54930210 0.39099014
v -4.10245275 4.51744747 0.87603152
v -4.18896627 4.51674366 1.23489344
v -4.30771923 4.53000259 1.11510491
v -4.34039450 4.56156731 0.98564935
v -4.33576632 4.56788158 0.76485974
v -3.99684620 4.66250372 -1.56505036
v -3.85416961 4.63258123 -1.67422163
v -3.85925412 4.59483242 -1.39803720
v -4.02121782 4.64329386 -1.32294655
v -4.11023760 4.59924221 -0.14629114
v -3.92481303 4.57708073 -0.17460077
v -4.05561399 4.63209772 -0.60917997
v -3.87842703 4.59498501 -0.66483021
v -3.41432261 4.51788616 -0.97718322
v -3.41467881 4.51195526 -1.10950136
v -3.27405715 4.51348495 -1.08870363
v -3.27260995 4.52125740 -0.95653003
v -3.25556684 4.53437138 -0.70875561
v -3.40560508 4.52820396 -0.72436172
v -3.54805017 4.54047108 -0.70358318
v -3.54867363 4.53284931 -0.96397817
v -3.54876256 4.52619648 -1.10491967
v -3.10005999 4.54902172 -0.86649227
v -3.10406804 4.53378296 -1.02152789
v -2.94566989 4.66482639 -0.81651640
v -3.07338834 4.56656075 -0.61316633
v -3.69913769 4.56009007 -0.95244139
v -3.69913769 4.55321121 -1.09595811
v -3.70744848 4.56358624 -0.69001865
v -3.86256194 4.59721184 -0.92378718
v -3.86195683 4.59160137 -1.06710792
v -3.70451546 4.60046816 -1.72972596
v -3.55718565 4.57413340 -1.74386942
v -3.55097985 4.52986383 -1.44083416
v -3.70048213 4.55642557 -1.43379593
v -3.13242292 4.54311419 -1.59451067
v -3.11616707 4.51706696 -1.35856819
v -3.27842045 4.51391697 -1.40190172
v -3.28427243 4.55407953 -1.68062663
v -3.42148232 4.56154490 -1.72895789
v -3.41682529 4.51693773 -1.42976308
v -4.03095436 4.63812160 -1.14649153
v -3.86135221 4.58598995 -1.21042871
v -4.03337383 4.63996935 -1.00286078
v -4.13986349 4.76466560 -1.09889555
v -2.78135133 4.68316603 1.26742554
v -2.89116073 4.78555727 1.31848145
v -2.95090580 4.67979670 1.78649962
v -2.88206172 4.58491850 1.89466405
v -2.89851665 4.54232836 1.70267868
v -2.79857755 4.57930088 1.24055839
v -3.38016582 4.54729462 -0.23053339
v -3.20733237 4.55817032 -0.22977981
v -3.18456769 4.56312180 0.41464138
v -3.38080764 4.55034924 0.40902638
v -3.57116580 4.54538631 0.41340017
v -3.54635906 4.55002499 -0.20428126
v -3.00139117 4.58869743 -0.16325995
v -2.95114446 4.58708477 0.45293555
v -3.73238111 4.56031418 -0.18978393
v -3.78694296 4.54485512 0.40507236
v -3.88414216 4.51178741 0.95135975
v -3.65003633 4.51042652 1.02893353
v -3.72950339 4.50106573 1.54110718
v -3.97302985 4.50730324 1.38343287
v -0.78315377 17.40210152 -0.36106706
v -0.77696633 17.39230537 -0.28185597
v -0.74454588 17.47612572 -0.20448940
v -0.75100255 17.49201965 -0.28745979
v -0.75203395 17.50483322 -0.35578343
v -0.78482151 17.40936661 -0.42234936
v -0.62264806 17.45718575 -0.93366516
v -0.69735724 17.44826698 -0.86582094
v -0.62176841 17.57583427 -0.78229785
v -0.52621019 17.59045219 -0.83959353
v -0.42780593 17.60287476 -0.87786442
v -0.53537661 17.46504974 -0.97375137
v -0.77995706 17.42858696 -0.58235365
v -0.78198969 17.42101479 -0.52780336
v -0.75028270 17.52599144 -0.47315404
v -0.74902558 17.53972435 -0.53605050
v -0.73396069 17.55354881 -0.60939556
v -0.77008295 17.43614578 -0.65509534
v -0.76420623 17.37893677 -0.17422058
v -0.72202420 17.36243248 -0.05610952
v -0.68771511 17.43498230 0.00855815
v -0.72876406 17.45646286 -0.10095958
v -0.11862034 17.47124290 -1.03095555
v -0.19885691 17.47046280 -1.01715350
v -0.15073361 17.61005783 -0.93580341
v -0.09362058 17.61090851 -0.93902183
v -0.74452591 17.44198036 -0.76127440
v -0.69128013 17.56455994 -0.69852161
v -0.43664765 17.32045555 0.22150983
v -0.37056446 17.31823921 0.28158921
v -0.37264752 17.38034821 0.32270843
v -0.43708909 17.38636017 0.26464176
v -0.51193321 17.39618683 0.19660074
v -0.51954573 17.32725716 0.14972486
v -0.62757099 17.34322739 0.05452868
v -0.60545665 17.41364288 0.10949223
v -3.09801364 4.55667067 2.13599539
v -3.05829549 4.49932432 1.84794164
v -3.10643697 4.67579222 2.01395273
v -3.34854269 4.56298685 2.13258195
v -3.32029986 4.49671125 1.79918706
v -4.00265694 4.57759142 1.63564634
v -3.75610018 4.57322359 1.84870958
v -3.98480773 4.69182968 1.62685859
v -4.19435549 4.68742275 1.38661516
v -4.21652126 4.58241367 1.42194605
v -3.55298328 4.56842947 2.02558756
v -3.52798152 4.49741316 1.68830037
v -4.32156086 4.58856964 1.24315643
v -4.29870796 4.68278646 1.17638648
v -4.32129478 4.68222380 1.00443316
v -4.35151434 4.60989761 1.03576219
v -4.34012365 4.66023302 0.73624784
v -4.29850483 4.75240231 0.76626891
v -3.08112121 4.82705927 1.42647719
v -3.45033455 4.51255322 1.09904218
v -3.24393249 4.51969528 1.15875196
v -2.98972583 4.53337765 1.20512891
v -4.24157572 4.79152250 0.89436817
v -4.13170624 4.80473900 1.07832718
v -3.93126702 4.81919765 1.27592742
v -0.83582926 17.58605576 0.00458639
v -0.80000031 17.56203270 -0.09572999
v -0.79563141 17.54172325 0.00374088
v -0.83276683 17.56431770 0.11320574
v -0.88747489 17.64259148 0.19323586
v -0.88959920 17.66419411 0.07627516
v -0.89043790 17.67934990 -0.02955336
v -0.83664846 17.60178757 -0.09272527
v -0.80081964 17.57736397 -0.18305132
v -0.49191037 17.77852058 -0.83765352
v -0.49271804 17.72465324 -0.82662207
v -0.59884882 17.70327950 -0.74695152
v -0.60021490 17.75423241 -0.74244821
v -0.62665176 17.84182167 -0.75534159
v -0.51280332 17.86663628 -0.86420846
v -0.40970102 17.88033676 -0.94430840
v -0.39258903 17.79284096 -0.90773314
v -0.39234906 17.73883247 -0.88454652
v -0.83425885 17.65528297 -0.38057238
v -0.79842997 17.62584114 -0.43308881
v -0.79942846 17.60684204 -0.34605315
v -0.83525741 17.63435555 -0.28072253
v -0.88901377 17.71268463 -0.23811266
v -0.88799155 17.73430252 -0.34845760
v -0.85386968 17.76332283 -0.47184759
v -0.80396843 17.68260193 -0.49163187
v -0.77320021 17.64888191 -0.53008080
v -0.82642984 17.53087234 0.24070439
v -0.78537488 17.51265907 0.12173802
v -0.74741620 17.47017479 0.25562578
v -0.79009867 17.48035622 0.39093280
v -0.84878600 17.55597305 0.49628726
v -0.88402021 17.60766029 0.33015928
v -0.07736491 17.80207825 -1.02011693
v -0.08033581 17.74784660 -0.97821450
v -0.12483336 17.74691010 -0.97452211
v -0.11891787 17.80110168 -1.01402354
v -0.12002297 17.88843536 -1.06328082
v -0.07791993 17.88942337 -1.07121551
v -0.71509397 17.71892166 -0.61968243
v -0.69950807 17.67635918 -0.64140308
v -0.75354850 17.80327415 -0.61601514
v -0.49072498 17.30956268 0.84102303
v -0.47066671 17.32872772 0.63027155
v -0.39362708 17.31746483 0.70047969
v -0.40579820 17.29590797 0.91891861
v -0.43245533 17.37333679 1.10092294
v -0.52760065 17.38773537 1.01609564
v -0.63110393 17.41902733 0.89156908
v -0.58477056 17.34084892 0.73111129
v -0.55650496 17.35457993 0.53652930
v -0.69705367 17.40739822 0.56774151
v -0.65994048 17.40960503 0.40276849
v -0.75132316 17.48410225 0.70086175
v -0.83990526 17.70671272 0.77027631
v -0.71357298 17.66016960 0.98377836
v -0.79665965 17.96567726 1.01555264
v -0.92665172 17.99192619 0.78665799
v -1.02633071 18.02362442 0.54156935
v -0.93948317 17.75948715 0.54173648
v -0.97925115 17.85055923 0.09070870
v -0.97732854 17.83222580 0.21439646
v -1.06425214 18.07975006 0.19640124
v -1.06619227 18.09445381 0.06827352
v -1.06709743 18.10445976 -0.04619725
v -0.98014820 17.86318970 -0.02068975
v -0.57709748 18.02325058 -0.92181045
v -0.70323026 18.00268555 -0.80302805
v -0.78637612 18.21434784 -0.86362976
v -0.64908594 18.22993469 -0.98844403
v -0.51904440 18.23931885 -1.07700658
v -0.46055701 18.03480911 -1.00766098
v -0.59811115 17.63675499 1.11981058
v -0.48808461 17.62490463 1.21005821
v -0.54618120 17.94242096 1.25279427
v -0.67046988 17.95112419 1.15904808
v -0.97468174 17.80159760 0.36059114
v -1.06158125 18.05451965 0.34949178
v -0.08552679 18.04299736 -1.14070642
v -0.13516931 18.04205132 -1.13205004
v -0.15458441 18.24565697 -1.20273387
v -0.09527755 18.24655342 -1.21151161
v -0.83774012 17.97120285 -0.64845437
v -0.94203722 17.93804932 -0.48939267
v -1.02894771 18.16788483 -0.52833951
v -0.92462528 18.19202805 -0.69811326
v -0.97753179 17.91247368 -0.35714617
v -0.97862506 17.89264107 -0.24094430
v -1.06556034 18.12925720 -0.27189818
v -1.06445718 18.14682388 -0.39075342
v -1.11034548 18.39437485 -0.43339479
v -1.11128902 18.37756538 -0.31365511
v -1.11225045 18.60078239 -0.31971297
v -1.11157417 18.61723709 -0.43604842
v -1.08094049 18.63608551 -0.57090634
v -1.07507753 18.41393089 -0.57276076
v -1.10788572 18.30826187 0.31435308
v -1.07346940 18.28110504 0.51007468
v -1.07791543 18.50889206 0.46828300
v -1.10981107 18.53404427 0.28388271
v -1.11144841 18.55662346 0.13654539
v -1.11017013 18.33169556 0.15896389
v -0.10226420 18.48384094 -1.26655209
v -0.16849582 18.48296165 -1.25773394
v -0.19290161 18.72491837 -1.21585071
v -0.11479841 18.72604179 -1.22370422
v -0.97116047 18.43507385 -0.74610519
v -0.99039221 18.65581322 -0.73753518
v -0.86729497 18.67523956 -0.89929938
v -0.83251506 18.45433807 -0.91526926
v -0.71289009 18.22534943 1.14068818
v -0.58024025 18.21769524 1.23560059
v -0.59259009 18.46156311 1.16406333
v -0.72827166 18.46571541 1.06780481
v -0.86053240 18.47342491 0.92511165
v -0.84484613 18.23694801 0.99470508
v -0.97541440 18.25643349 0.76067966
v -0.98595148 18.48825264 0.70364851
v -1.11182952 18.34518814 0.02935620
v -1.11263776 18.56954575 0.01236893
v -1.11319268 18.57826614 -0.09918419
v -1.11260366 18.35432053 -0.08613868
v -0.69306183 18.46826553 -1.04209423
v -0.73901451 18.69318581 -1.01956356
v -0.61047947 18.70705414 -1.10317934
v -0.55905068 18.47692490 -1.13156068
v -0.71951437 18.67850304 0.94347167
v -0.58555883 18.68485641 1.04376888
v -0.57302439 18.86723137 0.88305444
v -0.70390284 18.84934998 0.78437579
v -0.82403213 18.83078957 0.66840965
v -0.84611887 18.67455101 0.81064844
v -1.06357312 18.70308304 0.28678828
v -1.03668511 18.68394852 0.43722478
v -0.98509783 18.77717018 0.42840147
v -0.99024928 18.82034492 0.32826391
v -0.99051559 18.84373474 0.22103466
v -1.06445301 18.72310257 0.16360664
v -0.14119183 18.94433594 -1.00084400
v -0.24379990 18.94248199 -0.99588448
v -0.29191163 19.10230827 -0.70727205
v -0.16618577 19.10562897 -0.70879495
v -0.99536717 18.80972481 -0.61750823
v -1.04705048 18.79423904 -0.47102636
v -0.98614174 18.90778160 -0.35407180
v -0.97317296 18.91706657 -0.48842540
v -0.93160558 18.90786743 -0.62406647
v -0.91636372 18.82963753 -0.75707287
v -0.95802146 18.67540359 0.62687212
v -0.92266333 18.81166077 0.53020555
v -1.06452060 18.77751732 -0.34969252
v -1.06488395 18.76212692 -0.24356978
v -0.99064672 18.88103485 -0.15088107
v -0.99053752 18.89454269 -0.24500184
v -1.06509209 18.73431396 0.05572392
v -0.99070871 18.85594559 0.12150435
v -0.99079883 18.86300468 0.02794409
v -1.06539035 18.74179840 -0.04400396
v -0.81693333 18.85963821 -0.85765475
v -0.88737524 18.96286011 -0.64061403
v -0.78830838 19.01006889 -0.68044633
v -0.70323420 18.88913727 -0.92371893
v -0.17452131 19.03876686 0.89322507
v -0.17452733 19.10162544 0.68464828
v -0.30796927 19.09626961 0.62349510
v -0.30795729 19.02674866 0.83424222
v -0.31006530 18.90048027 1.04126811
v -0.17558002 18.91557884 1.09653652
v -0.17453285 19.16046715 0.21741810
v -0.17453134 19.17463684 0.06868356
v -0.30797726 19.16865540 0.03666129
v -0.30798024 19.15585709 0.17100422
v -0.30798098 19.14271545 0.30894625
v -0.17453322 19.14628220 0.36631453
v -0.17452160 19.17682648 -0.45838141
v -0.30795783 19.17105103 -0.45945060
v -0.30796865 19.18525124 -0.25529537
v -0.17452702 19.19289398 -0.24900088
v -0.17453134 19.13206673 0.51553470
v -0.30797726 19.12888908 0.45408651
v -0.91100371 18.95089722 0.17179340
v -0.91102052 18.95997238 0.06520198
v -0.91096759 18.93111992 0.28971636
v -0.81673694 18.99176598 0.36214963
v -0.81676263 19.02004623 0.21865094
v -0.81677461 19.03164291 0.09409401
v -0.91089720 18.99809265 -0.45268765
v -0.91094828 18.99609947 -0.30099392
v -0.81673080 19.06170082 -0.28360781
v -0.81669545 19.05674744 -0.46062854
v -0.91101396 18.96818161 -0.02459065
v -0.91099572 18.97693634 -0.10730239
v -0.99075603 18.87094498 -0.06137507
v -0.81677139 19.04075050 -0.00242064
v -0.81676054 19.04885864 -0.08524380
v -0.91091645 18.89080429 0.41350371
v -0.81669915 18.93260384 0.51548970
v -0.91097748 18.98764610 -0.19265117
v -0.81674981 19.05745697 -0.16872621
v -0.17452984 19.18880463 -0.08005100
v -0.30797425 19.18145370 -0.09768166
v -1.06524742 18.75064659 -0.14272104
v -1.11292672 18.58823586 -0.20865150
v -1.11223269 18.36466217 -0.19918941
v -1.06666362 18.11559868 -0.15831697
v -0.97971833 17.87671471 -0.13001645
v -0.89003599 17.69494057 -0.13308027
v -0.83625591 17.61720467 -0.18630087
v -0.80042702 17.59148979 -0.26459986
v -0.78402239 17.41514015 -0.47619838
v -0.91692674 17.28115082 -0.53528231
v -0.75153971 17.51525879 -0.41537324
v -4.03579330 4.64181757 -0.85923010
v -3.69913769 4.54633236 -1.23947477
v -3.54885173 4.51954365 -1.24586129
v -3.10807633 4.51854420 -1.17656350
v -3.27550483 4.50571156 -1.22087741
v -3.41503549 4.50602436 -1.24181938
v -4.12000036 5.02756214 -1.11887300
v -4.02245903 5.40465879 -1.16474152
v -2.85843706 4.93231487 -0.91604936
v -2.79625368 5.31860352 -1.05231035
v -3.89833379 5.87380123 -1.19481909
v -3.75343370 6.38851643 -1.20180237
v -2.71701193 5.79081059 -1.11251867
v -2.60611320 6.29775715 -1.12335551
v -3.59356713 6.90233231 -1.17838812
v -3.48859668 7.40019989 -1.14955342
v -2.44895959 6.78826618 -1.11150229
v -2.19036174 7.25449276 -1.09825921
v -3.50838518 7.86707306 -1.14027488
v -3.52920151 8.25309658 -1.08977401
v -1.77513099 7.68859243 -1.10492659
v -1.41312933 8.04961109 -1.06684577
v -1.31421971 8.29659748 -0.91935766
v -1.34206581 8.45868492 -0.74684197
v -3.42731619 8.50841713 -0.93727237
v -3.28803802 8.67050552 -0.76363850
v -1.35440862 8.88735867 -0.43964407
v -1.31062567 9.09738350 -0.35736203
v -1.36558914 8.68481731 -0.54342514
v -3.04741359 9.03043461 -0.50108719
v -2.99501681 9.21794796 -0.45116168
v -3.12565923 8.87945175 -0.57056272
v -1.20513368 17.12902260 -0.60253310
v -1.54562128 16.99606895 -0.64813608
v -1.83536756 16.91960144 -0.64227641
v -2.06959987 16.86970520 -0.61068535
v -2.52538443 15.25928402 -0.40310627
v -2.45646405 15.17732048 -0.41694432
v -2.58936810 15.34671783 -0.41886485
v -2.12852097 14.66028595 -0.35385558
v -2.02407265 14.42277813 -0.28204083
v -2.24525666 14.87197018 -0.41846973
v -1.94736195 14.17101097 -0.24812646
v -1.90837169 13.94498920 -0.23205648
v -1.91708374 13.78471947 -0.21377485
v -1.96261048 13.62611961 -0.19993101
v -2.03406358 13.40511131 -0.19717444
v -1.21807587 9.23964214 -0.33160657
v -1.08375835 9.38965321 -0.34285820
v -3.00154686 9.43015862 -0.43063328
v -3.04995108 9.69004154 -0.43736106
v -0.91467226 9.62293625 -0.37159753
v -0.75111598 9.89711380 -0.38624033
v -3.12317657 10.02057076 -0.46920425
v -3.13297248 10.46385670 -0.49496675
v -0.63338774 10.16980648 -0.35520247
v -0.54708380 10.41063404 -0.31625247
v -2.99108768 11.06200981 -0.48345232
v -2.79730868 11.62318420 -0.45943537
v -0.22845976 11.13867283 -0.33394361
v -0.38507855 10.80031490 -0.31677252
v -2.30037785 12.70924568 -0.44913018
v -2.50269151 12.25292873 -0.44524550
v -2.65142274 11.95553303 -0.44769019
v -0.47780031 10.58921909 -0.30715898
v -2.35882974 15.04626560 -0.43078241
v -2.32535338 15.06826687 -0.24083225
v -2.38226557 15.04537487 -0.58706504
v -2.29993892 15.13249016 0.01645298
v -2.24860930 15.16946030 0.31366801
v -0.90928203 15.04595757 1.26696026
v -0.75161874 15.05844688 1.29935765
v -1.13981807 15.03260326 1.20078325
v -1.52848518 15.01752377 1.08299839
v -1.91457677 15.03259659 0.89630616
v -2.23134637 15.05812550 -1.21554804
v -2.33161521 15.04744911 -0.93953913
v -2.02063131 15.06495380 -1.50317824
v -0.23498441 14.99799061 -1.91475272
v -0.42834771 14.99724197 -1.91929173
v -2.13738680 15.10970211 0.62340754
v -2.37755775 15.04448414 -0.74334764
v -1.64335012 15.05637074 -1.73423338
v -1.25088251 15.03861713 -1.88520503
v -0.61825371 14.99650669 -1.92374957
v -0.57486260 14.86839199 -1.83308232
v -0.74892211 14.86911392 -1.83263838
v -0.80643106 15.00149822 -1.92816687
v -0.84854698 15.08966255 -1.99171281
v -0.63761294 15.08183575 -1.98077416
v -0.22261024 15.08569431 1.30680573
v -0.21670103 14.88680077 1.27750027
v -0.22267008 15.23285007 1.33235168
v -0.40382814 15.22601891 1.34350049
v -0.40370902 15.08087158 1.31778955
v -0.39710125 14.88397503 1.29291511
v -0.43903267 19.16357422 -0.11499707
v -0.43902433 19.16657448 -0.26147729
v -0.56888711 19.13960838 -0.26760301
v -0.56889814 19.13726234 -0.13215487
v -0.56890404 19.12714386 -0.02595187
v -0.43903714 19.15212250 0.00521157
v -0.43903714 19.11511040 0.39373708
v -0.43904272 19.12855530 0.25260374
v -0.56891143 19.10592651 0.19677410
v -0.56890404 19.09285927 0.33393696
v -0.56888831 19.05970383 0.49675855
v -0.43902525 19.08168221 0.56092238
v -0.43900821 19.15267372 -0.46050072
v -0.41650248 19.08664894 -0.70522940
v -0.54173404 19.06442833 -0.70212191
v -0.56886572 19.12640953 -0.46154130
v -0.43904161 19.14067268 0.12542021
v -0.56890994 19.11702728 0.08025114
v -0.43900740 19.00961304 0.76626182
v -0.56886464 18.98833847 0.69025773
v -0.44214600 18.88431931 0.96939635
v -0.34902528 18.93328476 -0.98882514
v -0.27739927 18.72196960 -1.20430768
v -0.37355149 18.71811104 -1.18528652
v -0.46039212 18.92041779 -0.97749680
v -0.17877015 18.70415115 1.24985456
v -0.18055968 18.44895172 1.35788500
v -0.31641734 18.69762230 1.19951284
v -0.31998050 18.45321846 1.31169319
v -0.17741653 18.19444847 1.42533410
v -0.16874814 17.91778946 1.43898642
v -0.31372207 18.20231438 1.38052571
v -0.29646209 17.92538261 1.39537621
v -0.24244717 18.48209572 -1.24469626
v -0.22173482 18.24477577 -1.18973601
v -0.30247247 18.24390221 -1.16818988
v -0.32992387 18.48123932 -1.22311080
v -0.19282815 18.04112053 -1.11917138
v -0.17027716 17.88746643 -1.05111074
v -0.23363349 17.88650513 -1.03052282
v -0.26416066 18.04019928 -1.09774351
v -0.15396197 17.59611893 1.38562620
v -0.14102857 17.34041214 1.26618636
v -0.26702076 17.60289383 1.34561110
v -0.24066699 17.34710503 1.22844601
v -0.13791850 17.26164436 1.08159912
v -0.13972013 17.28506279 0.86443835
v -0.23266976 17.27027321 1.04109657
v -0.23385079 17.29528618 0.81865513
v -0.16863179 17.80014420 -1.00366187
v -0.17743921 17.74598885 -0.96651876
v -0.23865324 17.74507713 -0.95102370
v -0.22953595 17.79919624 -0.98527908
v -0.14977321 17.31150627 0.46403500
v -0.15495795 17.20754242 0.45868114
v -0.14448541 17.36209106 0.49288651
v -0.23824343 17.36826897 0.43651453
v -0.24551621 17.31378365 0.40229988
v -0.25527322 17.20656204 0.40059498
v -0.28211081 17.46969604 -1.01028752
v -0.37507233 17.29713821 -1.15576541
v -0.48469990 17.29644585 -1.15342116
v -0.36659467 17.46893692 -1.00477266
v -0.28203523 17.60839653 -0.92164165
v -0.21461639 17.60922241 -0.93103200
v -0.15761241 17.07358742 0.37478298
v -0.16301286 16.93922234 0.30797875
v -0.26593763 17.07159424 0.33842474
v -0.28295442 16.93727493 0.29362512
v -0.47984335 17.11543083 -1.35608923
v -0.57213080 16.96235847 -1.53690422
v -0.74022382 16.96172714 -1.53569067
v -0.61960202 17.11478615 -1.35484743
v -0.17643549 16.83403206 0.35390681
v -0.19386920 16.76182556 0.44048217
v -0.31176865 16.83200073 0.34403211
v -0.34648162 16.75964546 0.43278715
v -0.62764132 16.87569809 -1.62385571
v -0.66476345 16.82224464 -1.66387498
v -0.86722708 16.82153893 -1.66251671
v -0.81548798 16.87504005 -1.62258971
v -0.22861975 16.57516098 0.65752637
v -0.22800058 16.37289619 0.82228607
v -0.22434901 16.68009377 0.55580598
v -0.40717113 16.67765617 0.57918936
v -0.41567481 16.57268524 0.68568307
v -0.41444194 16.37042046 0.84952062
v -0.67761141 16.58109856 -1.84327614
v -0.63005483 16.37883377 -1.94082689
v -0.93727762 16.37803078 -1.96199918
v -0.95093346 16.58029556 -1.85474968
v -0.95028871 16.69435120 -1.76048374
v -0.71437812 16.69514084 -1.75874960
v -0.22637692 16.03458405 1.07158995
v -0.22459984 15.69143867 1.29098105
v -0.41120902 16.03210831 1.09770918
v -0.40767056 15.68831921 1.31819010
v -0.61017764 16.04052162 -2.03475380
v -0.60510808 15.68265915 -2.09554267
v -0.92067218 15.68185616 -2.11958766
v -0.92739111 16.03971863 -2.05898929
v -0.60197431 15.42174435 -2.09367943
v -0.60698843 15.24755955 -2.05968118
v -0.90670645 15.24819374 -2.08203220
v -0.91651875 15.42094135 -2.11766052
v -0.22352038 15.47467804 1.36600161
v -0.22295746 15.35361958 1.36393261
v -0.40552127 15.46962643 1.39890397
v -0.40440041 15.34665585 1.39837730
v -0.22272992 15.29758453 1.35205507
v -0.40394732 15.29003334 1.37513626
v -0.62636292 15.14988804 -2.02406549
v -0.88301063 15.15483093 -2.04152536
v -0.51401669 14.67198277 -1.68886375
v -0.45559508 14.43434238 -1.51507401
v -0.59084928 14.43365669 -1.51317871
v -0.66827917 14.67128944 -1.68687892
v -0.19909310 14.66685104 1.24651909
v -0.17939472 14.42926884 1.22156489
v -0.37751627 14.66471195 1.26378977
v -0.35376889 14.42715359 1.23926175
v -0.41947672 14.18253040 -1.33569348
v -0.40786034 13.94973660 -1.19250965
v -0.52758348 13.94905281 -1.19064415
v -0.54297936 14.18184757 -1.33382797
v -0.16721410 14.17747688 1.21033990
v -0.16329570 13.95145512 1.21362174
v -0.33467388 14.17536926 1.22817886
v -0.32687178 13.94934845 1.23146069
v -0.10822283 12.46625519 -1.68141663
v -0.15886517 12.40430260 -1.69830072
v -0.14023818 12.85302067 1.34086597
v -0.14402980 13.06335735 1.29788780
v -0.30194420 13.06125927 1.31971216
v -0.28207400 12.85094833 1.35205805
v -0.15836638 13.34559822 1.27349520
v -0.17067531 13.61609077 1.25561845
v -0.34419668 13.61398411 1.27458680
v -0.32758105 13.34349155 1.29585183
v -0.16838393 13.79118538 1.23218751
v -0.33700317 13.78907776 1.25002658
v -0.42294472 13.76914597 -1.12730992
v -0.44561899 13.62028027 -1.10114574
v -0.57762736 13.61955452 -1.09933233
v -0.54757571 13.76846313 -1.12544429
v -0.45677233 13.48265648 -1.07506943
v -0.44601458 13.30082893 -1.12611914
v -0.57815170 13.29924488 -1.12479293
v -0.59240955 13.48180580 -1.07341266
v -0.40295577 13.01935005 -1.33133340
v -0.33322760 12.71343136 -1.55998313
v -0.52108312 13.01590538 -1.33058119
v -0.37470138 12.36342430 1.38288975
v -0.51254064 12.36367512 1.37852013
v -0.40099335 12.08073711 1.36844254
v -0.30890948 12.08926582 1.37426138
v -0.43616688 12.64038372 1.37570333
v -0.22520725 11.88913345 1.35107064
v -0.25916752 11.84980202 1.34090376
v -2.29082084 16.70670509 -1.35535705
v -2.13361907 16.71642113 -1.35216057
v -2.19871497 16.63251495 -1.60463035
v -2.40701127 16.63663101 -1.57668054
v -2.45670342 16.71299744 -1.35442638
v -2.50890350 16.75442696 -1.14350116
v -2.38615990 16.75023079 -1.11372626
v -2.26204205 16.76116943 -1.08399093
v -2.55048752 15.55077076 -1.28862739
v -2.61081386 15.50123692 -1.01794183
v -2.71304822 15.64433765 -1.06534731
v -2.65325451 15.67120361 -1.31065464
v -2.57596087 15.72953129 -1.56605422
v -2.45939779 15.64131069 -1.56835377
v -2.46424365 16.20820618 0.28795514
v -2.43679500 16.40604591 0.19562121
v -2.57881474 16.45714760 0.13603555
v -2.58894706 16.27009010 0.22574392
v -2.61025929 16.08504486 0.25814229
v -2.50799274 16.01326180 0.32417756
v -2.47788954 16.71577644 -0.26653093
v -2.35369396 16.71645546 -0.20612343
v -2.38359499 16.76043129 -0.40701982
v -2.49583006 16.74950790 -0.47134820
v -2.60127711 16.75717735 -0.54632515
v -2.60163116 16.73071671 -0.34098789
v -2.59349370 16.67800140 -0.13715522
v -2.45096803 16.65246391 -0.06758475
v -2.64620757 15.63304996 -0.08064485
v -2.60792518 15.76152897 0.13216612
v -2.68091464 15.85846519 0.06561648
v -2.73872185 15.75437927 -0.15343094
v -2.78307223 15.67371845 -0.38582700
v -2.66915202 15.53067207 -0.30916825
v -2.43481994 16.55167580 0.08178695
v -2.58310914 16.58996391 0.01846088
v -2.33325505 15.77847767 -1.79417932
v -2.49132466 15.83093071 -1.78546393
v -2.42093396 15.97632217 -1.93260300
v -2.22025919 15.95713520 -1.94238544
v -2.55887008 15.87631798 0.26967743
v -2.63950443 15.95826149 0.20378701
v -2.48503613 16.76154900 -0.63833296
v -2.37581968 16.77528954 -0.57810843
v -2.34920573 16.77558899 -0.73429310
v -2.45987487 16.76274490 -0.78640163
v -2.56373143 16.76711655 -0.84398186
v -2.58618808 16.76644516 -0.70645529
v -2.64466643 15.48709011 -0.81923914
v -2.66185594 15.49063587 -0.65652800
v -2.76407170 15.64050388 -0.71764958
v -2.74518561 15.63732719 -0.87621498
v -2.16860986 16.17214394 -1.98925281
v -2.38637805 16.16662788 -1.97119045
v -2.37700534 16.36096954 -1.91371381
v -2.15593457 16.37740135 -1.94174218
v -2.15986133 16.52680206 -1.80681324
v -2.38216424 16.51846313 -1.77266002
v -2.67219305 15.49418163 -0.49381685
v -2.78411126 15.64419746 -0.56404340
v -2.43471384 16.76394081 -0.93447024
v -2.32259202 16.77588654 -0.89047784
v -2.54127479 16.76778793 -0.98150843
v -0.35305655 11.89244366 1.34524453
v -0.50243765 12.09270096 1.36625051
v -0.63741672 12.36392498 1.37415051
v -0.63921052 13.01245975 -1.32982886
v -0.71028876 13.29766178 -1.12346673
v -0.72804677 13.48095417 -1.07175589
v -0.70963573 13.61882973 -1.09751904
v -0.67220676 13.76778030 -1.12357867
v -0.64730662 13.94836998 -1.18877852
v -0.66648203 14.18116474 -1.33196235
v -0.72610354 14.43297005 -1.51128328
v -0.82254165 14.67059612 -1.68489408
v -0.92298156 14.87269688 -1.83219457
v -1.10904908 15.17121410 -2.05898523
v -1.05182874 15.11465168 -2.00265145
v -1.15285826 15.25168705 -2.10438299
v -1.16984487 15.42013931 -2.14164186
v -1.17501783 15.68105412 -2.14363241
v -1.18338633 16.03891563 -2.08322501
v -1.19093442 16.37722778 -1.98317146
v -1.19364631 16.57949257 -1.86622310
v -1.17854702 16.69355965 -1.76221812
v -0.99656451 16.87438202 -1.62132370
v -1.06799817 16.82083130 -1.66115844
v -0.89816171 16.96109581 -1.53447700
v -0.75259060 17.11413956 -1.35360563
v -0.59249562 17.29575348 -1.15001845
v -0.45052105 17.46817780 -0.99502379
v -0.34975636 17.60756874 -0.90456647
v -0.30465963 17.79824638 -0.95512229
v -0.30897531 17.74416542 -0.92485666
v -0.31504291 17.88554382 -0.99733436
v -0.35482419 18.03927803 -1.06343937
v -0.40254116 18.24302864 -1.13376760
v -0.43673155 18.48038292 -1.18864930
v -0.48661834 18.71425056 -1.15499866
v -0.58142442 18.90754890 -0.95973057
v -0.66938198 19.04141235 -0.69740492
v -0.69872189 18.96389198 0.60720402
v -0.69875133 19.03217888 0.43083233
v -0.69877827 19.08704185 0.03508207
v -0.69877094 19.09582520 -0.05711530
v -0.69878012 19.07695770 0.14094445
v -0.69872320 19.09697723 -0.46258187
v -0.69874978 19.10709381 -0.27372867
v -0.69877094 19.06427002 0.27413684
v -0.69876361 19.10460854 -0.14931267
v -0.99460840 15.01793003 -1.93258405
v -0.58156979 15.07093716 1.31580377
v -0.58468473 14.87989902 1.29185629
v -0.58174717 15.21021461 1.34215522
v -0.45160335 18.69120979 1.12996686
v -0.45690849 18.45740891 1.24622285
v -0.44759047 18.21004105 1.31641376
v -0.42189252 17.93371773 1.33244133
v -0.37805808 17.61305428 1.28620672
v -0.33731002 17.35893631 1.17253220
v -0.32087138 17.28225327 0.98623973
v -0.31658745 17.30620193 0.76363820
v -0.31298363 17.31602097 0.34166861
v -0.32608807 17.20560074 0.34354731
v -0.31033158 17.37433624 0.37989393
v -0.35547328 17.06963730 0.30271655
v -0.39653826 16.93536186 0.28015167
v -0.44468209 16.83000565 0.33682790
v -0.49636534 16.75750542 0.42602405
v -0.59938532 16.57025337 0.68976402
v -0.59754980 16.36798859 0.85269582
v -0.58672440 16.67526054 0.58215225
v -0.59273636 16.02967644 1.09978914
v -0.58746803 15.68395615 1.32031453
v -0.58426797 15.45946884 1.40354240
v -0.58259916 15.33072090 1.40439928
v -0.58192456 15.27222252 1.37781203
v -0.59438443 14.66261101 1.26341200
v -0.59788680 14.42507648 1.23930252
v -0.58240986 14.17330074 1.22835910
v -0.57079351 13.94727898 1.23164093
v -0.24246177 12.45828247 -1.68133986
v -0.50689000 12.84891319 1.35144925
v -0.56741273 13.05919838 1.32157743
v -0.59827721 13.34142208 1.29753804
v -0.60319507 13.61191463 1.27514362
v -0.58587790 13.78700924 1.25020683
v -3.19667649 8.77682877 -0.64974093
v -3.16060376 8.81101131 -0.74348402
v -3.21225858 8.74429512 -0.56820196
v -1.36033201 8.56500816 -0.63367778
v -1.36601353 8.52911758 -0.52394551
v -1.36696267 8.58776379 -0.71230608
v -2.12526631 8.80599594 -1.25512409
v -1.94581461 8.78156948 -1.22289634
v -2.30838132 8.82645226 -1.25925934
v -1.37359321 8.61051941 -0.79093444
v -1.40366220 8.63827324 -0.87793666
v -2.25280404 8.26025295 0.38260776
v -2.43666530 8.27588177 0.40224174
v -2.06845975 8.26294613 0.33099782
v -2.50119042 8.84454346 -1.23306239
v -2.68532729 8.86049652 -1.17707658
v -1.48060799 8.67602444 -0.98168641
v -1.60164690 8.71628475 -1.08353078
v -2.63249350 8.31410599 0.37207055
v -2.80109882 8.36371899 0.31571132
v -1.39631915 8.46695328 -0.35200527
v -1.45684516 8.39945221 -0.15705064
v -2.90329170 8.41351700 0.25678107
v -2.98846912 8.46753502 0.17658812
v -1.55318773 8.34755135 0.02172501
v -1.68981183 8.30853462 0.16794713
v -3.22784066 8.71176147 -0.48666307
v -3.23907161 8.67698383 -0.38532880
v -3.10602784 8.52980900 0.05644086
v -3.20679545 8.58998775 -0.08883253
v -1.87118256 8.27968597 0.26524118
v -2.84242582 8.87453747 -1.09184504
v -2.97449613 8.87456894 -0.98436546
v -3.08354974 8.84849262 -0.86163533
v -1.76399517 8.75156593 -1.16481638
v -3.24159980 8.63771915 -0.24440385
v -0.54804862 16.72180176 0.50101888
v -0.38119459 16.72408676 0.50303179
v -0.71338379 16.71953583 0.49429354
v -1.13266158 16.76728249 -1.70099318
v -1.35728979 16.75932884 -1.69140720
v -0.91727364 16.76803589 -1.70244372
v -0.70188564 16.76879120 -1.70389426
v -0.48451895 16.76955223 -1.70535839
v -0.21130294 16.72641373 0.49561992
v -2.24354577 16.81647110 -0.57909429
v -2.25058770 16.80060768 -0.41397348
v -2.21755099 16.81647110 -0.73151517
v -2.19155645 16.81647110 -0.88393593
v -2.13295865 16.80284119 -1.07265174
v -1.60039842 16.73697853 -1.66555059
v -1.82876182 16.72844696 -1.56565630
v -2.21972394 16.75301552 -0.22345276
v -2.13592839 16.70758820 -0.04457124
v -0.87871903 16.71727180 0.48756826
v -1.09701860 16.71455383 0.44635594
v -1.42124677 16.71093369 0.33616948
v -1.75057471 16.70571709 0.20119834
v -2.00915456 16.76195145 -1.33395779
v -0.26319501 16.77032852 -1.70684898
v -1.98417354 16.69821167 0.08563195
v -2.60721135 16.71548462 -1.36024702
v -2.58818245 16.63734055 -1.57761538
v -2.63386440 16.75816154 -1.15495884
v -2.69426751 16.78116798 -0.72916257
v -2.67494798 16.77787590 -0.86317509
v -2.71392035 16.77277565 -0.57131732
v -2.82118273 15.75962734 -1.33353281
v -2.86795187 15.73050690 -1.10172474
v -2.76353908 15.81359291 -1.56667030
v -2.89535332 15.72438812 -0.89982957
v -2.91421771 15.73080349 -0.72280926
v -2.74818349 16.32009125 0.20500699
v -2.74952936 16.49776649 0.11617382
v -2.75246644 16.14187241 0.23281035
v -2.62138247 16.17881393 -1.95938587
v -2.65237308 16.01239014 -1.91539049
v -2.60290170 16.35802460 -1.90973353
v -2.73423958 16.74101067 -0.36580670
v -2.74899197 16.68733788 -0.16034527
v -2.58929038 16.51452827 -1.77162707
v -2.87209272 15.84353733 -0.18006100
v -2.80301118 15.93621731 0.02623968
v -2.93070626 15.77010632 -0.39560202
v -2.93537498 15.73928547 -0.56562579
v -2.75194359 16.61321831 -0.00264768
v -2.65562844 16.77458382 -0.99718767
v -2.70351386 15.89424801 -1.77255428
v -2.76693892 16.02478790 0.16854237
v -12.40326595 16.13498878 -1.32958841
v -12.35389900 16.14795685 -1.30597889
v -12.44568634 16.17094803 -1.38801312
v -12.36942101 16.08388710 -1.31483710
v -12.31785393 16.09498787 -1.29290843
v -12.41412544 16.10352898 -1.68596578
v -12.36881924 16.11139488 -1.71509600
v -12.32429409 16.07220650 -1.70488739
v -12.37284088 16.06334877 -1.67708826
v -12.45563698 16.14351845 -1.65032864
v -12.36450958 16.03640556 -1.67090368
v -12.31468391 16.04559326 -1.69880152
v -12.37444115 16.01896477 -1.62306380
v -12.37618542 16.03951645 -1.31090176
v -12.32435799 16.05102921 -1.28524351
v -12.39266109 16.01095772 -1.35621786
v -12.46465015 16.16989136 -1.52296877
v -12.38795280 16.00729561 -1.48922014
v -12.44532871 16.03426361 -0.97824079
v -12.39373016 16.04463196 -0.96345621
v -12.37587929 16.10822487 -0.97531366
v -12.42571640 16.09698105 -0.98660707
v -12.46682167 15.98695278 -1.00453091
v -12.40744114 16.13523293 -1.28251302
v -12.37411308 16.08383369 -1.26947701
v -12.45212269 16.17679787 -1.25413728
v -12.38188648 16.04074669 -1.26131368
v -12.41269684 16.00695038 -1.22067451
v -12.44970322 16.14672089 -0.98489606
v -12.40265274 16.15957069 -0.97275603
v -12.47977257 16.17926025 -1.01981354
v -12.47840595 16.19038010 -1.13806570
v -12.44847584 15.98343468 -1.11021113
v -12.44333839 16.03336906 -0.94513518
v -12.42751503 15.98759747 -0.89370215
v -12.42657280 16.09735870 -0.95722222
v -12.47028732 16.20688248 -0.86728489
v -12.48052025 16.18294907 -0.92068905
v -12.42422867 16.21017456 -0.80387092
v -12.34481716 16.18436813 -0.74465954
v -12.25744534 16.13902855 -0.69622093
v -12.18751049 16.08372116 -0.66512531
v -12.18598843 16.03083992 -0.68338567
v -12.30386066 15.99277592 -0.78301513
v -12.45245743 16.14682961 -0.94987082
v -12.14672661 16.13167381 -1.91772723
v -12.10614681 16.08837700 -1.92280495
v -12.22197437 16.16170692 -1.88474035
v -12.08721447 16.05265045 -1.90254569
v -12.11906052 16.02762413 -1.85814214
v -12.42970467 16.09466934 -1.72961140
v -12.43949986 16.13134956 -1.75900257
v -12.38506603 16.05818558 -1.71930933
v -12.23081589 16.01642799 -1.79078722
v -12.34274960 16.01829910 -1.73225188
v -12.34491062 16.15764618 -1.82127225
v -12.37512302 16.03247261 -1.71430779
v -9.56691742 16.37768745 -1.53296423
v -9.41024208 16.40077209 -1.53921080
v -9.41169548 16.38640213 -1.61846638
v -9.56820583 16.36287117 -1.60792840
v -9.71490097 16.34081459 -1.59805131
v -9.71376801 16.35605049 -1.52710927
v -9.71033478 16.36642265 -1.44671071
v -9.56217957 16.38773727 -1.44853806
v -9.40411186 16.41047859 -1.45048761
v -9.53574944 15.88099861 -1.11481297
v -9.37367630 15.85997772 -1.09983313
v -9.36422062 15.88359070 -1.00098109
v -9.52837276 15.90341377 -1.02074885
v -9.68223000 15.92199421 -1.03927672
v -9.68766022 15.90070152 -1.12885368
v -9.68967438 15.89207935 -1.21703768
v -9.53893471 15.87206364 -1.20741832
v -9.37810802 15.85070896 -1.19715548
v -9.49202156 16.21905899 -0.84164023
v -9.31498432 16.22817421 -0.81095183
v -9.32168388 16.30154610 -0.88585281
v -9.49901772 16.28395653 -0.91169930
v -9.66522884 16.26746941 -0.93592483
v -9.65795708 16.21051598 -0.87040395
v -9.65392113 16.14983559 -0.82793754
v -9.48943138 16.14969063 -0.79622239
v -9.31393528 16.14953613 -0.76238519
v -9.53042221 16.01510811 -1.77918994
v -9.37011719 16.00751877 -1.79804945
v -9.36714458 15.94220066 -1.70196843
v -9.52758217 15.95576572 -1.68774962
v -9.67795658 15.96847916 -1.67442274
v -9.68067360 16.02222252 -1.76151323
v -9.68446159 16.08054733 -1.81020474
v -9.53428841 16.08093452 -1.83030450
v -9.37406635 16.08134651 -1.85174894
v -9.53966427 16.39036942 -1.16738558
v -9.37341309 16.41488838 -1.15499496
v -9.38877487 16.41662407 -1.26571035
v -9.55062866 16.39267159 -1.27271712
v -9.70233059 16.37021828 -1.27928448
v -9.69548893 16.36738777 -1.17899930
v -9.68652630 16.35278893 -1.08166575
v -9.52609253 16.37545776 -1.06515563
v -9.35492516 16.39964294 -1.04754090
v -9.51145935 16.33803749 -0.98306572
v -9.33633995 16.36028290 -0.96127141
v -9.67559624 16.31718826 -1.00349319
v -9.54211903 15.86312866 -1.30002367
v -9.38253975 15.84144020 -1.29447782
v -9.69169044 15.88345623 -1.30522168
v -9.69070339 15.88834953 -1.40915787
v -9.54170704 15.86869526 -1.40917373
v -9.38274097 15.84772682 -1.40919077
v -9.53084755 16.15287971 -1.84566379
v -9.36966419 16.16395187 -1.86788774
v -9.68192291 16.14250183 -1.82483339
v -9.68132591 16.20225525 -1.80680907
v -9.52924919 16.22105026 -1.82720017
v -9.36699677 16.24110222 -1.84895587
v -9.53864288 16.27555084 -1.77684641
v -9.37615204 16.29856300 -1.79744279
v -9.69094276 16.25398254 -1.75754166
v -9.70342731 16.29487419 -1.69823194
v -9.55207443 16.31650925 -1.71547747
v -9.39059448 16.33959007 -1.73387718
v -9.55744171 16.39226341 -1.36411178
v -9.39798164 16.41545868 -1.36176431
v -9.70690060 16.37052155 -1.36631203
v -9.49020386 16.08219719 -0.79878002
v -9.31622887 16.07500839 -0.76596957
v -9.65326691 16.08893585 -0.82953280
v -9.65796185 16.02835464 -0.87069118
v -9.49703217 16.01656723 -0.84329927
v -9.32533360 16.00399208 -0.81407458
v -9.53410244 15.90326786 -1.55141342
v -9.37448120 15.88512516 -1.55868471
v -9.68371296 15.92027283 -1.54459798
v -9.56259346 16.34404564 -1.66396880
v -9.40379524 16.36743927 -1.67878675
v -9.71143341 16.32212067 -1.65008032
v -9.51261139 15.95278835 -0.92376655
v -9.34471893 15.93589115 -0.89907008
v -9.66997337 15.96862602 -0.94691420
v -11.01553917 16.30908203 -1.45364916
v -11.00483608 16.28788757 -1.53232288
v -11.01909351 16.32578468 -1.37760663
v -10.84132290 15.86383915 -1.04940593
v -10.84749794 15.86863708 -0.94443339
v -10.82305527 15.86470318 -1.16525400
v -10.98266315 16.26538086 -1.62572443
v -10.95199966 16.23252487 -1.70919752
v -10.80520153 15.89922714 -1.53801274
v -10.80490303 15.87931633 -1.42282259
v -10.81517696 15.93089104 -1.63776708
v -10.82814980 16.00853920 -0.71649462
v -10.86741257 16.10201263 -0.70516086
v -10.80496025 15.92169380 -0.76929098
v -10.82339382 15.88149071 -0.84816617
v -11.00577068 16.33417511 -1.09599423
v -11.01596260 16.33724976 -1.19795144
v -10.98698044 16.31444550 -0.99590707
v -10.83822823 15.97663307 -1.72013509
v -10.86155415 16.02733421 -1.77487493
v -10.89720154 16.16209412 -0.75067335
v -10.92476082 16.20999146 -0.82681549
v -10.95733261 16.26691246 -0.90737045
v -10.81088448 15.86883545 -1.29414809
v -10.87235451 16.07387352 -1.79174542
v -10.88549042 16.12270355 -1.78229833
v -10.91582489 16.18027496 -1.75808561
v -11.01981926 16.33481407 -1.29209816
v -10.34733391 16.29042816 -1.49809456
v -10.34506226 16.27234077 -1.55959046
v -10.34913445 16.30390358 -1.42892838
v -10.30515003 15.94551086 -1.15406537
v -10.30460739 15.96239853 -1.07691848
v -10.30307198 15.93691540 -1.23237610
v -10.29882240 15.99538898 -0.99723583
v -10.29641724 16.04109001 -0.93200910
v -10.34293842 16.25411987 -1.60578191
v -10.33726311 16.22774315 -1.64807105
v -10.29468727 15.95453358 -1.52156329
v -10.29837799 15.93130016 -1.40985608
v -10.29361725 15.99016476 -1.62605679
v -10.35390568 16.30330086 -1.19842517
v -10.35094261 16.30696487 -1.28479052
v -10.35433674 16.28910637 -1.11452770
v -10.29886627 16.02985764 -1.69872129
v -10.30523586 16.06901932 -1.74077475
v -10.32974720 16.18485260 -0.93391043
v -10.33833313 16.21722031 -0.98905027
v -10.31975174 16.14813614 -0.89812183
v -10.34783745 16.25619316 -1.04699612
v -10.30099297 15.92880344 -1.31554997
v -10.30752945 16.10306168 -1.75343537
v -10.31185913 16.13933372 -1.73852372
v -10.32433701 16.18518829 -1.69786024
v -10.34984493 16.30829048 -1.35972595
v -10.30601788 16.09610939 -0.89822960
v -9.84096622 16.33730888 -1.52203774
v -9.84196472 16.32170868 -1.58949590
v -9.83866310 16.34795952 -1.44512784
v -9.81924152 15.91776752 -1.14101529
v -9.81549835 15.93808746 -1.05532527
v -9.82024384 15.90941525 -1.22536981
v -9.80168533 16.20311546 -0.89531851
v -9.80919838 16.25318909 -0.95690852
v -9.79639912 16.14995956 -0.85540849
v -9.81081772 16.02838326 -1.74620199
v -9.80820847 15.97949123 -1.66287935
v -9.81453896 16.08021164 -1.79279482
v -9.83046055 16.34748268 -1.18905878
v -9.83373260 16.35077286 -1.28497303
v -9.82549095 16.33315468 -1.09596634
v -9.81776810 16.29912949 -1.02118707
v -9.82124615 15.90106392 -1.30972433
v -9.81976128 15.90537262 -1.40914404
v -9.81278038 16.13351059 -1.80679059
v -9.81305218 16.18597603 -1.78914666
v -9.82286263 16.23530197 -1.74082041
v -9.83452511 16.27613640 -1.68329418
v -9.83635902 16.35169029 -1.36821783
v -9.79450989 16.09477234 -0.85617024
v -9.79735565 16.03856468 -0.89441746
v -9.81330299 15.93500137 -1.53869462
v -9.84035492 16.30312920 -1.63805032
v -9.80627823 15.98234367 -0.96696419
v -8.67929459 15.86892033 -0.80118781
v -8.64482594 15.95415115 -0.69824523
v -8.94058514 15.97581291 -0.74858642
v -8.96849823 15.89802647 -0.84372890
v -8.99637985 15.83917046 -0.95668477
v -8.71361732 15.80502415 -0.92263395
v -8.77441025 16.46015549 -1.73751616
v -8.75058651 16.43107033 -1.80680227
v -9.02874374 16.39131165 -1.77510786
v -9.04794979 16.41985893 -1.71199143
v -9.06097889 16.43913460 -1.64208055
v -8.79137993 16.47967148 -1.66023290
v -8.74183655 15.81322002 -1.58750451
v -8.75269318 15.76461983 -1.40925813
v -9.02652168 15.80073929 -1.40922880
v -9.01679325 15.84447098 -1.57497907
v -9.00762939 15.91180515 -1.73383009
v -8.73126793 15.88844013 -1.75832236
v -8.62669754 16.04651451 -0.63592821
v -8.61837196 16.14892578 -0.62827450
v -8.92067432 16.14919090 -0.68656105
v -8.92637825 16.05889893 -0.69244617
v -8.76597977 16.50739670 -1.35246038
v -8.77762604 16.50061417 -1.45821464
v -9.04990578 16.46143913 -1.45485628
v -9.04065704 16.46743965 -1.35650396
v -9.02608585 16.47030258 -1.25000918
v -8.74728489 16.51156425 -1.23793960
v -8.73213387 16.38976669 -1.87907493
v -8.72392368 16.32057762 -1.93518186
v -9.00341320 16.28603745 -1.89770675
v -9.01203346 16.35012817 -1.84359634
v -8.73082829 16.20783806 -1.95597088
v -8.73904324 16.08298111 -1.93674254
v -9.01503372 16.08226967 -1.89980316
v -9.00847626 16.18876457 -1.91768861
v -8.75006199 15.75548077 -1.27249730
v -8.74068642 15.76607323 -1.15647924
v -9.01771927 15.80285740 -1.17415774
v -9.02494621 15.79284000 -1.28205037
v -8.64227104 16.44844627 -0.87489146
v -8.67651844 16.49549484 -0.97772640
v -8.97136402 16.45383644 -1.00806880
v -8.94392395 16.41012955 -0.91243345
v -8.92430687 16.34096527 -0.82793456
v -8.61884022 16.37126541 -0.78341246
v -8.71449375 16.51206589 -1.10588527
v -9.00086975 16.46983147 -1.12722898
v -8.73476315 15.97743797 -1.87279749
v -9.01089668 15.99051094 -1.84031081
v -8.61331367 16.26429939 -0.68932134
v -8.91827011 16.24859810 -0.74218380
v -8.73130989 15.77666473 -1.04046130
v -9.01049232 15.81287384 -1.06626523
v -8.78927231 16.49226379 -1.56396890
v -9.05915546 16.45249939 -1.55320859
v -9.17682648 15.91899395 -0.87437356
v -9.15363598 15.99141693 -0.78484994
v -9.20006847 15.86376762 -0.98121351
v -9.24499512 16.39083290 -1.69360459
v -9.22911549 16.36267090 -1.75227678
v -9.25518417 16.40993500 -1.62900448
v -9.21485901 15.86698341 -1.56595623
v -9.22377491 15.82675838 -1.40920770
v -9.20670700 15.92863655 -1.71618676
v -9.14225483 16.06781960 -0.73315912
v -9.13843918 16.14938164 -0.72854805
v -9.23852253 16.43865585 -1.35941684
v -9.24604416 16.43322182 -1.45243716
v -9.22692204 16.44057846 -1.25870359
v -9.21366119 16.32157516 -1.81803930
v -9.20474434 16.26115608 -1.87071133
v -9.20848083 16.17502594 -1.89011192
v -9.21384525 16.08175850 -1.87319350
v -9.22296047 15.81975174 -1.28893197
v -9.21728134 15.82935524 -1.18689263
v -9.16122055 16.38252640 -0.93947703
v -9.18375778 16.42382622 -1.02992606
v -9.14435005 16.31913757 -0.86000633
v -9.20716286 16.43940735 -1.14260411
v -9.20981216 15.99992847 -1.81690884
v -9.13794708 16.23728943 -0.78026354
v -9.21160221 15.83895779 -1.08485305
v -9.25356674 16.42385674 -1.54545736
v -0.31230351 17.35397911 0.54103673
v -0.23503183 17.34502602 0.59621364
v -0.38145596 17.36285019 0.48204079
v -0.31329098 17.69008636 -0.89459109
v -0.39210904 17.68482399 -0.86135989
v -0.24777053 17.69095993 -0.91676831
v -0.18624663 17.69183540 -0.92937559
v -0.13074884 17.69271851 -0.93502092
v -0.14152174 17.33591080 0.64727753
v -0.76459813 17.56577492 -0.34289888
v -0.76499069 17.55293846 -0.27337742
v -0.76359963 17.57932663 -0.41138378
v -0.62282735 17.42372704 0.23779543
v -0.52823943 17.38915825 0.34194735
v -0.70473367 17.46297455 0.12031873
v -0.45060843 17.37172127 0.41952008
v -0.68392211 17.63379478 -0.66312361
v -0.74243200 17.61516380 -0.56852973
v -0.59748280 17.65232468 -0.75145471
v -0.08330672 17.69361687 -0.93631220
v -0.74431998 17.49444580 0.00277166
v -0.75849593 17.51912880 -0.10572399
v -0.76260102 17.59639740 -0.48560521
v -0.49352571 17.67078590 -0.81559062
v -0.76417142 17.53800774 -0.19604640
f 1 2 3
f 1 3 4
f 1 4 5
f 1 5 6
f 1 6 7
f 1 7 8
f 1 8 9
f 1 9 2
f 10 11 12
f 10 12 13
f 10 13 14
f 10 14 15
f 10 15 16
f 10 16 17
f 10 17 18
f 10 18 11
f 19 20 21
f 19 21 22
f 19 22 23
f 19 23 24
f 19 24 25
f 19 25 26
f 19 26 27
f 19 27 20
f 28 29 30
f 28 30 31
f 28 31 32
f 28 32 33
f 28 33 34
f 28 34 35
f 28 35 36
f 28 36 29
f 37 38 39
f 37 39 40
f 37 40 41
f 37 41 42
f 37 42 43
f 37 43 44
f 37 44 45
f 37 45 38
f 46 33 32
f 46 32 47
f 46 47 21
f 46 21 20
f 46 20 27
f 46 27 48
f 46 48 34
f 46 34 33
f 49 15 14
f 49 14 50
f 49 50 51
f 49 51 52
f 49 52 53
f 49 53 54
f 49 54 16
f 49 16 15
f 55 24 23
f 55 23 56
f 55 56 39
f 55 39 38
f 55 38 45
f 55 45 57
f 55 57 25
f 55 25 24
f 58 59 60
f 58 60 61
f 58 61 30
f 58 30 29
f 58 29 36
f 58 36 62
f 58 62 63
f 58 63 59
f 64 65 66
f 64 66 67
f 64 67 68
f 64 68 69
f 64 69 70
f 64 70 71
f 64 71 72
f 64 72 65
f 73 74 75
f 73 75 76
f 73 76 77
f 73 77 78
f 73 78 79
f 73 79 80
f 73 80 81
f 73 81 74
f 82 83 84
f 82 84 85
f 82 85 86
f 82 86 87
f 82 87 88
f 82 88 89
f 82 89 90
f 82 90 83
f 91 92 93
f 91 93 94
f 91 94 84
f 91 84 83
f 91 83 90
f 91 90 95
f 91 95 96
f 91 96 92
f 97 98 99
f 97 99 100
f 97 100 101
f 97 101 102
f 97 102 103
f 97 103 104
f 97 104 105
f 97 105 98
f 106 107 108
f 106 108 109
f 106 109 110
f 106 110 111
f 106 111 112
f 106 112 113
f 106 113 114
f 106 114 107
f 115 111 110
f 115 110 116
f 115 116 66
f 115 66 65
f 115 65 72
f 115 72 117
f 115 117 112
f 115 112 111
f 118 119 120
f 118 120 121
f 118 121 93
f 118 93 92
f 118 92 96
f 118 96 122
f 118 122 123
f 118 123 119
f 124 78 77
f 124 77 125
f 124 125 108
f 124 108 107
f 124 107 114
f 124 114 126
f 124 126 79
f 124 79 78
f 127 128 129
f 127 129 130
f 127 130 12
f 127 12 11
f 127 11 18
f 127 18 131
f 127 131 132
f 127 132 128
f 133 52 51
f 133 51 134
f 133 134 135
f 133 135 136
f 133 136 137
f 133 137 138
f 133 138 53
f 133 53 52
f 139 136 135
f 139 135 140
f 139 140 3
f 139 3 2
f 139 2 9
f 139 9 141
f 139 141 137
f 139 137 136
f 142 143 144
f 142 144 145
f 142 145 146
f 142 146 147
f 142 147 148
f 142 148 149
f 142 149 150
f 142 150 143
f 151 152 153
f 151 153 154
f 151 154 155
f 151 155 156
f 151 156 157
f 151 157 158
f 151 158 159
f 151 159 152
f 160 161 162
f 160 162 163
f 160 163 164
f 160 164 165
f 160 165 166
f 160 166 167
f 160 167 168
f 160 168 161
f 169 165 164
f 169 164 170
f 169 170 171
f 169 171 172
f 169 172 173
f 169 173 174
f 169 174 166
f 169 166 165
f 175 176 177
f 175 177 178
f 175 178 144
f 175 144 143
f 175 143 150
f 175 150 179
f 175 179 180
f 175 180 176
f 181 182 183
f 181 183 184
f 181 184 162
f 181 162 161
f 181 161 168
f 181 168 185
f 181 185 186
f 181 186 182
f 187 188 189
f 187 189 190
f 187 190 191
f 187 191 192
f 187 192 193
f 187 193 194
f 187 194 195
f 187 195 188
f 196 197 198
f 196 198 199
f 196 199 200
f 196 200 201
f 196 201 202
f 196 202 203
f 196 203 204
f 196 204 197
f 205 156 155
f 205 155 206
f 205 206 177
f 205 177 176
f 205 176 180
f 205 180 207
f 205 207 157
f 205 157 156
f 208 102 101
f 208 101 209
f 208 209 120
f 208 120 119
f 208 119 123
f 208 123 210
f 208 210 103
f 208 103 102
f 211 87 86
f 211 86 212
f 211 212 213
f 211 213 214
f 211 214 215
f 211 215 216
f 211 216 88
f 211 88 87
f 217 69 68
f 217 68 218
f 217 218 219
f 217 219 220
f 217 220 221
f 217 221 222
f 217 222 70
f 217 70 69
f 223 224 186
f 223 186 185
f 223 185 168
f 223 168 225
f 223 225 226
f 223 226 227
f 223 227 228
f 223 228 224
f 229 230 195
f 229 195 194
f 229 194 193
f 229 193 231
f 229 231 232
f 229 232 233
f 229 233 234
f 229 234 230
f 235 236 204
f 235 204 203
f 235 203 202
f 235 202 237
f 235 237 238
f 235 238 239
f 235 239 240
f 235 240 236
f 241 242 157
f 241 157 207
f 241 207 180
f 241 180 243
f 241 243 244
f 241 244 245
f 241 245 246
f 241 246 242
f 247 248 173
f 247 173 249
f 247 249 195
f 247 195 230
f 247 230 234
f 247 234 250
f 247 250 251
f 247 251 248
f 252 253 254
f 252 254 255
f 252 255 186
f 252 186 224
f 252 224 228
f 252 228 256
f 252 256 257
f 252 257 253
f 258 259 148
f 258 148 260
f 258 260 204
f 258 204 236
f 258 236 240
f 258 240 261
f 258 261 262
f 258 262 259
f 263 264 150
f 263 150 149
f 263 149 148
f 263 148 259
f 263 259 262
f 263 262 265
f 263 265 266
f 263 266 264
f 267 268 159
f 267 159 158
f 267 158 157
f 267 157 242
f 267 242 246
f 267 246 269
f 267 269 270
f 267 270 268
f 271 147 146
f 271 146 272
f 271 272 198
f 271 198 197
f 271 197 204
f 271 204 260
f 271 260 148
f 271 148 147
f 273 274 275
f 273 275 276
f 273 276 183
f 273 183 182
f 273 182 186
f 273 186 255
f 273 255 254
f 273 254 274
f 277 172 171
f 277 171 278
f 277 278 189
f 277 189 188
f 277 188 195
f 277 195 249
f 277 249 173
f 277 173 172
f 279 280 281
f 279 281 282
f 279 282 283
f 279 283 284
f 279 284 285
f 279 285 286
f 279 286 287
f 279 287 280
f 288 289 290
f 288 290 291
f 288 291 292
f 288 292 293
f 288 293 294
f 288 294 295
f 288 295 296
f 288 296 289
f 297 298 299
f 297 299 300
f 297 300 301
f 297 301 302
f 297 302 303
f 297 303 304
f 297 304 305
f 297 305 298
f 306 307 308
f 306 308 309
f 306 309 310
f 306 310 311
f 306 311 312
f 306 312 313
f 306 313 314
f 306 314 307
f 315 316 317
f 315 317 318
f 315 318 290
f 315 290 289
f 315 289 296
f 315 296 319
f 315 319 320
f 315 320 316
f 321 322 323
f 321 323 324
f 321 324 281
f 321 281 280
f 321 280 287
f 321 287 325
f 321 325 326
f 321 326 322
f 327 328 329
f 327 329 330
f 327 330 299
f 327 299 298
f 327 298 305
f 327 305 331
f 327 331 332
f 327 332 328
f 333 334 335
f 333 335 336
f 333 336 329
f 333 329 328
f 333 328 332
f 333 332 337
f 333 337 338
f 333 338 334
f 339 340 341
f 339 341 342
f 339 342 308
f 339 308 307
f 339 307 314
f 339 314 343
f 339 343 344
f 339 344 340
f 345 243 180
f 345 180 179
f 345 179 150
f 345 150 264
f 345 264 266
f 345 266 346
f 345 346 244
f 345 244 243
f 347 348 166
f 347 166 174
f 347 174 173
f 347 173 248
f 347 248 251
f 347 251 349
f 347 349 350
f 347 350 348
f 351 225 168
f 351 168 167
f 351 167 166
f 351 166 348
f 351 348 350
f 351 350 352
f 351 352 226
f 351 226 225
f 353 354 355
f 353 355 356
f 353 356 357
f 353 357 358
f 353 358 359
f 353 359 360
f 353 360 361
f 353 361 354
f 362 363 364
f 362 364 365
f 362 365 366
f 362 366 367
f 362 367 368
f 362 368 369
f 362 369 370
f 362 370 363
f 371 372 373
f 371 373 374
f 371 374 375
f 371 375 376
f 371 376 377
f 371 377 378
f 371 378 379
f 371 379 372
f 380 381 382
f 380 382 383
f 380 383 355
f 380 355 354
f 380 354 361
f 380 361 384
f 380 384 385
f 380 385 381
f 386 387 388
f 386 388 389
f 386 389 390
f 386 390 391
f 386 391 392
f 386 392 393
f 386 393 394
f 386 394 387
f 395 396 397
f 395 397 398
f 395 398 364
f 395 364 363
f 395 363 370
f 395 370 399
f 395 399 400
f 395 400 396
f 401 402 403
f 401 403 404
f 401 404 397
f 401 397 396
f 401 396 400
f 401 400 405
f 401 405 406
f 401 406 402
f 407 408 409
f 407 409 410
f 407 410 373
f 407 373 372
f 407 372 379
f 407 379 411
f 407 411 412
f 407 412 408
f 413 414 415
f 413 415 416
f 413 416 417
f 413 417 418
f 413 418 419
f 413 419 420
f 413 420 421
f 413 421 414
f 422 311 310
f 422 310 423
f 422 423 335
f 422 335 334
f 422 334 338
f 422 338 424
f 422 424 312
f 422 312 311
f 425 426 427
f 425 427 428
f 425 428 317
f 425 317 316
f 425 316 320
f 425 320 429
f 425 429 430
f 425 430 426
f 431 284 283
f 431 283 432
f 431 432 427
f 431 427 426
f 431 426 430
f 431 430 433
f 431 433 285
f 431 285 284
f 434 391 390
f 434 390 435
f 434 435 415
f 434 415 414
f 434 414 421
f 434 421 436
f 434 436 392
f 434 392 391
f 437 376 375
f 437 375 438
f 437 438 403
f 437 403 402
f 437 402 406
f 437 406 439
f 437 439 377
f 437 377 376
f 440 418 417
f 440 417 441
f 440 441 382
f 440 382 381
f 440 381 385
f 440 385 442
f 440 442 419
f 440 419 418
f 443 444 445
f 443 445 446
f 443 446 447
f 443 447 448
f 443 448 449
f 443 449 450
f 443 450 451
f 443 451 444
f 452 453 454
f 452 454 455
f 452 455 456
f 452 456 457
f 452 457 458
f 452 458 459
f 452 459 460
f 452 460 453
f 461 462 463
f 461 463 464
f 461 464 465
f 461 465 466
f 461 466 467
f 461 467 468
f 461 468 469
f 461 469 462
f 470 471 472
f 470 472 473
f 470 473 463
f 470 463 462
f 470 462 469
f 470 469 474
f 470 474 475
f 470 475 471
f 476 477 478
f 476 478 479
f 476 479 480
f 476 480 481
f 476 481 482
f 476 482 483
f 476 483 484
f 476 484 477
f 485 486 487
f 485 487 488
f 485 488 489
f 485 489 490
f 485 490 491
f 485 491 492
f 485 492 493
f 485 493 486
f 494 490 489
f 494 489 495
f 494 495 445
f 494 445 444
f 494 444 451
f 494 451 496
f 494 496 491
f 494 491 490
f 497 498 499
f 497 499 500
f 497 500 472
f 497 472 471
f 497 471 475
f 497 475 501
f 497 501 502
f 497 502 498
f 503 457 456
f 503 456 504
f 503 504 487
f 503 487 486
f 503 486 493
f 503 493 505
f 503 505 458
f 503 458 457
f 506 507 508
f 506 508 509
f 506 509 510
f 506 510 511
f 506 511 512
f 506 512 513
f 506 513 514
f 506 514 507
f 515 516 517
f 515 517 518
f 515 518 519
f 515 519 520
f 515 520 521
f 515 521 522
f 515 522 523
f 515 523 516
f 524 525 526
f 524 526 527
f 524 527 517
f 524 517 516
f 524 516 523
f 524 523 528
f 524 528 529
f 524 529 525
f 530 531 532
f 530 532 533
f 530 533 534
f 530 534 535
f 530 535 536
f 530 536 537
f 530 537 538
f 530 538 531
f 539 540 541
f 539 541 542
f 539 542 543
f 539 543 544
f 539 544 545
f 539 545 546
f 539 546 547
f 539 547 540
f 548 544 543
f 548 543 549
f 548 549 550
f 548 550 551
f 548 551 552
f 548 552 553
f 548 553 545
f 548 545 544
f 554 555 556
f 554 556 557
f 554 557 526
f 554 526 525
f 554 525 529
f 554 529 558
f 554 558 559
f 554 559 555
f 560 511 510
f 560 510 561
f 560 561 541
f 560 541 540
f 560 540 547
f 560 547 562
f 560 562 512
f 560 512 511
f 563 564 565
f 563 565 566
f 563 566 567
f 563 567 568
f 563 568 569
f 563 569 570
f 563 570 571
f 563 571 564
f 572 481 480
f 572 480 573
f 572 573 499
f 572 499 498
f 572 498 502
f 572 502 574
f 572 574 482
f 572 482 481
f 575 466 465
f 575 465 576
f 575 576 577
f 575 577 578
f 575 578 579
f 575 579 580
f 575 580 467
f 575 467 466
f 581 448 447
f 581 447 582
f 581 582 583
f 581 583 584
f 581 584 585
f 581 585 586
f 581 586 449
f 581 449 448
f 587 588 226
f 587 226 352
f 587 352 350
f 587 350 589
f 587 589 427
f 587 427 432
f 587 432 283
f 587 283 588
f 590 589 350
f 590 350 349
f 590 349 251
f 590 251 591
f 590 591 317
f 590 317 428
f 590 428 427
f 590 427 589
f 592 593 244
f 592 244 346
f 592 346 266
f 592 266 594
f 592 594 335
f 592 335 423
f 592 423 310
f 592 310 593
f 595 596 270
f 595 270 269
f 595 269 246
f 595 246 597
f 595 597 308
f 595 308 342
f 595 342 341
f 595 341 596
f 598 594 266
f 598 266 265
f 598 265 262
f 598 262 599
f 598 599 329
f 598 329 336
f 598 336 335
f 598 335 594
f 600 599 262
f 600 262 261
f 600 261 240
f 600 240 601
f 600 601 299
f 600 299 330
f 600 330 329
f 600 329 599
f 602 603 257
f 602 257 256
f 602 256 228
f 602 228 604
f 602 604 281
f 602 281 324
f 602 324 323
f 602 323 603
f 605 591 251
f 605 251 250
f 605 250 234
f 605 234 606
f 605 606 290
f 605 290 318
f 605 318 317
f 605 317 591
f 607 597 246
f 607 246 245
f 607 245 244
f 607 244 593
f 607 593 310
f 607 310 309
f 607 309 308
f 607 308 597
f 608 601 240
f 608 240 239
f 608 239 238
f 608 238 609
f 608 609 301
f 608 301 300
f 608 300 299
f 608 299 601
f 610 606 234
f 610 234 233
f 610 233 232
f 610 232 611
f 610 611 292
f 610 292 291
f 610 291 290
f 610 290 606
f 612 604 228
f 612 228 227
f 612 227 226
f 612 226 588
f 612 588 283
f 612 283 282
f 612 282 281
f 612 281 604
f 613 614 615
f 613 615 616
f 613 616 617
f 613 617 618
f 613 618 619
f 613 619 620
f 613 620 621
f 613 621 614
f 622 623 624
f 622 624 625
f 622 625 626
f 622 626 627
f 622 627 628
f 622 628 629
f 622 629 630
f 622 630 623
f 631 632 633
f 631 633 634
f 631 634 635
f 631 635 636
f 631 636 637
f 631 637 638
f 631 638 639
f 631 639 632
f 640 641 642
f 640 642 643
f 640 643 644
f 640 644 645
f 640 645 646
f 640 646 647
f 640 647 648
f 640 648 641
f 649 636 635
f 649 635 650
f 649 650 651
f 649 651 652
f 649 652 653
f 649 653 654
f 649 654 637
f 649 637 636
f 655 645 644
f 655 644 656
f 655 656 633
f 655 633 632
f 655 632 639
f 655 639 657
f 655 657 646
f 655 646 645
f 658 659 660
f 658 660 661
f 658 661 662
f 658 662 663
f 658 663 664
f 658 664 665
f 658 665 666
f 658 666 659
f 667 668 669
f 667 669 670
f 667 670 642
f 667 642 641
f 667 641 648
f 667 648 671
f 667 671 672
f 667 672 668
f 673 674 675
f 673 675 676
f 673 676 677
f 673 677 678
f 673 678 679
f 673 679 680
f 673 680 681
f 673 681 674
f 682 551 550
f 682 550 683
f 682 683 565
f 682 565 564
f 682 564 571
f 682 571 684
f 682 684 552
f 682 552 551
f 685 535 534
f 685 534 686
f 685 686 556
f 685 556 555
f 685 555 559
f 685 559 687
f 685 687 536
f 685 536 535
f 688 520 519
f 688 519 689
f 688 689 690
f 688 690 691
f 688 691 692
f 688 692 693
f 688 693 521
f 688 521 520
f 694 620 619
f 694 619 695
f 694 695 696
f 694 696 697
f 694 697 698
f 694 698 699
f 694 699 621
f 694 621 620
f 700 618 617
f 700 617 701
f 700 701 702
f 700 702 703
f 700 703 696
f 700 696 695
f 700 695 619
f 700 619 618
f 704 703 702
f 704 702 705
f 704 705 706
f 704 706 707
f 704 707 698
f 704 698 697
f 704 697 696
f 704 696 703
f 708 707 706
f 708 706 709
f 708 709 615
f 708 615 614
f 708 614 621
f 708 621 699
f 708 699 698
f 708 698 707
f 710 711 712
f 710 712 713
f 710 713 552
f 710 552 714
f 710 714 615
f 710 615 709
f 710 709 706
f 710 706 711
f 715 716 569
f 715 569 717
f 715 717 712
f 715 712 711
f 715 711 706
f 715 706 705
f 715 705 702
f 715 702 716
f 718 719 571
f 718 571 570
f 718 570 569
f 718 569 716
f 718 716 702
f 718 702 701
f 718 701 617
f 718 617 719
f 720 714 552
f 720 552 684
f 720 684 571
f 720 571 719
f 720 719 617
f 720 617 616
f 720 616 615
f 720 615 714
f 721 722 630
f 721 630 629
f 721 629 628
f 721 628 723
f 721 723 724
f 721 724 725
f 721 725 726
f 721 726 722
f 727 723 628
f 727 628 728
f 727 728 666
f 727 666 665
f 727 665 664
f 727 664 729
f 727 729 724
f 727 724 723
f 730 731 732
f 730 732 733
f 730 733 734
f 730 734 735
f 730 735 736
f 730 736 737
f 730 737 738
f 730 738 731
f 739 740 741
f 739 741 742
f 739 742 743
f 739 743 744
f 739 744 745
f 739 745 746
f 739 746 747
f 739 747 740
f 748 749 750
f 748 750 751
f 748 751 752
f 748 752 753
f 748 753 754
f 748 754 755
f 748 755 756
f 748 756 749
f 757 758 759
f 757 759 760
f 757 760 761
f 757 761 762
f 757 762 763
f 757 763 764
f 757 764 765
f 757 765 758
f 766 767 768
f 766 768 769
f 766 769 770
f 766 770 771
f 766 771 772
f 766 772 773
f 766 773 774
f 766 774 767
f 775 776 777
f 775 777 778
f 775 778 779
f 775 779 780
f 775 780 781
f 775 781 782
f 775 782 783
f 775 783 776
f 784 663 662
f 784 662 785
f 784 785 786
f 784 786 787
f 784 787 788
f 784 788 789
f 784 789 664
f 784 664 663
f 790 787 786
f 790 786 791
f 790 791 675
f 790 675 674
f 790 674 681
f 790 681 792
f 790 792 788
f 790 788 787
f 793 794 795
f 793 795 796
f 793 796 669
f 793 669 668
f 793 668 672
f 793 672 797
f 793 797 798
f 793 798 794
f 799 627 626
f 799 626 800
f 799 800 660
f 799 660 659
f 799 659 666
f 799 666 728
f 799 728 628
f 799 628 627
f 801 802 536
f 801 536 687
f 801 687 559
f 801 559 803
f 801 803 660
f 801 660 800
f 801 800 626
f 801 626 802
f 804 805 514
f 804 514 513
f 804 513 512
f 804 512 806
f 804 806 669
f 804 669 796
f 804 796 795
f 804 795 805
f 807 808 523
f 807 523 522
f 807 522 521
f 807 521 809
f 807 809 675
f 807 675 791
f 807 791 786
f 807 786 808
f 810 811 529
f 810 529 528
f 810 528 523
f 810 523 808
f 810 808 786
f 810 786 785
f 810 785 662
f 810 662 811
f 812 809 521
f 812 521 693
f 812 693 692
f 812 692 813
f 812 813 677
f 812 677 676
f 812 676 675
f 812 675 809
f 814 806 512
f 814 512 562
f 814 562 547
f 814 547 815
f 814 815 642
f 814 642 670
f 814 670 669
f 814 669 806
f 816 803 559
f 816 559 558
f 816 558 529
f 816 529 811
f 816 811 662
f 816 662 661
f 816 661 660
f 816 660 803
f 817 818 545
f 817 545 553
f 817 553 552
f 817 552 819
f 817 819 633
f 817 633 656
f 817 656 644
f 817 644 818
f 820 821 712
f 820 712 717
f 820 717 569
f 820 569 822
f 820 822 651
f 820 651 650
f 820 650 635
f 820 635 821
f 823 815 547
f 823 547 546
f 823 546 545
f 823 545 818
f 823 818 644
f 823 644 643
f 823 643 642
f 823 642 815
f 824 819 552
f 824 552 713
f 824 713 712
f 824 712 821
f 824 821 635
f 824 635 634
f 824 634 633
f 824 633 819
f 825 826 538
f 825 538 537
f 825 537 536
f 825 536 802
f 825 802 626
f 825 626 625
f 825 625 624
f 825 624 826
f 827 822 569
f 827 569 828
f 827 828 538
f 827 538 826
f 827 826 624
f 827 624 829
f 827 829 651
f 827 651 822
f 830 813 692
f 830 692 831
f 830 831 514
f 830 514 805
f 830 805 795
f 830 795 832
f 830 832 677
f 830 677 813
f 833 678 677
f 833 677 832
f 833 832 795
f 833 795 794
f 833 794 798
f 833 798 834
f 833 834 679
f 833 679 678
f 835 836 837
f 835 837 838
f 835 838 839
f 835 839 840
f 835 840 841
f 835 841 842
f 835 842 843
f 835 843 836
f 844 845 846
f 844 846 847
f 844 847 848
f 844 848 849
f 844 849 850
f 844 850 851
f 844 851 852
f 844 852 845
f 853 654 653
f 853 653 854
f 853 854 630
f 853 630 722
f 853 722 726
f 853 726 855
f 853 855 637
f 853 637 654
f 856 652 651
f 856 651 829
f 856 829 624
f 856 624 623
f 856 623 630
f 856 630 854
f 856 854 653
f 856 653 652
f 857 609 238
f 857 238 858
f 857 858 257
f 857 257 603
f 857 603 323
f 857 323 859
f 857 859 301
f 857 301 609
f 860 611 232
f 860 232 861
f 860 861 270
f 860 270 596
f 860 596 341
f 860 341 862
f 860 862 292
f 860 292 611
f 863 568 567
f 863 567 864
f 863 864 532
f 863 532 531
f 863 531 538
f 863 538 828
f 863 828 569
f 863 569 568
f 865 691 690
f 865 690 866
f 865 866 508
f 865 508 507
f 865 507 514
f 865 514 831
f 865 831 692
f 865 692 691
f 867 584 583
f 867 583 868
f 867 868 478
f 867 478 477
f 867 477 484
f 867 484 869
f 867 869 585
f 867 585 584
f 870 578 577
f 870 577 871
f 870 871 454
f 870 454 453
f 870 453 460
f 870 460 872
f 870 872 579
f 870 579 578
f 873 358 357
f 873 357 874
f 873 874 409
f 873 409 408
f 873 408 412
f 873 412 875
f 873 875 359
f 873 359 358
f 876 367 366
f 876 366 877
f 876 877 388
f 876 388 387
f 876 387 394
f 876 394 878
f 876 878 368
f 876 368 367
f 879 293 292
f 879 292 862
f 879 862 341
f 879 341 340
f 879 340 344
f 879 344 880
f 879 880 294
f 879 294 293
f 881 302 301
f 881 301 859
f 881 859 323
f 881 323 322
f 881 322 326
f 881 326 882
f 881 882 303
f 881 303 302
f 883 201 200
f 883 200 884
f 883 884 275
f 883 275 274
f 883 274 254
f 883 254 885
f 883 885 202
f 883 202 201
f 886 231 193
f 886 193 887
f 886 887 159
f 886 159 268
f 886 268 270
f 886 270 861
f 886 861 232
f 886 232 231
f 888 237 202
f 888 202 885
f 888 885 254
f 888 254 253
f 888 253 257
f 888 257 858
f 888 858 238
f 888 238 237
f 889 192 191
f 889 191 890
f 889 890 153
f 889 153 152
f 889 152 159
f 889 159 887
f 889 887 193
f 889 193 192
f 891 42 41
f 891 41 892
f 891 892 129
f 891 129 128
f 891 128 132
f 891 132 893
f 891 893 43
f 891 43 42
f 894 220 219
f 894 219 895
f 894 895 99
f 894 99 98
f 894 98 105
f 894 105 896
f 894 896 221
f 894 221 220
f 897 214 213
f 897 213 898
f 897 898 75
f 897 75 74
f 897 74 81
f 897 81 899
f 897 899 215
f 897 215 214
f 900 6 5
f 900 5 901
f 900 901 60
f 900 60 59
f 900 59 63
f 900 63 902
f 900 902 7
f 900 7 6
f 903 904 905
f 903 905 906
f 903 906 907
f 903 907 908
f 903 908 909
f 903 909 910
f 903 910 911
f 903 911 904
f 912 913 914
f 912 914 915
f 912 915 747
f 912 747 916
f 912 916 917
f 912 917 918
f 912 918 919
f 912 919 913
f 920 753 752
f 920 752 921
f 920 921 922
f 920 922 923
f 920 923 924
f 920 924 925
f 920 925 754
f 920 754 753
f 926 780 779
f 926 779 927
f 926 927 750
f 926 750 749
f 926 749 756
f 926 756 928
f 926 928 781
f 926 781 780
f 929 923 922
f 929 922 930
f 929 930 931
f 929 931 932
f 929 932 933
f 929 933 934
f 929 934 924
f 929 924 923
f 935 932 931
f 935 931 936
f 935 936 777
f 935 777 776
f 935 776 783
f 935 783 937
f 935 937 933
f 935 933 932
f 938 939 933
f 938 933 937
f 938 937 783
f 938 783 940
f 938 940 941
f 938 941 942
f 938 942 943
f 938 943 939
f 944 945 738
f 944 738 737
f 944 737 736
f 944 736 946
f 944 946 947
f 944 947 948
f 944 948 949
f 944 949 945
f 950 951 952
f 950 952 953
f 950 953 741
f 950 741 740
f 950 740 747
f 950 747 915
f 950 915 914
f 950 914 951
f 954 744 743
f 954 743 955
f 954 955 956
f 954 956 957
f 954 957 958
f 954 958 959
f 954 959 745
f 954 745 744
f 960 957 956
f 960 956 961
f 960 961 768
f 960 768 767
f 960 767 774
f 960 774 962
f 960 962 958
f 960 958 957
f 963 771 770
f 963 770 964
f 963 964 952
f 963 952 951
f 963 951 914
f 963 914 965
f 963 965 772
f 963 772 771
f 966 967 968
f 966 968 969
f 966 969 843
f 966 843 970
f 966 970 971
f 966 971 972
f 966 972 973
f 966 973 967
f 974 975 772
f 974 772 965
f 974 965 914
f 974 914 913
f 974 913 919
f 974 919 976
f 974 976 977
f 974 977 975
f 978 849 848
f 978 848 979
f 978 979 980
f 978 980 981
f 978 981 968
f 978 968 982
f 978 982 850
f 978 850 849
f 983 840 839
f 983 839 984
f 983 984 985
f 983 985 986
f 983 986 987
f 983 987 988
f 983 988 841
f 983 841 840
f 989 986 985
f 989 985 990
f 989 990 846
f 989 846 845
f 989 845 852
f 989 852 991
f 989 991 987
f 989 987 986
f 992 981 980
f 992 980 993
f 992 993 837
f 992 837 836
f 992 836 843
f 992 843 969
f 992 969 968
f 992 968 981
f 994 995 756
f 994 756 755
f 994 755 754
f 994 754 996
f 994 996 997
f 994 997 998
f 994 998 999
f 994 999 995
f 1000 970 843
f 1000 843 842
f 1000 842 841
f 1000 841 1001
f 1000 1001 1002
f 1000 1002 1003
f 1000 1003 971
f 1000 971 970
f 1004 1005 1006
f 1004 1006 1007
f 1004 1007 759
f 1004 759 758
f 1004 758 765
f 1004 765 1008
f 1004 1008 907
f 1004 907 1005
f 1009 1010 1011
f 1009 1011 1012
f 1009 1012 1006
f 1009 1006 1005
f 1009 1005 907
f 1009 907 906
f 1009 906 905
f 1009 905 1010
f 1013 735 734
f 1013 734 1014
f 1013 1014 1011
f 1013 1011 1010
f 1013 1010 905
f 1013 905 1015
f 1013 1015 736
f 1013 736 735
f 1016 762 761
f 1016 761 1017
f 1016 1017 732
f 1016 732 731
f 1016 731 738
f 1016 738 1018
f 1016 1018 763
f 1016 763 762
f 1019 1020 973
f 1019 973 972
f 1019 972 971
f 1019 971 1021
f 1019 1021 1022
f 1019 1022 1023
f 1019 1023 1024
f 1019 1024 1020
f 1025 1026 1027
f 1025 1027 1028
f 1025 1028 943
f 1025 943 1029
f 1025 1029 1030
f 1025 1030 1031
f 1025 1031 1032
f 1025 1032 1026
f 1033 1034 1035
f 1033 1035 1036
f 1033 1036 949
f 1033 949 1037
f 1033 1037 1038
f 1033 1038 1039
f 1033 1039 1040
f 1033 1040 1034
f 1041 1042 1043
f 1041 1043 1044
f 1041 1044 1045
f 1041 1045 1046
f 1041 1046 1047
f 1041 1047 1048
f 1041 1048 1049
f 1041 1049 1042
f 1050 1021 971
f 1050 971 1003
f 1050 1003 1002
f 1050 1002 1051
f 1050 1051 1052
f 1050 1052 1053
f 1050 1053 1022
f 1050 1022 1021
f 1054 1055 1056
f 1054 1056 1057
f 1054 1057 1035
f 1054 1035 1034
f 1054 1034 1040
f 1054 1040 1058
f 1054 1058 1059
f 1054 1059 1055
f 1060 1061 941
f 1060 941 1062
f 1060 1062 1063
f 1060 1063 1064
f 1060 1064 1065
f 1060 1065 1066
f 1060 1066 1067
f 1060 1067 1061
f 1068 1069 919
f 1068 919 918
f 1068 918 917
f 1068 917 1070
f 1068 1070 1071
f 1068 1071 1072
f 1068 1072 1073
f 1068 1073 1069
f 1074 1075 745
f 1074 745 959
f 1074 959 958
f 1074 958 1076
f 1074 1076 1045
f 1074 1045 1044
f 1074 1044 1043
f 1074 1043 1075
f 1077 1078 850
f 1077 850 982
f 1077 982 968
f 1077 968 967
f 1077 967 973
f 1077 973 1079
f 1077 1079 1080
f 1077 1080 1078
f 1081 946 736
f 1081 736 1015
f 1081 1015 905
f 1081 905 904
f 1081 904 911
f 1081 911 1082
f 1081 1082 947
f 1081 947 946
f 1083 1084 781
f 1083 781 928
f 1083 928 756
f 1083 756 995
f 1083 995 999
f 1083 999 1085
f 1083 1085 1063
f 1083 1063 1084
f 1086 1076 958
f 1086 958 962
f 1086 962 774
f 1086 774 1087
f 1086 1087 1088
f 1086 1088 1089
f 1086 1089 1045
f 1086 1045 1076
f 1090 1091 852
f 1090 852 851
f 1090 851 850
f 1090 850 1078
f 1090 1078 1080
f 1090 1080 1092
f 1090 1092 1093
f 1090 1093 1091
f 1094 940 783
f 1094 783 782
f 1094 782 781
f 1094 781 1084
f 1094 1084 1063
f 1094 1063 1062
f 1094 1062 941
f 1094 941 940
f 1095 1096 765
f 1095 765 764
f 1095 764 763
f 1095 763 1097
f 1095 1097 1035
f 1095 1035 1057
f 1095 1057 1056
f 1095 1056 1096
f 1098 916 747
f 1098 747 746
f 1098 746 745
f 1098 745 1075
f 1098 1075 1043
f 1098 1043 1099
f 1098 1099 917
f 1098 917 916
f 1100 1101 987
f 1100 987 991
f 1100 991 852
f 1100 852 1091
f 1100 1091 1093
f 1100 1093 1102
f 1100 1102 1103
f 1100 1103 1101
f 1104 1097 763
f 1104 763 1018
f 1104 1018 738
f 1104 738 945
f 1104 945 949
f 1104 949 1036
f 1104 1036 1035
f 1104 1035 1097
f 1105 1106 924
f 1105 924 934
f 1105 934 933
f 1105 933 939
f 1105 939 943
f 1105 943 1028
f 1105 1028 1027
f 1105 1027 1106
f 1107 1001 841
f 1107 841 988
f 1107 988 987
f 1107 987 1101
f 1107 1101 1103
f 1107 1103 1108
f 1107 1108 1002
f 1107 1002 1001
f 1109 908 907
f 1109 907 1008
f 1109 1008 765
f 1109 765 1096
f 1109 1096 1056
f 1109 1056 1110
f 1109 1110 909
f 1109 909 908
f 1111 996 754
f 1111 754 925
f 1111 925 924
f 1111 924 1106
f 1111 1106 1027
f 1111 1027 1112
f 1111 1112 997
f 1111 997 996
f 1113 1087 774
f 1113 774 773
f 1113 773 772
f 1113 772 975
f 1113 975 977
f 1113 977 1114
f 1113 1114 1088
f 1113 1088 1087
f 1115 1116 1117
f 1115 1117 1118
f 1115 1118 1032
f 1115 1032 1031
f 1115 1031 1030
f 1115 1030 1119
f 1115 1119 1120
f 1115 1120 1116
f 1121 1122 1120
f 1121 1120 1119
f 1121 1119 1030
f 1121 1030 1123
f 1121 1123 1067
f 1121 1067 1066
f 1121 1066 1065
f 1121 1065 1122
f 1124 1072 1071
f 1124 1071 1125
f 1124 1125 1049
f 1124 1049 1048
f 1124 1048 1047
f 1124 1047 1126
f 1124 1126 1073
f 1124 1073 1072
f 1127 1128 1073
f 1127 1073 1126
f 1127 1126 1047
f 1127 1047 1129
f 1127 1129 1130
f 1127 1130 1131
f 1127 1131 1132
f 1127 1132 1128
f 1133 1134 1024
f 1133 1024 1135
f 1133 1135 1136
f 1133 1136 1137
f 1133 1137 1138
f 1133 1138 1139
f 1133 1139 1140
f 1133 1140 1134
f 1141 1023 1022
f 1141 1022 1053
f 1141 1053 1052
f 1141 1052 1142
f 1141 1142 1136
f 1141 1136 1135
f 1141 1135 1024
f 1141 1024 1023
f 1143 1144 1059
f 1143 1059 1058
f 1143 1058 1040
f 1143 1040 1039
f 1143 1039 1038
f 1143 1038 1145
f 1143 1145 1146
f 1143 1146 1144
f 1147 1148 1146
f 1147 1146 1145
f 1147 1145 1038
f 1147 1038 1149
f 1147 1149 1150
f 1147 1150 1151
f 1147 1151 1152
f 1147 1152 1148
f 1153 1046 1045
f 1153 1045 1089
f 1153 1089 1088
f 1153 1088 1154
f 1153 1154 1130
f 1153 1130 1129
f 1153 1129 1047
f 1153 1047 1046
f 1155 1156 909
f 1155 909 1110
f 1155 1110 1056
f 1155 1056 1055
f 1155 1055 1059
f 1155 1059 1144
f 1155 1144 1146
f 1155 1146 1156
f 1157 1158 997
f 1157 997 1112
f 1157 1112 1027
f 1157 1027 1026
f 1157 1026 1032
f 1157 1032 1118
f 1157 1118 1117
f 1157 1117 1158
f 1159 1070 917
f 1159 917 1099
f 1159 1099 1043
f 1159 1043 1042
f 1159 1042 1049
f 1159 1049 1125
f 1159 1125 1071
f 1159 1071 1070
f 1160 1161 999
f 1160 999 998
f 1160 998 997
f 1160 997 1158
f 1160 1158 1117
f 1160 1117 1116
f 1160 1116 1120
f 1160 1120 1161
f 1162 1163 1080
f 1162 1080 1079
f 1162 1079 973
f 1162 973 1020
f 1162 1020 1024
f 1162 1024 1134
f 1162 1134 1140
f 1162 1140 1163
f 1164 1037 949
f 1164 949 948
f 1164 948 947
f 1164 947 1165
f 1164 1165 1150
f 1164 1150 1149
f 1164 1149 1038
f 1164 1038 1037
f 1166 1029 943
f 1166 943 942
f 1166 942 941
f 1166 941 1061
f 1166 1061 1067
f 1166 1067 1123
f 1166 1123 1030
f 1166 1030 1029
f 1167 1168 1093
f 1167 1093 1092
f 1167 1092 1080
f 1167 1080 1163
f 1167 1163 1140
f 1167 1140 1139
f 1167 1139 1138
f 1167 1138 1168
f 1169 1154 1088
f 1169 1088 1114
f 1169 1114 977
f 1169 977 1170
f 1169 1170 1132
f 1169 1132 1131
f 1169 1131 1130
f 1169 1130 1154
f 1171 1172 911
f 1171 911 910
f 1171 910 909
f 1171 909 1156
f 1171 1156 1146
f 1171 1146 1148
f 1171 1148 1152
f 1171 1152 1172
f 1173 1174 1103
f 1173 1103 1102
f 1173 1102 1093
f 1173 1093 1168
f 1173 1168 1138
f 1173 1138 1137
f 1173 1137 1136
f 1173 1136 1174
f 1175 1170 977
f 1175 977 976
f 1175 976 919
f 1175 919 1069
f 1175 1069 1073
f 1175 1073 1128
f 1175 1128 1132
f 1175 1132 1170
f 1176 1165 947
f 1176 947 1082
f 1176 1082 911
f 1176 911 1172
f 1176 1172 1152
f 1176 1152 1151
f 1176 1151 1150
f 1176 1150 1165
f 1177 1064 1063
f 1177 1063 1085
f 1177 1085 999
f 1177 999 1161
f 1177 1161 1120
f 1177 1120 1122
f 1177 1122 1065
f 1177 1065 1064
f 1178 1051 1002
f 1178 1002 1108
f 1178 1108 1103
f 1178 1103 1174
f 1178 1174 1136
f 1178 1136 1142
f 1178 1142 1052
f 1178 1052 1051
f 1179 1180 7
f 1179 7 902
f 1179 902 63
f 1179 63 1181
f 1179 1181 75
f 1179 75 898
f 1179 898 213
f 1179 213 1180
f 1182 1183 43
f 1182 43 893
f 1182 893 132
f 1182 132 1184
f 1182 1184 99
f 1182 99 895
f 1182 895 219
f 1182 219 1183
f 1185 1186 45
f 1185 45 44
f 1185 44 43
f 1185 43 1183
f 1185 1183 219
f 1185 219 218
f 1185 218 68
f 1185 68 1186
f 1187 1188 9
f 1187 9 8
f 1187 8 7
f 1187 7 1180
f 1187 1180 213
f 1187 213 212
f 1187 212 86
f 1187 86 1188
f 1189 1190 18
f 1189 18 17
f 1189 17 16
f 1189 16 1191
f 1189 1191 120
f 1189 120 209
f 1189 209 101
f 1189 101 1190
f 1192 1193 36
f 1192 36 35
f 1192 35 34
f 1192 34 1194
f 1192 1194 108
f 1192 108 125
f 1192 125 77
f 1192 77 1193
f 1195 1191 16
f 1195 16 54
f 1195 54 53
f 1195 53 1196
f 1195 1196 93
f 1195 93 121
f 1195 121 120
f 1195 120 1191
f 1197 1198 27
f 1197 27 26
f 1197 26 25
f 1197 25 1199
f 1197 1199 66
f 1197 66 116
f 1197 116 110
f 1197 110 1198
f 1200 1194 34
f 1200 34 48
f 1200 48 27
f 1200 27 1198
f 1200 1198 110
f 1200 110 109
f 1200 109 108
f 1200 108 1194
f 1201 1184 132
f 1201 132 131
f 1201 131 18
f 1201 18 1190
f 1201 1190 101
f 1201 101 100
f 1201 100 99
f 1201 99 1184
f 1202 1196 53
f 1202 53 138
f 1202 138 137
f 1202 137 1203
f 1202 1203 84
f 1202 84 94
f 1202 94 93
f 1202 93 1196
f 1204 1203 137
f 1204 137 141
f 1204 141 9
f 1204 9 1188
f 1204 1188 86
f 1204 86 85
f 1204 85 84
f 1204 84 1203
f 1205 1181 63
f 1205 63 62
f 1205 62 36
f 1205 36 1193
f 1205 1193 77
f 1205 77 76
f 1205 76 75
f 1205 75 1181
f 1206 1199 25
f 1206 25 57
f 1206 57 45
f 1206 45 1186
f 1206 1186 68
f 1206 68 67
f 1206 67 66
f 1206 66 1199
f 1207 1208 221
f 1207 221 896
f 1207 896 105
f 1207 105 1209
f 1207 1209 153
f 1207 153 890
f 1207 890 191
f 1207 191 1208
f 1210 1211 215
f 1210 215 899
f 1210 899 81
f 1210 81 1212
f 1210 1212 275
f 1210 275 884
f 1210 884 200
f 1210 200 1211
f 1213 1214 72
f 1213 72 71
f 1213 71 70
f 1213 70 1215
f 1213 1215 189
f 1213 189 278
f 1213 278 171
f 1213 171 1214
f 1216 1212 81
f 1216 81 80
f 1216 80 79
f 1216 79 1217
f 1216 1217 183
f 1216 183 276
f 1216 276 275
f 1216 275 1212
f 1218 1219 90
f 1218 90 89
f 1218 89 88
f 1218 88 1220
f 1218 1220 198
f 1218 198 272
f 1218 272 146
f 1218 146 1219
f 1221 1222 103
f 1221 103 210
f 1221 210 123
f 1221 123 1223
f 1221 1223 177
f 1221 177 206
f 1221 206 155
f 1221 155 1222
f 1224 1220 88
f 1224 88 216
f 1224 216 215
f 1224 215 1211
f 1224 1211 200
f 1224 200 199
f 1224 199 198
f 1224 198 1220
f 1225 1215 70
f 1225 70 222
f 1225 222 221
f 1225 221 1208
f 1225 1208 191
f 1225 191 190
f 1225 190 189
f 1225 189 1215
f 1226 1217 79
f 1226 79 126
f 1226 126 114
f 1226 114 1227
f 1226 1227 162
f 1226 162 184
f 1226 184 183
f 1226 183 1217
f 1228 1223 123
f 1228 123 122
f 1228 122 96
f 1228 96 1229
f 1228 1229 144
f 1228 144 178
f 1228 178 177
f 1228 177 1223
f 1230 1231 112
f 1230 112 117
f 1230 117 72
f 1230 72 1214
f 1230 1214 171
f 1230 171 170
f 1230 170 164
f 1230 164 1231
f 1232 1227 114
f 1232 114 113
f 1232 113 112
f 1232 112 1231
f 1232 1231 164
f 1232 164 163
f 1232 163 162
f 1232 162 1227
f 1233 1209 105
f 1233 105 104
f 1233 104 103
f 1233 103 1222
f 1233 1222 155
f 1233 155 154
f 1233 154 153
f 1233 153 1209
f 1234 1229 96
f 1234 96 95
f 1234 95 90
f 1234 90 1219
f 1234 1219 146
f 1234 146 145
f 1234 145 144
f 1234 144 1229
f 1235 1236 1237
f 1235 1237 1238
f 1235 1238 1239
f 1235 1239 1240
f 1235 1240 60
f 1235 60 901
f 1235 901 5
f 1235 5 1236
f 1241 1242 1243
f 1241 1243 1244
f 1241 1244 1245
f 1241 1245 1246
f 1241 1246 129
f 1241 129 892
f 1241 892 41
f 1241 41 1242
f 1247 1248 1249
f 1247 1249 1250
f 1247 1250 1251
f 1247 1251 1252
f 1247 1252 3
f 1247 3 140
f 1247 140 135
f 1247 135 1248
f 1253 1254 1255
f 1253 1255 1256
f 1253 1256 1249
f 1253 1249 1248
f 1253 1248 135
f 1253 135 134
f 1253 134 51
f 1253 51 1254
f 1257 1246 1245
f 1257 1245 1258
f 1257 1258 1259
f 1257 1259 1260
f 1257 1260 12
f 1257 12 130
f 1257 130 129
f 1257 129 1246
f 1261 1240 1239
f 1261 1239 1262
f 1261 1262 1263
f 1261 1263 1264
f 1261 1264 30
f 1261 30 61
f 1261 61 60
f 1261 60 1240
f 1265 1266 1267
f 1265 1267 1268
f 1265 1268 1269
f 1265 1269 1270
f 1265 1270 39
f 1265 39 56
f 1265 56 23
f 1265 23 1266
f 1271 1272 1273
f 1271 1273 1274
f 1271 1274 1255
f 1271 1255 1254
f 1271 1254 51
f 1271 51 50
f 1271 50 14
f 1271 14 1272
f 1275 1276 1277
f 1275 1277 1278
f 1275 1278 1279
f 1275 1279 1280
f 1275 1280 21
f 1275 21 47
f 1275 47 32
f 1275 32 1276
f 1281 1270 1269
f 1281 1269 1282
f 1281 1282 1243
f 1281 1243 1242
f 1281 1242 41
f 1281 41 40
f 1281 40 39
f 1281 39 1270
f 1283 1264 1263
f 1283 1263 1284
f 1283 1284 1277
f 1283 1277 1276
f 1283 1276 32
f 1283 32 31
f 1283 31 30
f 1283 30 1264
f 1285 1280 1279
f 1285 1279 1286
f 1285 1286 1267
f 1285 1267 1266
f 1285 1266 23
f 1285 23 22
f 1285 22 21
f 1285 21 1280
f 1287 1260 1259
f 1287 1259 1288
f 1287 1288 1273
f 1287 1273 1272
f 1287 1272 14
f 1287 14 13
f 1287 13 12
f 1287 12 1260
f 1289 1252 1251
f 1289 1251 1290
f 1289 1290 1237
f 1289 1237 1236
f 1289 1236 5
f 1289 5 4
f 1289 4 3
f 1289 3 1252
f 1291 1292 1293
f 1291 1293 1294
f 1291 1294 1295
f 1291 1295 1296
f 1291 1296 1297
f 1291 1297 1292
f 1298 1299 1300
f 1298 1300 1301
f 1298 1301 1302
f 1298 1302 1303
f 1298 1303 1304
f 1298 1304 1305
f 1298 1305 1306
f 1298 1306 1299
f 1307 1296 1295
f 1307 1295 1308
f 1307 1308 1309
f 1307 1309 1310
f 1307 1310 1311
f 1307 1311 1312
f 1307 1312 1297
f 1307 1297 1296
f 1313 1314 1315
f 1313 1315 1316
f 1313 1316 1306
f 1313 1306 1317
f 1313 1317 1318
f 1313 1318 1319
f 1313 1319 1320
f 1313 1320 1314
f 1321 1322 1323
f 1321 1323 1324
f 1321 1324 1325
f 1321 1325 1326
f 1321 1326 1327
f 1321 1327 1328
f 1321 1328 1329
f 1321 1329 1322
f 1330 1331 1332
f 1330 1332 1333
f 1330 1333 1300
f 1330 1300 1299
f 1330 1299 1306
f 1330 1306 1316
f 1330 1316 1315
f 1330 1315 1331
f 1334 1335 1329
f 1334 1329 1328
f 1334 1328 1327
f 1334 1327 1336
f 1334 1336 1337
f 1334 1337 1338
f 1334 1338 1339
f 1334 1339 1335
f 1340 1341 1342
f 1340 1342 1343
f 1340 1343 1344
f 1340 1344 1345
f 1340 1345 1346
f 1340 1346 1347
f 1340 1347 1348
f 1340 1348 1341
f 1349 1350 1318
f 1349 1318 1351
f 1349 1351 1352
f 1349 1352 1353
f 1349 1353 1354
f 1349 1354 1355
f 1349 1355 1356
f 1349 1356 1350
f 1357 1358 1359
f 1357 1359 1360
f 1357 1360 1361
f 1357 1361 1362
f 1357 1362 1363
f 1357 1363 1358
f 1364 1360 1359
f 1364 1359 1365
f 1364 1365 1332
f 1364 1332 1366
f 1364 1366 1361
f 1364 1361 1360
f 1367 1368 1304
f 1367 1304 1369
f 1367 1369 1370
f 1367 1370 1371
f 1367 1371 1372
f 1367 1372 1373
f 1367 1373 1352
f 1367 1352 1368
f 1374 1317 1306
f 1374 1306 1305
f 1374 1305 1304
f 1374 1304 1368
f 1374 1368 1352
f 1374 1352 1351
f 1374 1351 1318
f 1374 1318 1317
f 1375 1366 1332
f 1375 1332 1331
f 1375 1331 1315
f 1375 1315 1314
f 1375 1314 1320
f 1375 1320 1376
f 1375 1376 1361
f 1375 1361 1366
f 1377 1378 1354
f 1377 1354 1379
f 1377 1379 1372
f 1377 1372 1380
f 1377 1380 1381
f 1377 1381 1382
f 1377 1382 1383
f 1377 1383 1378
f 1384 1385 1356
f 1384 1356 1355
f 1384 1355 1354
f 1384 1354 1378
f 1384 1378 1383
f 1384 1383 1386
f 1384 1386 1387
f 1384 1387 1385
f 1388 1389 1359
f 1388 1359 1358
f 1388 1358 1363
f 1388 1363 1390
f 1388 1390 1391
f 1388 1391 1392
f 1388 1392 1393
f 1388 1393 1389
f 1394 1395 1396
f 1394 1396 1397
f 1394 1397 1346
f 1394 1346 1398
f 1394 1398 1399
f 1394 1399 1400
f 1394 1400 1401
f 1394 1401 1395
f 1402 1353 1352
f 1402 1352 1373
f 1402 1373 1372
f 1402 1372 1379
f 1402 1379 1354
f 1402 1354 1353
f 1403 1362 1361
f 1403 1361 1376
f 1403 1376 1320
f 1403 1320 1404
f 1403 1404 1405
f 1403 1405 1406
f 1403 1406 1363
f 1403 1363 1362
f 1407 1404 1320
f 1407 1320 1319
f 1407 1319 1318
f 1407 1318 1350
f 1407 1350 1356
f 1407 1356 1408
f 1407 1408 1405
f 1407 1405 1404
f 1409 1410 1411
f 1409 1411 1412
f 1409 1412 1413
f 1409 1413 1414
f 1409 1414 1415
f 1409 1415 1416
f 1409 1416 1417
f 1409 1417 1410
f 1418 1419 1420
f 1418 1420 1421
f 1418 1421 1393
f 1418 1393 1422
f 1418 1422 1423
f 1418 1423 1424
f 1418 1424 1425
f 1418 1425 1419
f 1426 1427 1399
f 1426 1399 1428
f 1426 1428 1429
f 1426 1429 1430
f 1426 1430 1431
f 1426 1431 1432
f 1426 1432 1433
f 1426 1433 1427
f 1434 1435 1383
f 1434 1383 1382
f 1434 1382 1381
f 1434 1381 1436
f 1434 1436 1437
f 1434 1437 1438
f 1434 1438 1439
f 1434 1439 1435
f 1440 1390 1363
f 1440 1363 1406
f 1440 1406 1405
f 1440 1405 1441
f 1440 1441 1442
f 1440 1442 1443
f 1440 1443 1391
f 1440 1391 1390
f 1444 1445 1344
f 1444 1344 1446
f 1444 1446 1447
f 1444 1447 1448
f 1444 1448 1411
f 1444 1411 1449
f 1444 1449 1429
f 1444 1429 1445
f 1450 1448 1447
f 1450 1447 1451
f 1450 1451 1452
f 1450 1452 1453
f 1450 1453 1413
f 1450 1413 1412
f 1450 1412 1411
f 1450 1411 1448
f 1454 1398 1346
f 1454 1346 1345
f 1454 1345 1344
f 1454 1344 1445
f 1454 1445 1429
f 1454 1429 1428
f 1454 1428 1399
f 1454 1399 1398
f 1455 1441 1405
f 1455 1405 1408
f 1455 1408 1356
f 1455 1356 1385
f 1455 1385 1387
f 1455 1387 1456
f 1455 1456 1442
f 1455 1442 1441
f 1457 1458 1401
f 1457 1401 1400
f 1457 1400 1399
f 1457 1399 1427
f 1457 1427 1433
f 1457 1433 1459
f 1457 1459 1460
f 1457 1460 1458
f 1461 1436 1381
f 1461 1381 1462
f 1461 1462 1463
f 1461 1463 1464
f 1461 1464 1465
f 1461 1465 1466
f 1461 1466 1437
f 1461 1437 1436
f 1467 1468 1442
f 1467 1442 1456
f 1467 1456 1387
f 1467 1387 1469
f 1467 1469 1470
f 1467 1470 1471
f 1467 1471 1472
f 1467 1472 1468
f 1473 1474 1475
f 1473 1475 1476
f 1473 1476 1477
f 1473 1477 1478
f 1473 1478 1479
f 1473 1479 1480
f 1473 1480 1481
f 1473 1481 1474
f 1482 1483 1484
f 1482 1484 1485
f 1482 1485 1486
f 1482 1486 1487
f 1482 1487 1477
f 1482 1477 1476
f 1482 1476 1475
f 1482 1475 1483
f 1488 1489 1490
f 1488 1490 1491
f 1488 1491 1492
f 1488 1492 1493
f 1488 1493 1494
f 1488 1494 1495
f 1488 1495 1496
f 1488 1496 1489
f 1497 1498 1396
f 1497 1396 1499
f 1497 1499 1486
f 1497 1486 1500
f 1497 1500 1501
f 1497 1501 1502
f 1497 1502 1503
f 1497 1503 1498
f 1504 1505 1506
f 1504 1506 1507
f 1504 1507 1370
f 1504 1370 1508
f 1504 1508 1509
f 1504 1509 1510
f 1504 1510 1511
f 1504 1511 1505
f 1512 1371 1370
f 1512 1370 1507
f 1512 1507 1506
f 1512 1506 1513
f 1512 1513 1372
f 1512 1372 1371
f 1514 1380 1372
f 1514 1372 1513
f 1514 1513 1506
f 1514 1506 1515
f 1514 1515 1463
f 1514 1463 1462
f 1514 1462 1381
f 1514 1381 1380
f 1516 1517 1391
f 1516 1391 1443
f 1516 1443 1442
f 1516 1442 1468
f 1516 1468 1472
f 1516 1472 1518
f 1516 1518 1519
f 1516 1519 1517
f 1520 1478 1477
f 1520 1477 1521
f 1520 1521 1401
f 1520 1401 1458
f 1520 1458 1460
f 1520 1460 1522
f 1520 1522 1479
f 1520 1479 1478
f 1523 1430 1429
f 1523 1429 1449
f 1523 1449 1411
f 1523 1411 1410
f 1523 1410 1417
f 1523 1417 1524
f 1523 1524 1431
f 1523 1431 1430
f 1525 1526 1527
f 1525 1527 1528
f 1525 1528 1496
f 1525 1496 1529
f 1525 1529 1530
f 1525 1530 1531
f 1525 1531 1532
f 1525 1532 1526
f 1533 1534 1535
f 1533 1535 1536
f 1533 1536 1359
f 1533 1359 1389
f 1533 1389 1393
f 1533 1393 1421
f 1533 1421 1420
f 1533 1420 1534
f 1537 1538 1293
f 1537 1293 1539
f 1537 1539 1490
f 1537 1490 1489
f 1537 1489 1496
f 1537 1496 1528
f 1537 1528 1527
f 1537 1527 1538
f 1540 1469 1387
f 1540 1387 1386
f 1540 1386 1383
f 1540 1383 1435
f 1540 1435 1439
f 1540 1439 1541
f 1540 1541 1470
f 1540 1470 1469
f 1542 1422 1393
f 1542 1393 1392
f 1542 1392 1391
f 1542 1391 1517
f 1542 1517 1519
f 1542 1519 1543
f 1542 1543 1423
f 1542 1423 1422
f 1544 1529 1496
f 1544 1496 1495
f 1544 1495 1494
f 1544 1494 1545
f 1544 1545 1546
f 1544 1546 1547
f 1544 1547 1530
f 1544 1530 1529
f 1548 1487 1486
f 1548 1486 1499
f 1548 1499 1396
f 1548 1396 1395
f 1548 1395 1401
f 1548 1401 1521
f 1548 1521 1477
f 1548 1477 1487
f 1549 1550 1348
f 1549 1348 1347
f 1549 1347 1346
f 1549 1346 1551
f 1549 1551 1552
f 1549 1552 1553
f 1549 1553 1554
f 1549 1554 1550
f 1555 1556 1417
f 1555 1417 1416
f 1555 1416 1415
f 1555 1415 1557
f 1555 1557 1558
f 1555 1558 1559
f 1555 1559 1560
f 1555 1560 1556
f 1561 1562 1433
f 1561 1433 1432
f 1561 1432 1431
f 1561 1431 1563
f 1561 1563 1564
f 1561 1564 1565
f 1561 1565 1566
f 1561 1566 1562
f 1567 1568 1479
f 1567 1479 1522
f 1567 1522 1460
f 1567 1460 1569
f 1567 1569 1570
f 1567 1570 1571
f 1567 1571 1572
f 1567 1572 1568
f 1573 1574 1437
f 1573 1437 1466
f 1573 1466 1465
f 1573 1465 1575
f 1573 1575 1576
f 1573 1576 1577
f 1573 1577 1578
f 1573 1578 1574
f 1579 1580 1439
f 1579 1439 1438
f 1579 1438 1437
f 1579 1437 1574
f 1579 1574 1578
f 1579 1578 1581
f 1579 1581 1582
f 1579 1582 1580
f 1583 1569 1460
f 1583 1460 1459
f 1583 1459 1433
f 1583 1433 1562
f 1583 1562 1566
f 1583 1566 1584
f 1583 1584 1570
f 1583 1570 1569
f 1585 1586 1481
f 1585 1481 1480
f 1585 1480 1479
f 1585 1479 1568
f 1585 1568 1572
f 1585 1572 1587
f 1585 1587 1588
f 1585 1588 1586
f 1589 1590 1472
f 1589 1472 1471
f 1589 1471 1470
f 1589 1470 1591
f 1589 1591 1592
f 1589 1592 1593
f 1589 1593 1594
f 1589 1594 1590
f 1595 1596 1530
f 1595 1530 1547
f 1595 1547 1546
f 1595 1546 1597
f 1595 1597 1598
f 1595 1598 1599
f 1595 1599 1600
f 1595 1600 1596
f 1601 1602 1519
f 1601 1519 1518
f 1601 1518 1472
f 1601 1472 1590
f 1601 1590 1594
f 1601 1594 1603
f 1601 1603 1604
f 1601 1604 1602
f 1605 1606 1423
f 1605 1423 1543
f 1605 1543 1519
f 1605 1519 1602
f 1605 1602 1604
f 1605 1604 1607
f 1605 1607 1608
f 1605 1608 1606
f 1609 1563 1431
f 1609 1431 1524
f 1609 1524 1417
f 1609 1417 1556
f 1609 1556 1560
f 1609 1560 1610
f 1609 1610 1564
f 1609 1564 1563
f 1611 1612 1532
f 1611 1532 1531
f 1611 1531 1530
f 1611 1530 1596
f 1611 1596 1600
f 1611 1600 1613
f 1611 1613 1614
f 1611 1614 1612
f 1615 1591 1470
f 1615 1470 1541
f 1615 1541 1439
f 1615 1439 1580
f 1615 1580 1582
f 1615 1582 1616
f 1615 1616 1592
f 1615 1592 1591
f 1617 1618 1425
f 1617 1425 1424
f 1617 1424 1423
f 1617 1423 1606
f 1617 1606 1608
f 1617 1608 1619
f 1617 1619 1620
f 1617 1620 1618
f 1621 1622 1588
f 1621 1588 1587
f 1621 1587 1572
f 1621 1572 1623
f 1621 1623 1624
f 1621 1624 1625
f 1621 1625 1626
f 1621 1626 1622
f 1627 1628 1594
f 1627 1594 1593
f 1627 1593 1592
f 1627 1592 1629
f 1627 1629 1630
f 1627 1630 1631
f 1627 1631 1632
f 1627 1632 1628
f 1633 1634 1600
f 1633 1600 1599
f 1633 1599 1598
f 1633 1598 1635
f 1633 1635 1636
f 1633 1636 1637
f 1633 1637 1638
f 1633 1638 1634
f 1639 1640 1604
f 1639 1604 1603
f 1639 1603 1594
f 1639 1594 1628
f 1639 1628 1632
f 1639 1632 1641
f 1639 1641 1642
f 1639 1642 1640
f 1643 1644 1608
f 1643 1608 1607
f 1643 1607 1604
f 1643 1604 1640
f 1643 1640 1642
f 1643 1642 1645
f 1643 1645 1646
f 1643 1646 1644
f 1647 1648 1564
f 1647 1564 1610
f 1647 1610 1560
f 1647 1560 1649
f 1647 1649 1650
f 1647 1650 1651
f 1647 1651 1652
f 1647 1652 1648
f 1653 1654 1614
f 1653 1614 1613
f 1653 1613 1600
f 1653 1600 1634
f 1653 1634 1638
f 1653 1638 1655
f 1653 1655 1656
f 1653 1656 1654
f 1657 1629 1592
f 1657 1592 1616
f 1657 1616 1582
f 1657 1582 1658
f 1657 1658 1659
f 1657 1659 1660
f 1657 1660 1630
f 1657 1630 1629
f 1661 1662 1620
f 1661 1620 1619
f 1661 1619 1608
f 1661 1608 1644
f 1661 1644 1646
f 1661 1646 1663
f 1661 1663 1664
f 1661 1664 1662
f 1665 1649 1560
f 1665 1560 1559
f 1665 1559 1558
f 1665 1558 1666
f 1665 1666 1667
f 1665 1667 1668
f 1665 1668 1650
f 1665 1650 1649
f 1669 1670 1566
f 1669 1566 1565
f 1669 1565 1564
f 1669 1564 1648
f 1669 1648 1652
f 1669 1652 1671
f 1669 1671 1672
f 1669 1672 1670
f 1673 1623 1572
f 1673 1572 1571
f 1673 1571 1570
f 1673 1570 1674
f 1673 1674 1675
f 1673 1675 1676
f 1673 1676 1624
f 1673 1624 1623
f 1677 1678 1578
f 1677 1578 1577
f 1677 1577 1576
f 1677 1576 1679
f 1677 1679 1680
f 1677 1680 1681
f 1677 1681 1682
f 1677 1682 1678
f 1683 1658 1582
f 1683 1582 1581
f 1683 1581 1578
f 1683 1578 1678
f 1683 1678 1682
f 1683 1682 1684
f 1683 1684 1659
f 1683 1659 1658
f 1685 1674 1570
f 1685 1570 1584
f 1685 1584 1566
f 1685 1566 1670
f 1685 1670 1672
f 1685 1672 1686
f 1685 1686 1675
f 1685 1675 1674
f 1687 1688 1682
f 1687 1682 1681
f 1687 1681 1680
f 1687 1680 1689
f 1687 1689 1690
f 1687 1690 1691
f 1687 1691 1692
f 1687 1692 1688
f 1693 1694 1659
f 1693 1659 1684
f 1693 1684 1682
f 1693 1682 1688
f 1693 1688 1692
f 1693 1692 1695
f 1693 1695 1696
f 1693 1696 1694
f 1697 1698 1650
f 1697 1650 1668
f 1697 1668 1667
f 1697 1667 1699
f 1697 1699 1700
f 1697 1700 1701
f 1697 1701 1702
f 1697 1702 1698
f 1703 1704 1632
f 1703 1632 1631
f 1703 1631 1630
f 1703 1630 1705
f 1703 1705 1706
f 1703 1706 1707
f 1703 1707 1708
f 1703 1708 1704
f 1709 1710 1675
f 1709 1675 1686
f 1709 1686 1672
f 1709 1672 1711
f 1709 1711 1712
f 1709 1712 1713
f 1709 1713 1714
f 1709 1714 1710
f 1715 1716 1626
f 1715 1626 1625
f 1715 1625 1624
f 1715 1624 1717
f 1715 1717 1718
f 1715 1718 1719
f 1715 1719 1720
f 1715 1720 1716
f 1721 1722 1642
f 1721 1642 1641
f 1721 1641 1632
f 1721 1632 1704
f 1721 1704 1708
f 1721 1708 1723
f 1721 1723 1724
f 1721 1724 1722
f 1725 1726 1638
f 1725 1638 1637
f 1725 1637 1636
f 1725 1636 1727
f 1725 1727 1728
f 1725 1728 1729
f 1725 1729 1730
f 1725 1730 1726
f 1731 1732 1646
f 1731 1646 1645
f 1731 1645 1642
f 1731 1642 1722
f 1731 1722 1724
f 1731 1724 1733
f 1731 1733 1734
f 1731 1734 1732
f 1735 1736 1652
f 1735 1652 1651
f 1735 1651 1650
f 1735 1650 1698
f 1735 1698 1702
f 1735 1702 1737
f 1735 1737 1738
f 1735 1738 1736
f 1739 1740 1656
f 1739 1656 1655
f 1739 1655 1638
f 1739 1638 1726
f 1739 1726 1730
f 1739 1730 1741
f 1739 1741 1742
f 1739 1742 1740
f 1743 1699 1667
f 1743 1667 1744
f 1743 1744 1656
f 1743 1656 1740
f 1743 1740 1742
f 1743 1742 1745
f 1743 1745 1700
f 1743 1700 1699
f 1746 1747 1664
f 1746 1664 1663
f 1746 1663 1646
f 1746 1646 1732
f 1746 1732 1734
f 1746 1734 1748
f 1746 1748 1749
f 1746 1749 1747
f 1750 1751 1509
f 1750 1509 1752
f 1750 1752 1753
f 1750 1753 1754
f 1750 1754 1755
f 1750 1755 1756
f 1750 1756 1757
f 1750 1757 1751
f 1758 1759 1511
f 1758 1511 1510
f 1758 1510 1509
f 1758 1509 1751
f 1758 1751 1757
f 1758 1757 1760
f 1758 1760 1761
f 1758 1761 1759
f 1762 1763 1339
f 1762 1339 1338
f 1762 1338 1337
f 1762 1337 1764
f 1762 1764 1765
f 1762 1765 1766
f 1762 1766 1767
f 1762 1767 1763
f 1768 1769 1554
f 1768 1554 1553
f 1768 1553 1552
f 1768 1552 1770
f 1768 1770 1771
f 1768 1771 1772
f 1768 1772 1773
f 1768 1773 1769
f 1774 1775 1484
f 1774 1484 1776
f 1774 1776 1506
f 1774 1506 1505
f 1774 1505 1511
f 1774 1511 1777
f 1774 1777 1778
f 1774 1778 1775
f 1779 1551 1346
f 1779 1346 1397
f 1779 1397 1396
f 1779 1396 1498
f 1779 1498 1503
f 1779 1503 1780
f 1779 1780 1552
f 1779 1552 1551
f 1781 1782 1503
f 1781 1503 1502
f 1781 1502 1501
f 1781 1501 1783
f 1781 1783 1784
f 1781 1784 1785
f 1781 1785 1786
f 1781 1786 1782
f 1787 1770 1552
f 1787 1552 1780
f 1787 1780 1503
f 1787 1503 1782
f 1787 1782 1786
f 1787 1786 1788
f 1787 1788 1771
f 1787 1771 1770
f 1789 1790 1778
f 1789 1778 1777
f 1789 1777 1511
f 1789 1511 1759
f 1789 1759 1761
f 1789 1761 1791
f 1789 1791 1792
f 1789 1792 1790
f 1793 1794 1795
f 1793 1795 1796
f 1793 1796 1554
f 1793 1554 1769
f 1793 1769 1773
f 1793 1773 1797
f 1793 1797 1798
f 1793 1798 1794
f 1799 1705 1630
f 1799 1630 1660
f 1799 1660 1659
f 1799 1659 1694
f 1799 1694 1696
f 1799 1696 1800
f 1799 1800 1706
f 1799 1706 1705
f 1801 1711 1672
f 1801 1672 1671
f 1801 1671 1652
f 1801 1652 1736
f 1801 1736 1738
f 1801 1738 1802
f 1801 1802 1712
f 1801 1712 1711
f 1803 1717 1624
f 1803 1624 1676
f 1803 1676 1675
f 1803 1675 1710
f 1803 1710 1714
f 1803 1714 1804
f 1803 1804 1718
f 1803 1718 1717
f 1805 1666 1558
f 1805 1558 1806
f 1805 1806 1614
f 1805 1614 1654
f 1805 1654 1656
f 1805 1656 1744
f 1805 1744 1667
f 1805 1667 1666
f 1807 1557 1415
f 1807 1415 1808
f 1807 1808 1532
f 1807 1532 1612
f 1807 1612 1614
f 1807 1614 1806
f 1807 1806 1558
f 1807 1558 1557
f 1809 1810 1811
f 1809 1811 1812
f 1809 1812 1348
f 1809 1348 1550
f 1809 1550 1554
f 1809 1554 1796
f 1809 1796 1795
f 1809 1795 1810
f 1813 1414 1413
f 1813 1413 1814
f 1813 1814 1527
f 1813 1527 1526
f 1813 1526 1532
f 1813 1532 1808
f 1813 1808 1415
f 1813 1415 1414
f 1815 1453 1452
f 1815 1452 1816
f 1815 1816 1293
f 1815 1293 1538
f 1815 1538 1527
f 1815 1527 1814
f 1815 1814 1413
f 1815 1413 1453
f 1817 1818 1819
f 1817 1819 1820
f 1817 1820 1342
f 1817 1342 1341
f 1817 1341 1348
f 1817 1348 1812
f 1817 1812 1811
f 1817 1811 1818
f 1821 1508 1370
f 1821 1370 1822
f 1821 1822 1823
f 1821 1823 1824
f 1821 1824 1753
f 1821 1753 1752
f 1821 1752 1509
f 1821 1509 1508
f 1825 1369 1304
f 1825 1304 1303
f 1825 1303 1302
f 1825 1302 1826
f 1825 1826 1823
f 1825 1823 1822
f 1825 1822 1370
f 1825 1370 1369
f 1827 1828 1447
f 1827 1447 1446
f 1827 1446 1344
f 1827 1344 1343
f 1827 1343 1342
f 1827 1342 1829
f 1827 1829 1830
f 1827 1830 1828
f 1831 1301 1300
f 1831 1300 1832
f 1831 1832 1833
f 1831 1833 1834
f 1831 1834 1302
f 1831 1302 1301
f 1835 1816 1452
f 1835 1452 1451
f 1835 1451 1447
f 1835 1447 1828
f 1835 1828 1830
f 1835 1830 1836
f 1835 1836 1293
f 1835 1293 1816
f 1837 1838 1798
f 1837 1798 1797
f 1837 1797 1773
f 1837 1773 1839
f 1837 1839 1840
f 1837 1840 1841
f 1837 1841 1842
f 1837 1842 1838
f 1843 1839 1773
f 1843 1773 1772
f 1843 1772 1771
f 1843 1771 1844
f 1843 1844 1845
f 1843 1845 1846
f 1843 1846 1840
f 1843 1840 1839
f 1847 1848 1786
f 1847 1786 1785
f 1847 1785 1784
f 1847 1784 1849
f 1847 1849 1850
f 1847 1850 1851
f 1847 1851 1852
f 1847 1852 1848
f 1853 1854 1757
f 1853 1757 1756
f 1853 1756 1755
f 1853 1755 1855
f 1853 1855 1856
f 1853 1856 1857
f 1853 1857 1858
f 1853 1858 1854
f 1859 1860 1792
f 1859 1792 1791
f 1859 1791 1761
f 1859 1761 1861
f 1859 1861 1862
f 1859 1862 1863
f 1859 1863 1864
f 1859 1864 1860
f 1865 1844 1771
f 1865 1771 1788
f 1865 1788 1786
f 1865 1786 1848
f 1865 1848 1852
f 1865 1852 1866
f 1865 1866 1845
f 1865 1845 1844
f 1867 1868 1767
f 1867 1767 1766
f 1867 1766 1765
f 1867 1765 1869
f 1867 1869 1870
f 1867 1870 1871
f 1867 1871 1872
f 1867 1872 1868
f 1873 1861 1761
f 1873 1761 1760
f 1873 1760 1757
f 1873 1757 1854
f 1873 1854 1858
f 1873 1858 1874
f 1873 1874 1862
f 1873 1862 1861
f 1875 1876 1862
f 1875 1862 1874
f 1875 1874 1858
f 1875 1858 1877
f 1875 1877 1878
f 1875 1878 1879
f 1875 1879 1880
f 1875 1880 1876
f 1881 1882 1840
f 1881 1840 1846
f 1881 1846 1845
f 1881 1845 1883
f 1881 1883 1884
f 1881 1884 1885
f 1881 1885 1886
f 1881 1886 1882
f 1887 1888 1852
f 1887 1852 1851
f 1887 1851 1850
f 1887 1850 1889
f 1887 1889 1890
f 1887 1890 1891
f 1887 1891 1892
f 1887 1892 1888
f 1893 1877 1858
f 1893 1858 1857
f 1893 1857 1856
f 1893 1856 1894
f 1893 1894 1895
f 1893 1895 1896
f 1893 1896 1878
f 1893 1878 1877
f 1897 1898 1864
f 1897 1864 1863
f 1897 1863 1862
f 1897 1862 1876
f 1897 1876 1880
f 1897 1880 1899
f 1897 1899 1900
f 1897 1900 1898
f 1901 1902 1842
f 1901 1842 1841
f 1901 1841 1840
f 1901 1840 1882
f 1901 1882 1886
f 1901 1886 1903
f 1901 1903 1904
f 1901 1904 1902
f 1905 1883 1845
f 1905 1845 1866
f 1905 1866 1852
f 1905 1852 1888
f 1905 1888 1892
f 1905 1892 1906
f 1905 1906 1884
f 1905 1884 1883
f 1907 1908 1872
f 1907 1872 1871
f 1907 1871 1870
f 1907 1870 1909
f 1907 1909 1910
f 1907 1910 1911
f 1907 1911 1912
f 1907 1912 1908
f 1913 1914 1915
f 1913 1915 1916
f 1913 1916 1917
f 1913 1917 1918
f 1913 1918 1919
f 1913 1919 1920
f 1913 1920 1921
f 1913 1921 1914
f 1922 1923 1924
f 1922 1924 1925
f 1922 1925 1926
f 1922 1926 1927
f 1922 1927 1928
f 1922 1928 1929
f 1922 1929 1930
f 1922 1930 1923
f 1931 1932 1933
f 1931 1933 1934
f 1931 1934 1935
f 1931 1935 1936
f 1931 1936 1937
f 1931 1937 1938
f 1931 1938 1939
f 1931 1939 1932
f 1940 1941 1942
f 1940 1942 1943
f 1940 1943 1944
f 1940 1944 1945
f 1940 1945 1946
f 1940 1946 1947
f 1940 1947 1948
f 1940 1948 1941
f 1949 1927 1926
f 1949 1926 1950
f 1949 1950 1915
f 1949 1915 1914
f 1949 1914 1921
f 1949 1921 1951
f 1949 1951 1928
f 1949 1928 1927
f 1952 1953 1954
f 1952 1954 1955
f 1952 1955 1933
f 1952 1933 1932
f 1952 1932 1939
f 1952 1939 1956
f 1952 1956 1957
f 1952 1957 1953
f 1958 1959 1960
f 1958 1960 1961
f 1958 1961 1954
f 1958 1954 1953
f 1958 1953 1957
f 1958 1957 1962
f 1958 1962 1963
f 1958 1963 1959
f 1964 1936 1935
f 1964 1935 1965
f 1964 1965 1966
f 1964 1966 1967
f 1964 1967 1968
f 1964 1968 1969
f 1964 1969 1937
f 1964 1937 1936
f 1970 1971 1957
f 1970 1957 1956
f 1970 1956 1939
f 1970 1939 1972
f 1970 1972 1973
f 1970 1973 1974
f 1970 1974 1975
f 1970 1975 1971
f 1976 1977 1963
f 1976 1963 1962
f 1976 1962 1957
f 1976 1957 1971
f 1976 1971 1975
f 1976 1975 1978
f 1976 1978 1979
f 1976 1979 1977
f 1980 1981 1921
f 1980 1921 1920
f 1980 1920 1919
f 1980 1919 1982
f 1980 1982 1983
f 1980 1983 1984
f 1980 1984 1985
f 1980 1985 1981
f 1986 1972 1939
f 1986 1939 1938
f 1986 1938 1937
f 1986 1937 1987
f 1986 1987 1988
f 1986 1988 1989
f 1986 1989 1973
f 1986 1973 1972
f 1990 1991 1948
f 1990 1948 1947
f 1990 1947 1946
f 1990 1946 1992
f 1990 1992 1993
f 1990 1993 1994
f 1990 1994 1995
f 1990 1995 1991
f 1996 1997 1985
f 1996 1985 1984
f 1996 1984 1983
f 1996 1983 1998
f 1996 1998 1999
f 1996 1999 2000
f 1996 2000 2001
f 1996 2001 1997
f 2002 2003 1973
f 2002 1973 1989
f 2002 1989 1988
f 2002 1988 2004
f 2002 2004 2005
f 2002 2005 2006
f 2002 2006 2007
f 2002 2007 2003
f 2008 2009 1995
f 2008 1995 1994
f 2008 1994 1993
f 2008 1993 2010
f 2008 2010 2011
f 2008 2011 2012
f 2008 2012 2013
f 2008 2013 2009
f 2014 2015 1975
f 2014 1975 1974
f 2014 1974 1973
f 2014 1973 2003
f 2014 2003 2007
f 2014 2007 2016
f 2014 2016 2017
f 2014 2017 2015
f 2018 2019 1979
f 2018 1979 1978
f 2018 1978 1975
f 2018 1975 2015
f 2018 2015 2017
f 2018 2017 2020
f 2018 2020 2021
f 2018 2021 2019
f 2022 2023 2001
f 2022 2001 2000
f 2022 2000 1999
f 2022 1999 2024
f 2022 2024 2025
f 2022 2025 2026
f 2022 2026 2027
f 2022 2027 2023
f 2028 2029 2007
f 2028 2007 2006
f 2028 2006 2005
f 2028 2005 2030
f 2028 2030 2031
f 2028 2031 2032
f 2028 2032 2033
f 2028 2033 2029
f 2034 2035 2013
f 2034 2013 2012
f 2034 2012 2011
f 2034 2011 2036
f 2034 2036 2037
f 2034 2037 2038
f 2034 2038 2039
f 2034 2039 2035
f 2040 2041 2017
f 2040 2017 2016
f 2040 2016 2007
f 2040 2007 2029
f 2040 2029 2033
f 2040 2033 2042
f 2040 2042 2043
f 2040 2043 2041
f 2044 2045 2021
f 2044 2021 2020
f 2044 2020 2017
f 2044 2017 2041
f 2044 2041 2043
f 2044 2043 2046
f 2044 2046 2047
f 2044 2047 2045
f 2048 2049 2050
f 2048 2050 2051
f 2048 2051 2052
f 2048 2052 2053
f 2048 2053 2054
f 2048 2054 2055
f 2048 2055 2056
f 2048 2056 2049
f 2057 2058 2059
f 2057 2059 2060
f 2057 2060 2061
f 2057 2061 2062
f 2057 2062 2063
f 2057 2063 2064
f 2057 2064 2065
f 2057 2065 2058
f 2066 2067 2068
f 2066 2068 2069
f 2066 2069 2070
f 2066 2070 2071
f 2066 2071 2072
f 2066 2072 2073
f 2066 2073 2074
f 2066 2074 2067
f 2075 2076 2077
f 2075 2077 2078
f 2075 2078 2050
f 2075 2050 2049
f 2075 2049 2056
f 2075 2056 2079
f 2075 2079 2080
f 2075 2080 2076
f 2081 2082 2083
f 2081 2083 2084
f 2081 2084 2077
f 2081 2077 2076
f 2081 2076 2080
f 2081 2080 2085
f 2081 2085 2086
f 2081 2086 2082
f 2087 2053 2052
f 2087 2052 2088
f 2087 2088 2089
f 2087 2089 2090
f 2087 2090 2091
f 2087 2091 2092
f 2087 2092 2054
f 2087 2054 2053
f 2093 2071 2070
f 2093 2070 2094
f 2093 2094 2095
f 2093 2095 2096
f 2093 2096 2097
f 2093 2097 2098
f 2093 2098 2072
f 2093 2072 2071
f 2099 2100 2101
f 2099 2101 2102
f 2099 2102 2068
f 2099 2068 2067
f 2099 2067 2074
f 2099 2074 2103
f 2099 2103 2104
f 2099 2104 2100
f 2105 2106 2056
f 2105 2056 2055
f 2105 2055 2054
f 2105 2054 2107
f 2105 2107 2108
f 2105 2108 2109
f 2105 2109 2110
f 2105 2110 2106
f 2111 2112 2065
f 2111 2065 2064
f 2111 2064 2063
f 2111 2063 2113
f 2111 2113 2114
f 2111 2114 2115
f 2111 2115 2116
f 2111 2116 2112
f 2117 2118 2074
f 2117 2074 2073
f 2117 2073 2072
f 2117 2072 2119
f 2117 2119 2120
f 2117 2120 2121
f 2117 2121 2122
f 2117 2122 2118
f 2123 2124 2086
f 2123 2086 2085
f 2123 2085 2080
f 2123 2080 2125
f 2123 2125 2126
f 2123 2126 2127
f 2123 2127 2128
f 2123 2128 2124
f 2129 2125 2080
f 2129 2080 2079
f 2129 2079 2056
f 2129 2056 2106
f 2129 2106 2110
f 2129 2110 2130
f 2129 2130 2126
f 2129 2126 2125
f 2131 2132 2104
f 2131 2104 2103
f 2131 2103 2074
f 2131 2074 2118
f 2131 2118 2122
f 2131 2122 2133
f 2131 2133 2134
f 2131 2134 2132
f 2135 2107 2054
f 2135 2054 2092
f 2135 2092 2091
f 2135 2091 2136
f 2135 2136 2137
f 2135 2137 2138
f 2135 2138 2108
f 2135 2108 2107
f 2139 2119 2072
f 2139 2072 2098
f 2139 2098 2097
f 2139 2097 2140
f 2139 2140 2141
f 2139 2141 2142
f 2139 2142 2120
f 2139 2120 2119
f 2143 2144 2145
f 2143 2145 2146
f 2143 2146 2147
f 2143 2147 2148
f 2143 2148 2149
f 2143 2149 2150
f 2143 2150 2151
f 2143 2151 2144
f 2152 2153 1692
f 2152 1692 1691
f 2152 1691 1690
f 2152 1690 2154
f 2152 2154 2155
f 2152 2155 2156
f 2152 2156 2157
f 2152 2157 2153
f 2158 2159 1696
f 2158 1696 1695
f 2158 1695 1692
f 2158 1692 2153
f 2158 2153 2157
f 2158 2157 2160
f 2158 2160 2161
f 2158 2161 2159
f 2162 2163 1714
f 2162 1714 1713
f 2162 1713 1712
f 2162 1712 2164
f 2162 2164 2165
f 2162 2165 2166
f 2162 2166 2167
f 2162 2167 2163
f 2168 2169 1720
f 2168 1720 1719
f 2168 1719 1718
f 2168 1718 2170
f 2168 2170 2171
f 2168 2171 2172
f 2168 2172 2173
f 2168 2173 2169
f 2174 2175 1730
f 2174 1730 1729
f 2174 1729 1728
f 2174 1728 2176
f 2174 2176 2177
f 2174 2177 2178
f 2174 2178 2179
f 2174 2179 2175
f 2180 2181 1734
f 2180 1734 1733
f 2180 1733 1724
f 2180 1724 2182
f 2180 2182 2183
f 2180 2183 2184
f 2180 2184 2185
f 2180 2185 2181
f 2186 2187 1738
f 2186 1738 1737
f 2186 1737 1702
f 2186 1702 2188
f 2186 2188 2189
f 2186 2189 2190
f 2186 2190 2191
f 2186 2191 2187
f 2192 2188 1702
f 2192 1702 1701
f 2192 1701 1700
f 2192 1700 2193
f 2192 2193 2194
f 2192 2194 2195
f 2192 2195 2189
f 2192 2189 2188
f 2196 2197 1742
f 2196 1742 1741
f 2196 1741 1730
f 2196 1730 2175
f 2196 2175 2179
f 2196 2179 2198
f 2196 2198 2199
f 2196 2199 2197
f 2200 2193 1700
f 2200 1700 1745
f 2200 1745 1742
f 2200 1742 2197
f 2200 2197 2199
f 2200 2199 2201
f 2200 2201 2194
f 2200 2194 2193
f 2202 2203 1706
f 2202 1706 1800
f 2202 1800 1696
f 2202 1696 2159
f 2202 2159 2161
f 2202 2161 2204
f 2202 2204 2205
f 2202 2205 2203
f 2206 2207 1749
f 2206 1749 1748
f 2206 1748 1734
f 2206 1734 2181
f 2206 2181 2185
f 2206 2185 2208
f 2206 2208 2209
f 2206 2209 2207
f 2210 2211 1708
f 2210 1708 1707
f 2210 1707 1706
f 2210 1706 2203
f 2210 2203 2205
f 2210 2205 2212
f 2210 2212 2213
f 2210 2213 2211
f 2214 2164 1712
f 2214 1712 1802
f 2214 1802 1738
f 2214 1738 2187
f 2214 2187 2191
f 2214 2191 2215
f 2214 2215 2165
f 2214 2165 2164
f 2216 2170 1718
f 2216 1718 1804
f 2216 1804 1714
f 2216 1714 2163
f 2216 2163 2167
f 2216 2167 2217
f 2216 2217 2171
f 2216 2171 2170
f 2218 2182 1724
f 2218 1724 1723
f 2218 1723 1708
f 2218 1708 2211
f 2218 2211 2213
f 2218 2213 2219
f 2218 2219 2183
f 2218 2183 2182
f 2220 2221 2222
f 2220 2222 2223
f 2220 2223 2224
f 2220 2224 2225
f 2220 2225 2226
f 2220 2226 2227
f 2220 2227 2228
f 2220 2228 2221
f 2229 2230 2231
f 2229 2231 2232
f 2229 2232 2233
f 2229 2233 2234
f 2229 2234 2235
f 2229 2235 2236
f 2229 2236 2237
f 2229 2237 2230
f 2238 2239 2240
f 2238 2240 2241
f 2238 2241 2242
f 2238 2242 2243
f 2238 2243 2244
f 2238 2244 2245
f 2238 2245 2246
f 2238 2246 2239
f 2247 2248 2249
f 2247 2249 2250
f 2247 2250 2240
f 2247 2240 2239
f 2247 2239 2246
f 2247 2246 2251
f 2247 2251 2252
f 2247 2252 2248
f 2253 2254 2255
f 2253 2255 2256
f 2253 2256 2257
f 2253 2257 2258
f 2253 2258 2259
f 2253 2259 2260
f 2253 2260 2261
f 2253 2261 2254
f 2262 2225 2224
f 2262 2224 2263
f 2262 2263 2264
f 2262 2264 2265
f 2262 2265 2266
f 2262 2266 2267
f 2262 2267 2226
f 2262 2226 2225
f 2268 2269 2270
f 2268 2270 2271
f 2268 2271 2222
f 2268 2222 2221
f 2268 2221 2228
f 2268 2228 2272
f 2268 2272 2273
f 2268 2273 2269
f 2274 2258 2257
f 2274 2257 2275
f 2274 2275 2276
f 2274 2276 2277
f 2274 2277 2278
f 2274 2278 2279
f 2274 2279 2259
f 2274 2259 2258
f 2280 2265 2264
f 2280 2264 2281
f 2280 2281 2282
f 2280 2282 2283
f 2280 2283 2284
f 2280 2284 2285
f 2280 2285 2266
f 2280 2266 2265
f 2286 2277 2276
f 2286 2276 2287
f 2286 2287 2288
f 2286 2288 2289
f 2286 2289 2290
f 2286 2290 2291
f 2286 2291 2278
f 2286 2278 2277
f 2292 2283 2282
f 2292 2282 2293
f 2292 2293 2294
f 2292 2294 2295
f 2292 2295 2296
f 2292 2296 2297
f 2292 2297 2284
f 2292 2284 2283
f 2298 2299 2300
f 2298 2300 2301
f 2298 2301 2231
f 2298 2231 2230
f 2298 2230 2237
f 2298 2237 2302
f 2298 2302 2303
f 2298 2303 2299
f 2304 2305 2306
f 2304 2306 2307
f 2304 2307 2249
f 2304 2249 2248
f 2304 2248 2252
f 2304 2252 2308
f 2304 2308 2309
f 2304 2309 2305
f 2310 2295 2294
f 2310 2294 2311
f 2310 2311 2255
f 2310 2255 2254
f 2310 2254 2261
f 2310 2261 2312
f 2310 2312 2296
f 2310 2296 2295
f 2313 2314 2315
f 2313 2315 2316
f 2313 2316 2300
f 2313 2300 2299
f 2313 2299 2303
f 2313 2303 2317
f 2313 2317 2318
f 2313 2318 2314
f 2319 2234 2233
f 2319 2233 2320
f 2319 2320 2306
f 2319 2306 2305
f 2319 2305 2309
f 2319 2309 2321
f 2319 2321 2235
f 2319 2235 2234
f 2322 2323 2318
f 2322 2318 2317
f 2322 2317 2303
f 2322 2303 2324
f 2322 2324 2325
f 2322 2325 2326
f 2322 2326 2327
f 2322 2327 2323
f 2328 2329 2266
f 2328 2266 2285
f 2328 2285 2284
f 2328 2284 2330
f 2328 2330 2331
f 2328 2331 2332
f 2328 2332 2333
f 2328 2333 2329
f 2334 2335 2228
f 2334 2228 2227
f 2334 2227 2226
f 2334 2226 2336
f 2334 2336 2337
f 2334 2337 2338
f 2334 2338 2339
f 2334 2339 2335
f 2340 2341 2237
f 2340 2237 2236
f 2340 2236 2235
f 2340 2235 2342
f 2340 2342 2343
f 2340 2343 2344
f 2340 2344 2345
f 2340 2345 2341
f 2346 2347 2252
f 2346 2252 2251
f 2346 2251 2246
f 2346 2246 2348
f 2346 2348 2349
f 2346 2349 2350
f 2346 2350 2351
f 2346 2351 2347
f 2352 2348 2246
f 2352 2246 2245
f 2352 2245 2244
f 2352 2244 2353
f 2352 2353 2354
f 2352 2354 2355
f 2352 2355 2349
f 2352 2349 2348
f 2356 2342 2235
f 2356 2235 2321
f 2356 2321 2309
f 2356 2309 2357
f 2356 2357 2358
f 2356 2358 2359
f 2356 2359 2343
f 2356 2343 2342
f 2360 2361 2273
f 2360 2273 2272
f 2360 2272 2228
f 2360 2228 2335
f 2360 2335 2339
f 2360 2339 2362
f 2360 2362 2363
f 2360 2363 2361
f 2364 2365 2296
f 2364 2296 2312
f 2364 2312 2261
f 2364 2261 2366
f 2364 2366 2367
f 2364 2367 2368
f 2364 2368 2369
f 2364 2369 2365
f 2370 2336 2226
f 2370 2226 2267
f 2370 2267 2266
f 2370 2266 2329
f 2370 2329 2333
f 2370 2333 2371
f 2370 2371 2337
f 2370 2337 2336
f 2372 2373 2278
f 2372 2278 2291
f 2372 2291 2290
f 2372 2290 2374
f 2372 2374 2375
f 2372 2375 2376
f 2372 2376 2377
f 2372 2377 2373
f 2378 2357 2309
f 2378 2309 2308
f 2378 2308 2252
f 2378 2252 2347
f 2378 2347 2351
f 2378 2351 2379
f 2378 2379 2358
f 2378 2358 2357
f 2380 2324 2303
f 2380 2303 2302
f 2380 2302 2237
f 2380 2237 2341
f 2380 2341 2345
f 2380 2345 2381
f 2380 2381 2325
f 2380 2325 2324
f 2382 2330 2284
f 2382 2284 2297
f 2382 2297 2296
f 2382 2296 2365
f 2382 2365 2369
f 2382 2369 2383
f 2382 2383 2331
f 2382 2331 2330
f 2384 2366 2261
f 2384 2261 2260
f 2384 2260 2259
f 2384 2259 2385
f 2384 2385 2386
f 2384 2386 2387
f 2384 2387 2367
f 2384 2367 2366
f 2388 2385 2259
f 2388 2259 2279
f 2388 2279 2278
f 2388 2278 2373
f 2388 2373 2377
f 2388 2377 2389
f 2388 2389 2386
f 2388 2386 2385
f 2390 2391 2343
f 2390 2343 2359
f 2390 2359 2358
f 2390 2358 2392
f 2390 2392 2393
f 2390 2393 2394
f 2390 2394 2395
f 2390 2395 2391
f 2396 2397 2327
f 2396 2327 2326
f 2396 2326 2325
f 2396 2325 2398
f 2396 2398 2399
f 2396 2399 2400
f 2396 2400 2401
f 2396 2401 2397
f 2402 2403 2337
f 2402 2337 2371
f 2402 2371 2333
f 2402 2333 2404
f 2402 2404 2405
f 2402 2405 2406
f 2402 2406 2407
f 2402 2407 2403
f 2408 2409 2339
f 2408 2339 2338
f 2408 2338 2337
f 2408 2337 2403
f 2408 2403 2407
f 2408 2407 2410
f 2408 2410 2411
f 2408 2411 2409
f 2412 2413 2345
f 2412 2345 2344
f 2412 2344 2343
f 2412 2343 2391
f 2412 2391 2395
f 2412 2395 2414
f 2412 2414 2415
f 2412 2415 2413
f 2416 2417 2367
f 2416 2367 2387
f 2416 2387 2386
f 2416 2386 2418
f 2416 2418 2419
f 2416 2419 2420
f 2416 2420 2421
f 2416 2421 2417
f 2422 2423 2349
f 2422 2349 2355
f 2422 2355 2354
f 2422 2354 2424
f 2422 2424 2425
f 2422 2425 2426
f 2422 2426 2427
f 2422 2427 2423
f 2428 2418 2386
f 2428 2386 2389
f 2428 2389 2377
f 2428 2377 2429
f 2428 2429 2430
f 2428 2430 2431
f 2428 2431 2419
f 2428 2419 2418
f 2432 2433 2351
f 2432 2351 2350
f 2432 2350 2349
f 2432 2349 2423
f 2432 2423 2427
f 2432 2427 2434
f 2432 2434 2435
f 2432 2435 2433
f 2436 2437 2363
f 2436 2363 2362
f 2436 2362 2339
f 2436 2339 2409
f 2436 2409 2411
f 2436 2411 2438
f 2436 2438 2439
f 2436 2439 2437
f 2440 2441 2331
f 2440 2331 2383
f 2440 2383 2369
f 2440 2369 2442
f 2440 2442 2443
f 2440 2443 2444
f 2440 2444 2445
f 2440 2445 2441
f 2446 2404 2333
f 2446 2333 2332
f 2446 2332 2331
f 2446 2331 2441
f 2446 2441 2445
f 2446 2445 2447
f 2446 2447 2405
f 2446 2405 2404
f 2448 2429 2377
f 2448 2377 2376
f 2448 2376 2375
f 2448 2375 2449
f 2448 2449 2450
f 2448 2450 2451
f 2448 2451 2430
f 2448 2430 2429
f 2452 2398 2325
f 2452 2325 2381
f 2452 2381 2345
f 2452 2345 2413
f 2452 2413 2415
f 2452 2415 2453
f 2452 2453 2399
f 2452 2399 2398
f 2454 2392 2358
f 2454 2358 2379
f 2454 2379 2351
f 2454 2351 2433
f 2454 2433 2435
f 2454 2435 2455
f 2454 2455 2393
f 2454 2393 2392
f 2456 2442 2369
f 2456 2369 2368
f 2456 2368 2367
f 2456 2367 2417
f 2456 2417 2421
f 2456 2421 2457
f 2456 2457 2443
f 2456 2443 2442
f 2458 2459 2395
f 2458 2395 2394
f 2458 2394 2393
f 2458 2393 2460
f 2458 2460 2461
f 2458 2461 2462
f 2458 2462 2463
f 2458 2463 2459
f 2464 2465 2401
f 2464 2401 2400
f 2464 2400 2399
f 2464 2399 2466
f 2464 2466 2467
f 2464 2467 2468
f 2464 2468 2469
f 2464 2469 2465
f 2470 2471 2443
f 2470 2443 2457
f 2470 2457 2421
f 2470 2421 2472
f 2470 2472 2473
f 2470 2473 2474
f 2470 2474 2475
f 2470 2475 2471
f 2476 2477 2407
f 2476 2407 2406
f 2476 2406 2405
f 2476 2405 2478
f 2476 2478 2479
f 2476 2479 2480
f 2476 2480 2481
f 2476 2481 2477
f 2482 2483 2411
f 2482 2411 2410
f 2482 2410 2407
f 2482 2407 2477
f 2482 2477 2481
f 2482 2481 2484
f 2482 2484 2485
f 2482 2485 2483
f 2486 2487 2415
f 2486 2415 2414
f 2486 2414 2395
f 2486 2395 2459
f 2486 2459 2463
f 2486 2463 2488
f 2486 2488 2489
f 2486 2489 2487
f 2490 2472 2421
f 2490 2421 2420
f 2490 2420 2419
f 2490 2419 2491
f 2490 2491 2492
f 2490 2492 2493
f 2490 2493 2473
f 2490 2473 2472
f 2494 2460 2393
f 2494 2393 2455
f 2494 2455 2435
f 2494 2435 2495
f 2494 2495 2496
f 2494 2496 2497
f 2494 2497 2461
f 2494 2461 2460
f 2498 2499 2427
f 2498 2427 2426
f 2498 2426 2425
f 2498 2425 2500
f 2498 2500 2501
f 2498 2501 2502
f 2498 2502 2503
f 2498 2503 2499
f 2504 2505 2445
f 2504 2445 2444
f 2504 2444 2443
f 2504 2443 2471
f 2504 2471 2475
f 2504 2475 2506
f 2504 2506 2507
f 2504 2507 2505
f 2508 2509 2439
f 2508 2439 2438
f 2508 2438 2411
f 2508 2411 2483
f 2508 2483 2485
f 2508 2485 2510
f 2508 2510 2511
f 2508 2511 2509
f 2512 2491 2419
f 2512 2419 2431
f 2512 2431 2430
f 2512 2430 2513
f 2512 2513 2514
f 2512 2514 2515
f 2512 2515 2492
f 2512 2492 2491
f 2516 2513 2430
f 2516 2430 2451
f 2516 2451 2450
f 2516 2450 2517
f 2516 2517 2518
f 2516 2518 2519
f 2516 2519 2514
f 2516 2514 2513
f 2520 2466 2399
f 2520 2399 2453
f 2520 2453 2415
f 2520 2415 2487
f 2520 2487 2489
f 2520 2489 2521
f 2520 2521 2467
f 2520 2467 2466
f 2522 2478 2405
f 2522 2405 2447
f 2522 2447 2445
f 2522 2445 2505
f 2522 2505 2507
f 2522 2507 2523
f 2522 2523 2479
f 2522 2479 2478
f 2524 2495 2435
f 2524 2435 2434
f 2524 2434 2427
f 2524 2427 2499
f 2524 2499 2503
f 2524 2503 2525
f 2524 2525 2496
f 2524 2496 2495
f 2526 2527 2514
f 2526 2514 2519
f 2526 2519 2518
f 2526 2518 2528
f 2526 2528 2529
f 2526 2529 2530
f 2526 2530 2531
f 2526 2531 2527
f 2532 2533 2473
f 2532 2473 2493
f 2532 2493 2492
f 2532 2492 2534
f 2532 2534 2535
f 2532 2535 2536
f 2532 2536 2147
f 2532 2147 2533
f 2537 2538 2467
f 2537 2467 2521
f 2537 2521 2489
f 2537 2489 2539
f 2537 2539 2540
f 2537 2540 2541
f 2537 2541 2542
f 2537 2542 2538
f 2543 2544 2507
f 2543 2507 2506
f 2543 2506 2475
f 2543 2475 2545
f 2543 2545 2145
f 2543 2145 2546
f 2543 2546 2547
f 2543 2547 2544
f 2548 2534 2492
f 2548 2492 2515
f 2548 2515 2514
f 2548 2514 2527
f 2548 2527 2531
f 2548 2531 2549
f 2548 2549 2535
f 2548 2535 2534
f 2550 2551 2469
f 2550 2469 2468
f 2550 2468 2467
f 2550 2467 2538
f 2550 2538 2542
f 2550 2542 2552
f 2550 2552 2553
f 2550 2553 2551
f 2554 2555 2463
f 2554 2463 2462
f 2554 2462 2461
f 2554 2461 2556
f 2554 2556 2557
f 2554 2557 2558
f 2554 2558 2559
f 2554 2559 2555
f 2560 2561 2479
f 2560 2479 2523
f 2560 2523 2507
f 2560 2507 2544
f 2560 2544 2547
f 2560 2547 2562
f 2560 2562 2563
f 2560 2563 2561
f 2564 2565 2485
f 2564 2485 2484
f 2564 2484 2481
f 2564 2481 2566
f 2564 2566 2567
f 2564 2567 2568
f 2564 2568 2569
f 2564 2569 2565
f 2570 2545 2475
f 2570 2475 2474
f 2570 2474 2473
f 2570 2473 2533
f 2570 2533 2147
f 2570 2147 2146
f 2570 2146 2145
f 2570 2145 2545
f 2571 2539 2489
f 2571 2489 2488
f 2571 2488 2463
f 2571 2463 2555
f 2571 2555 2559
f 2571 2559 2572
f 2571 2572 2540
f 2571 2540 2539
f 2573 2574 2503
f 2573 2503 2502
f 2573 2502 2501
f 2573 2501 2575
f 2573 2575 2576
f 2573 2576 2577
f 2573 2577 2578
f 2573 2578 2574
f 2579 2580 2496
f 2579 2496 2525
f 2579 2525 2503
f 2579 2503 2574
f 2579 2574 2578
f 2579 2578 2581
f 2579 2581 2582
f 2579 2582 2580
f 2583 2556 2461
f 2583 2461 2497
f 2583 2497 2496
f 2583 2496 2580
f 2583 2580 2582
f 2583 2582 2584
f 2583 2584 2557
f 2583 2557 2556
f 2585 2566 2481
f 2585 2481 2480
f 2585 2480 2479
f 2585 2479 2561
f 2585 2561 2563
f 2585 2563 2586
f 2585 2586 2567
f 2585 2567 2566
f 2587 2588 2511
f 2587 2511 2510
f 2587 2510 2485
f 2587 2485 2565
f 2587 2565 2569
f 2587 2569 2589
f 2587 2589 2590
f 2587 2590 2588
f 2591 2592 2593
f 2591 2593 2594
f 2591 2594 2567
f 2591 2567 2595
f 2591 2595 2596
f 2591 2596 2597
f 2591 2597 2598
f 2591 2598 2592
f 2599 2600 2601
f 2599 2601 2602
f 2599 2602 2582
f 2599 2582 2581
f 2599 2581 2578
f 2599 2578 2577
f 2599 2577 2576
f 2599 2576 2600
f 2603 2594 2593
f 2603 2593 2604
f 2603 2604 2605
f 2603 2605 2606
f 2603 2606 2569
f 2603 2569 2568
f 2603 2568 2567
f 2603 2567 2594
f 2607 2608 2609
f 2607 2609 2610
f 2607 2610 2611
f 2607 2611 2612
f 2607 2612 2613
f 2607 2613 2614
f 2607 2614 2615
f 2607 2615 2608
f 2616 2617 2553
f 2616 2553 2618
f 2616 2618 2609
f 2616 2609 2608
f 2616 2608 2615
f 2616 2615 2619
f 2616 2619 2529
f 2616 2529 2617
f 2620 2612 2611
f 2620 2611 2621
f 2620 2621 2622
f 2620 2622 2623
f 2620 2623 2605
f 2620 2605 2624
f 2620 2624 2613
f 2620 2613 2612
f 2625 2626 2557
f 2625 2557 2584
f 2625 2584 2582
f 2625 2582 2602
f 2625 2602 2601
f 2625 2601 2627
f 2625 2627 2628
f 2625 2628 2626
f 2629 2541 2540
f 2629 2540 2572
f 2629 2572 2559
f 2629 2559 2630
f 2629 2630 2631
f 2629 2631 2632
f 2629 2632 2542
f 2629 2542 2541
f 2633 2630 2559
f 2633 2559 2558
f 2633 2558 2557
f 2633 2557 2626
f 2633 2626 2628
f 2633 2628 2634
f 2633 2634 2631
f 2633 2631 2630
f 2635 2636 2622
f 2635 2622 2637
f 2635 2637 2601
f 2635 2601 2600
f 2635 2600 2576
f 2635 2576 2638
f 2635 2638 2590
f 2635 2590 2636
f 2639 2640 2535
f 2639 2535 2549
f 2639 2549 2531
f 2639 2531 2641
f 2639 2641 2642
f 2639 2642 2643
f 2639 2643 2644
f 2639 2644 2640
f 2645 2646 2615
f 2645 2615 2614
f 2645 2614 2613
f 2645 2613 2647
f 2645 2647 2648
f 2645 2648 2649
f 2645 2649 2650
f 2645 2650 2646
f 2651 2530 2529
f 2651 2529 2619
f 2651 2619 2615
f 2651 2615 2646
f 2651 2646 2650
f 2651 2650 2652
f 2651 2652 2531
f 2651 2531 2530
f 2653 2647 2613
f 2653 2613 2624
f 2653 2624 2605
f 2653 2605 2604
f 2653 2604 2593
f 2653 2593 2654
f 2653 2654 2648
f 2653 2648 2647
f 2655 2656 2648
f 2655 2648 2654
f 2655 2654 2593
f 2655 2593 2592
f 2655 2592 2598
f 2655 2598 2657
f 2655 2657 2658
f 2655 2658 2656
f 2659 2660 2108
f 2659 2108 2138
f 2659 2138 2137
f 2659 2137 2661
f 2659 2661 2662
f 2659 2662 2663
f 2659 2663 2664
f 2659 2664 2660
f 2665 2666 2120
f 2665 2120 2142
f 2665 2142 2141
f 2665 2141 2667
f 2665 2667 2668
f 2665 2668 2669
f 2665 2669 2670
f 2665 2670 2666
f 2671 2672 2134
f 2671 2134 2133
f 2671 2133 2122
f 2671 2122 2673
f 2671 2673 2674
f 2671 2674 2675
f 2671 2675 2676
f 2671 2676 2672
f 2677 2678 2110
f 2677 2110 2109
f 2677 2109 2108
f 2677 2108 2660
f 2677 2660 2664
f 2677 2664 2679
f 2677 2679 2680
f 2677 2680 2678
f 2681 2682 2116
f 2681 2116 2115
f 2681 2115 2114
f 2681 2114 2683
f 2681 2683 2684
f 2681 2684 2685
f 2681 2685 2686
f 2681 2686 2682
f 2687 2673 2122
f 2687 2122 2121
f 2687 2121 2120
f 2687 2120 2666
f 2687 2666 2670
f 2687 2670 2688
f 2687 2688 2674
f 2687 2674 2673
f 2689 2690 2128
f 2689 2128 2127
f 2689 2127 2126
f 2689 2126 2691
f 2689 2691 2692
f 2689 2692 2693
f 2689 2693 2694
f 2689 2694 2690
f 2695 2691 2126
f 2695 2126 2130
f 2695 2130 2110
f 2695 2110 2678
f 2695 2678 2680
f 2695 2680 2696
f 2695 2696 2692
f 2695 2692 2691
f 2697 2643 2642
f 2697 2642 2698
f 2697 2698 2699
f 2697 2699 2700
f 2697 2700 2149
f 2697 2149 2701
f 2697 2701 2644
f 2697 2644 2643
f 2702 2703 2658
f 2702 2658 2657
f 2702 2657 2598
f 2702 2598 2704
f 2702 2704 2705
f 2702 2705 2706
f 2702 2706 2151
f 2702 2151 2703
f 2707 2700 2699
f 2707 2699 2708
f 2707 2708 2658
f 2707 2658 2703
f 2707 2703 2151
f 2707 2151 2150
f 2707 2150 2149
f 2707 2149 2700
f 2709 2710 2705
f 2709 2705 2704
f 2709 2704 2598
f 2709 2598 2597
f 2709 2597 2596
f 2709 2596 2711
f 2709 2711 2712
f 2709 2712 2710
f 2713 2595 2567
f 2713 2567 2586
f 2713 2586 2563
f 2713 2563 2714
f 2713 2714 2712
f 2713 2712 2711
f 2713 2711 2596
f 2713 2596 2595
f 2715 2148 2147
f 2715 2147 2536
f 2715 2536 2535
f 2715 2535 2640
f 2715 2640 2644
f 2715 2644 2701
f 2715 2701 2149
f 2715 2149 2148
f 2716 2717 2650
f 2716 2650 2649
f 2716 2649 2648
f 2716 2648 2656
f 2716 2656 2658
f 2716 2658 2708
f 2716 2708 2699
f 2716 2699 2717
f 2718 2641 2531
f 2718 2531 2652
f 2718 2652 2650
f 2718 2650 2717
f 2718 2717 2699
f 2718 2699 2698
f 2718 2698 2642
f 2718 2642 2641
f 2719 2714 2563
f 2719 2563 2562
f 2719 2562 2547
f 2719 2547 2720
f 2719 2720 2705
f 2719 2705 2710
f 2719 2710 2712
f 2719 2712 2714
f 2721 2720 2547
f 2721 2547 2546
f 2721 2546 2145
f 2721 2145 2144
f 2721 2144 2151
f 2721 2151 2706
f 2721 2706 2705
f 2721 2705 2720
f 2722 2723 2724
f 2722 2724 2725
f 2722 2725 2726
f 2722 2726 2727
f 2722 2727 2728
f 2722 2728 2729
f 2722 2729 2730
f 2722 2730 2723
f 2731 2732 2733
f 2731 2733 2734
f 2731 2734 2735
f 2731 2735 2736
f 2731 2736 2737
f 2731 2737 2738
f 2731 2738 2739
f 2731 2739 2732
f 2740 2741 2742
f 2740 2742 2743
f 2740 2743 2744
f 2740 2744 2745
f 2740 2745 2746
f 2740 2746 2747
f 2740 2747 2748
f 2740 2748 2741
f 2749 2750 2751
f 2749 2751 2752
f 2749 2752 2724
f 2749 2724 2723
f 2749 2723 2730
f 2749 2730 2753
f 2749 2753 2754
f 2749 2754 2750
f 2755 2756 2757
f 2755 2757 2758
f 2755 2758 2759
f 2755 2759 2760
f 2755 2760 2761
f 2755 2761 2762
f 2755 2762 2763
f 2755 2763 2756
f 2764 2745 2744
f 2764 2744 2765
f 2764 2765 2733
f 2764 2733 2732
f 2764 2732 2739
f 2764 2739 2766
f 2764 2766 2746
f 2764 2746 2745
f 2767 2768 2769
f 2767 2769 2770
f 2767 2770 2771
f 2767 2771 2772
f 2767 2772 2773
f 2767 2773 2774
f 2767 2774 2775
f 2767 2775 2768
f 2776 2772 2771
f 2776 2771 2777
f 2776 2777 2751
f 2776 2751 2750
f 2776 2750 2754
f 2776 2754 2778
f 2776 2778 2773
f 2776 2773 2772
f 2779 2780 2773
f 2779 2773 2778
f 2779 2778 2754
f 2779 2754 2781
f 2779 2781 2782
f 2779 2782 2783
f 2779 2783 2784
f 2779 2784 2780
f 2785 2786 2730
f 2785 2730 2729
f 2785 2729 2728
f 2785 2728 2787
f 2785 2787 2788
f 2785 2788 2789
f 2785 2789 2790
f 2785 2790 2786
f 2791 2792 2739
f 2791 2739 2738
f 2791 2738 2737
f 2791 2737 2793
f 2791 2793 2794
f 2791 2794 2795
f 2791 2795 2796
f 2791 2796 2792
f 2797 2798 2775
f 2797 2775 2774
f 2797 2774 2773
f 2797 2773 2780
f 2797 2780 2784
f 2797 2784 2799
f 2797 2799 2800
f 2797 2800 2798
f 2801 2781 2754
f 2801 2754 2753
f 2801 2753 2730
f 2801 2730 2786
f 2801 2786 2790
f 2801 2790 2802
f 2801 2802 2782
f 2801 2782 2781
f 2803 2804 2763
f 2803 2763 2762
f 2803 2762 2761
f 2803 2761 2805
f 2803 2805 2806
f 2803 2806 2807
f 2803 2807 2808
f 2803 2808 2804
f 2809 2810 2746
f 2809 2746 2766
f 2809 2766 2739
f 2809 2739 2792
f 2809 2792 2796
f 2809 2796 2811
f 2809 2811 2812
f 2809 2812 2810
f 2813 2814 2748
f 2813 2748 2747
f 2813 2747 2746
f 2813 2746 2810
f 2813 2810 2812
f 2813 2812 2815
f 2813 2815 2816
f 2813 2816 2814
f 2817 2818 2816
f 2817 2816 2815
f 2817 2815 2812
f 2817 2812 2819
f 2817 2819 2820
f 2817 2820 2821
f 2817 2821 2822
f 2817 2822 2818
f 2823 2824 2782
f 2823 2782 2802
f 2823 2802 2790
f 2823 2790 2825
f 2823 2825 2826
f 2823 2826 2827
f 2823 2827 2828
f 2823 2828 2824
f 2829 2830 2808
f 2829 2808 2807
f 2829 2807 2806
f 2829 2806 2831
f 2829 2831 2832
f 2829 2832 2833
f 2829 2833 2834
f 2829 2834 2830
f 2835 2819 2812
f 2835 2812 2811
f 2835 2811 2796
f 2835 2796 2836
f 2835 2836 2837
f 2835 2837 2838
f 2835 2838 2820
f 2835 2820 2819
f 2839 2840 2800
f 2839 2800 2799
f 2839 2799 2784
f 2839 2784 2841
f 2839 2841 2842
f 2839 2842 2843
f 2839 2843 2844
f 2839 2844 2840
f 2845 2841 2784
f 2845 2784 2783
f 2845 2783 2782
f 2845 2782 2824
f 2845 2824 2828
f 2845 2828 2846
f 2845 2846 2842
f 2845 2842 2841
f 2847 2825 2790
f 2847 2790 2789
f 2847 2789 2788
f 2847 2788 2848
f 2847 2848 2849
f 2847 2849 2850
f 2847 2850 2826
f 2847 2826 2825
f 2851 2836 2796
f 2851 2796 2795
f 2851 2795 2794
f 2851 2794 2852
f 2851 2852 2853
f 2851 2853 2854
f 2851 2854 2837
f 2851 2837 2836
f 2855 2856 2844
f 2855 2844 2843
f 2855 2843 2842
f 2855 2842 2857
f 2855 2857 2858
f 2855 2858 2859
f 2855 2859 2860
f 2855 2860 2856
f 2861 2862 2828
f 2861 2828 2827
f 2861 2827 2826
f 2861 2826 2863
f 2861 2863 2864
f 2861 2864 2865
f 2861 2865 2866
f 2861 2866 2862
f 2867 2868 2834
f 2867 2834 2833
f 2867 2833 2832
f 2867 2832 2869
f 2867 2869 2870
f 2867 2870 2871
f 2867 2871 2872
f 2867 2872 2868
f 2873 2874 2820
f 2873 2820 2838
f 2873 2838 2837
f 2873 2837 2875
f 2873 2875 2876
f 2873 2876 2877
f 2873 2877 2878
f 2873 2878 2874
f 2879 2857 2842
f 2879 2842 2846
f 2879 2846 2828
f 2879 2828 2862
f 2879 2862 2866
f 2879 2866 2880
f 2879 2880 2858
f 2879 2858 2857
f 2881 2882 2822
f 2881 2822 2821
f 2881 2821 2820
f 2881 2820 2874
f 2881 2874 2878
f 2881 2878 2883
f 2881 2883 2884
f 2881 2884 2882
f 2885 2863 2826
f 2885 2826 2850
f 2885 2850 2849
f 2885 2849 2886
f 2885 2886 2887
f 2885 2887 2888
f 2885 2888 2864
f 2885 2864 2863
f 2889 2875 2837
f 2889 2837 2854
f 2889 2854 2853
f 2889 2853 2890
f 2889 2890 2891
f 2889 2891 2892
f 2889 2892 2876
f 2889 2876 2875
f 2893 2894 2895
f 2893 2895 2896
f 2893 2896 2897
f 2893 2897 2898
f 2893 2898 2899
f 2893 2899 2900
f 2893 2900 2901
f 2893 2901 2894
f 2902 2903 2904
f 2902 2904 2905
f 2902 2905 2906
f 2902 2906 2907
f 2902 2907 2908
f 2902 2908 2909
f 2902 2909 2910
f 2902 2910 2903
f 2911 2912 2872
f 2911 2872 2871
f 2911 2871 2870
f 2911 2870 2913
f 2911 2913 2914
f 2911 2914 2915
f 2911 2915 2916
f 2911 2916 2912
f 2917 2918 2910
f 2917 2910 2909
f 2917 2909 2908
f 2917 2908 2919
f 2917 2919 2897
f 2917 2897 2896
f 2917 2896 2895
f 2917 2895 2918
f 2920 2888 2887
f 2920 2887 2921
f 2920 2921 2922
f 2920 2922 2923
f 2920 2923 2924
f 2920 2924 2925
f 2920 2925 2864
f 2920 2864 2888
f 2926 2877 2876
f 2926 2876 2892
f 2926 2892 2891
f 2926 2891 2927
f 2926 2927 2928
f 2926 2928 2929
f 2926 2929 2878
f 2926 2878 2877
f 2930 2931 2884
f 2930 2884 2932
f 2930 2932 2933
f 2930 2933 2934
f 2930 2934 2922
f 2930 2922 2921
f 2930 2921 2887
f 2930 2887 2931
f 2935 2865 2864
f 2935 2864 2925
f 2935 2925 2924
f 2935 2924 2936
f 2935 2936 2858
f 2935 2858 2880
f 2935 2880 2866
f 2935 2866 2865
f 2937 2883 2878
f 2937 2878 2929
f 2937 2929 2928
f 2937 2928 2938
f 2937 2938 2933
f 2937 2933 2932
f 2937 2932 2884
f 2937 2884 2883
f 2939 2940 2916
f 2939 2916 2915
f 2939 2915 2914
f 2939 2914 2941
f 2939 2941 2906
f 2939 2906 2905
f 2939 2905 2904
f 2939 2904 2940
f 2942 2886 2849
f 2942 2849 2943
f 2942 2943 2822
f 2942 2822 2882
f 2942 2882 2884
f 2942 2884 2931
f 2942 2931 2887
f 2942 2887 2886
f 2944 2848 2788
f 2944 2788 2945
f 2944 2945 2816
f 2944 2816 2818
f 2944 2818 2822
f 2944 2822 2943
f 2944 2943 2849
f 2944 2849 2848
f 2946 2787 2728
f 2946 2728 2947
f 2946 2947 2748
f 2946 2748 2814
f 2946 2814 2816
f 2946 2816 2945
f 2946 2945 2788
f 2946 2788 2787
f 2948 2727 2726
f 2948 2726 2949
f 2948 2949 2742
f 2948 2742 2741
f 2948 2741 2748
f 2948 2748 2947
f 2948 2947 2728
f 2948 2728 2727
f 2950 2661 2137
f 2950 2137 2951
f 2950 2951 2134
f 2950 2134 2672
f 2950 2672 2676
f 2950 2676 2952
f 2950 2952 2662
f 2950 2662 2661
f 2953 2606 2605
f 2953 2605 2623
f 2953 2623 2622
f 2953 2622 2636
f 2953 2636 2590
f 2953 2590 2589
f 2953 2589 2569
f 2953 2569 2606
f 2954 2955 2628
f 2954 2628 2627
f 2954 2627 2601
f 2954 2601 2637
f 2954 2637 2622
f 2954 2622 2621
f 2954 2621 2611
f 2954 2611 2955
f 2956 2552 2542
f 2956 2542 2632
f 2956 2632 2631
f 2956 2631 2957
f 2956 2957 2609
f 2956 2609 2618
f 2956 2618 2553
f 2956 2553 2552
f 2958 2957 2631
f 2958 2631 2634
f 2958 2634 2628
f 2958 2628 2955
f 2958 2955 2611
f 2958 2611 2610
f 2958 2610 2609
f 2958 2609 2957
f 2959 2575 2501
f 2959 2501 2960
f 2959 2960 2511
f 2959 2511 2588
f 2959 2588 2590
f 2959 2590 2638
f 2959 2638 2576
f 2959 2576 2575
f 2961 2528 2518
f 2961 2518 2962
f 2961 2962 2469
f 2961 2469 2551
f 2961 2551 2553
f 2961 2553 2617
f 2961 2617 2529
f 2961 2529 2528
f 2963 2500 2425
f 2963 2425 2964
f 2963 2964 2439
f 2963 2439 2509
f 2963 2509 2511
f 2963 2511 2960
f 2963 2960 2501
f 2963 2501 2500
f 2965 2517 2450
f 2965 2450 2966
f 2965 2966 2401
f 2965 2401 2465
f 2965 2465 2469
f 2965 2469 2962
f 2965 2962 2518
f 2965 2518 2517
f 2967 2424 2354
f 2967 2354 2968
f 2967 2968 2363
f 2967 2363 2437
f 2967 2437 2439
f 2967 2439 2964
f 2967 2964 2425
f 2967 2425 2424
f 2969 2449 2375
f 2969 2375 2970
f 2969 2970 2327
f 2969 2327 2397
f 2969 2397 2401
f 2969 2401 2966
f 2969 2966 2450
f 2969 2450 2449
f 2971 2353 2244
f 2971 2244 2972
f 2971 2972 2273
f 2971 2273 2361
f 2971 2361 2363
f 2971 2363 2968
f 2971 2968 2354
f 2971 2354 2353
f 2973 2374 2290
f 2973 2290 2974
f 2973 2974 2318
f 2973 2318 2323
f 2973 2323 2327
f 2973 2327 2970
f 2973 2970 2375
f 2973 2375 2374
f 2975 2289 2288
f 2975 2288 2976
f 2975 2976 2315
f 2975 2315 2314
f 2975 2314 2318
f 2975 2318 2974
f 2975 2974 2290
f 2975 2290 2289
f 2977 2243 2242
f 2977 2242 2978
f 2977 2978 2270
f 2977 2270 2269
f 2977 2269 2273
f 2977 2273 2972
f 2977 2972 2244
f 2977 2244 2243
f 2979 2176 1728
f 2979 1728 2980
f 2979 2980 1749
f 2979 1749 2207
f 2979 2207 2209
f 2979 2209 2981
f 2979 2981 2177
f 2979 2177 2176
f 2982 2154 1690
f 2982 1690 2983
f 2982 2983 1720
f 2982 1720 2169
f 2982 2169 2173
f 2982 2173 2984
f 2982 2984 2155
f 2982 2155 2154
f 2985 2136 2091
f 2985 2091 2986
f 2985 2986 2104
f 2985 2104 2132
f 2985 2132 2134
f 2985 2134 2951
f 2985 2951 2137
f 2985 2137 2136
f 2987 2090 2089
f 2987 2089 2988
f 2987 2988 2101
f 2987 2101 2100
f 2987 2100 2104
f 2987 2104 2986
f 2987 2986 2091
f 2987 2091 2090
f 2989 1967 1966
f 2989 1966 2990
f 2989 2990 1924
f 2989 1924 1923
f 2989 1923 1930
f 2989 1930 2991
f 2989 2991 1968
f 2989 1968 1967
f 2992 1889 1850
f 2992 1850 2993
f 2992 2993 1864
f 2992 1864 1898
f 2992 1898 1900
f 2992 1900 2994
f 2992 2994 1890
f 2992 1890 1889
f 2995 1849 1784
f 2995 1784 2996
f 2995 2996 1792
f 2995 1792 1860
f 2995 1860 1864
f 2995 1864 2993
f 2995 2993 1850
f 2995 1850 1849
f 2997 1783 1501
f 2997 1501 2998
f 2997 2998 1778
f 2997 1778 1790
f 2997 1790 1792
f 2997 1792 2996
f 2997 2996 1784
f 2997 1784 1783
f 2999 1500 1486
f 2999 1486 1485
f 2999 1485 1484
f 2999 1484 1775
f 2999 1775 1778
f 2999 1778 2998
f 2999 2998 1501
f 2999 1501 1500
f 3000 1727 1636
f 3000 1636 3001
f 3000 3001 1664
f 3000 1664 1747
f 3000 1747 1749
f 3000 1749 2980
f 3000 2980 1728
f 3000 1728 1727
f 3002 1689 1680
f 3002 1680 3003
f 3002 3003 1626
f 3002 1626 1716
f 3002 1716 1720
f 3002 1720 2983
f 3002 2983 1690
f 3002 1690 1689
f 3004 1635 1598
f 3004 1598 3005
f 3004 3005 1620
f 3004 1620 1662
f 3004 1662 1664
f 3004 1664 3001
f 3004 3001 1636
f 3004 1636 1635
f 3006 1679 1576
f 3006 1576 3007
f 3006 3007 1588
f 3006 1588 1622
f 3006 1622 1626
f 3006 1626 3003
f 3006 3003 1680
f 3006 1680 1679
f 3008 1597 1546
f 3008 1546 3009
f 3008 3009 1425
f 3008 1425 1618
f 3008 1618 1620
f 3008 1620 3005
f 3008 3005 1598
f 3008 1598 1597
f 3010 1575 1465
f 3010 1465 3011
f 3010 3011 1481
f 3010 1481 1586
f 3010 1586 1588
f 3010 1588 3007
f 3010 3007 1576
f 3010 1576 1575
f 3012 1493 1492
f 3012 1492 3013
f 3012 3013 1535
f 3012 1535 1534
f 3012 1534 1420
f 3012 1420 3014
f 3012 3014 1494
f 3012 1494 1493
f 3015 1515 1506
f 3015 1506 1776
f 3015 1776 1484
f 3015 1484 1483
f 3015 1483 1475
f 3015 1475 3016
f 3015 3016 1463
f 3015 1463 1515
f 3017 1464 1463
f 3017 1463 3016
f 3017 3016 1475
f 3017 1475 1474
f 3017 1474 1481
f 3017 1481 3011
f 3017 3011 1465
f 3017 1465 1464
f 3018 1545 1494
f 3018 1494 3014
f 3018 3014 1420
f 3018 1420 1419
f 3018 1419 1425
f 3018 1425 3009
f 3018 3009 1546
f 3018 1546 1545
f 3019 3020 1890
f 3019 1890 2994
f 3019 2994 1900
f 3019 1900 3021
f 3019 3021 1924
f 3019 1924 2990
f 3019 2990 1966
f 3019 1966 3020
f 3022 3023 1892
f 3022 1892 1891
f 3022 1891 1890
f 3022 1890 3020
f 3022 3020 1966
f 3022 1966 1965
f 3022 1965 1935
f 3022 1935 3023
f 3024 3025 1904
f 3024 1904 1903
f 3024 1903 1886
f 3024 1886 3026
f 3024 3026 1954
f 3024 1954 1961
f 3024 1961 1960
f 3024 1960 3025
f 3027 3026 1886
f 3027 1886 1885
f 3027 1885 1884
f 3027 1884 3028
f 3027 3028 1933
f 3027 1933 1955
f 3027 1955 1954
f 3027 1954 3026
f 3029 3030 1880
f 3029 1880 1879
f 3029 1879 1878
f 3029 1878 3031
f 3029 3031 1915
f 3029 1915 1950
f 3029 1950 1926
f 3029 1926 3030
f 3032 3033 1912
f 3032 1912 1911
f 3032 1911 1910
f 3032 1910 3034
f 3032 3034 1944
f 3032 1944 1943
f 3032 1943 1942
f 3032 1942 3033
f 3035 3028 1884
f 3035 1884 1906
f 3035 1906 1892
f 3035 1892 3023
f 3035 3023 1935
f 3035 1935 1934
f 3035 1934 1933
f 3035 1933 3028
f 3036 3021 1900
f 3036 1900 1899
f 3036 1899 1880
f 3036 1880 3030
f 3036 3030 1926
f 3036 1926 1925
f 3036 1925 1924
f 3036 1924 3021
f 3037 3031 1878
f 3037 1878 1896
f 3037 1896 1895
f 3037 1895 3038
f 3037 3038 1917
f 3037 1917 1916
f 3037 1916 1915
f 3037 1915 3031
f 3039 3040 3041
f 3039 3041 3042
f 3039 3042 1912
f 3039 1912 3033
f 3039 3033 1942
f 3039 1942 3043
f 3039 3043 3044
f 3039 3044 3040
f 3045 3046 3047
f 3045 3047 3048
f 3045 3048 3049
f 3045 3049 3050
f 3045 3050 3051
f 3045 3051 3052
f 3045 3052 3053
f 3045 3053 3046
f 3054 3055 3056
f 3054 3056 3057
f 3054 3057 2916
f 3054 2916 2940
f 3054 2940 2904
f 3054 2904 3058
f 3054 3058 3059
f 3054 3059 3055
f 3060 3061 3062
f 3060 3062 3063
f 3060 3063 2910
f 3060 2910 2918
f 3060 2918 2895
f 3060 2895 3064
f 3060 3064 3065
f 3060 3065 3061
f 3066 3067 3068
f 3066 3068 3069
f 3066 3069 2872
f 3066 2872 2912
f 3066 2912 2916
f 3066 2916 3057
f 3066 3057 3056
f 3066 3056 3067
f 3070 3071 3059
f 3070 3059 3058
f 3070 3058 2904
f 3070 2904 2903
f 3070 2903 2910
f 3070 2910 3063
f 3070 3063 3062
f 3070 3062 3071
f 3072 3073 3065
f 3072 3065 3064
f 3072 3064 2895
f 3072 2895 2894
f 3072 2894 2901
f 3072 2901 3074
f 3072 3074 2860
f 3072 2860 3073
f 3075 3076 3077
f 3075 3077 3078
f 3075 3078 2834
f 3075 2834 2868
f 3075 2868 2872
f 3075 2872 3069
f 3075 3069 3068
f 3075 3068 3076
f 3079 3080 3081
f 3079 3081 3082
f 3079 3082 3083
f 3079 3083 3084
f 3079 3084 2901
f 3079 2901 2900
f 3079 2900 2899
f 3079 2899 3080
f 3085 3086 3087
f 3085 3087 3088
f 3085 3088 3089
f 3085 3089 3090
f 3085 3090 3083
f 3085 3083 3082
f 3085 3082 3081
f 3085 3081 3086
f 3091 3092 3093
f 3091 3093 3094
f 3091 3094 2808
f 3091 2808 2830
f 3091 2830 2834
f 3091 2834 3078
f 3091 3078 3077
f 3091 3077 3092
f 3095 3096 3097
f 3095 3097 3098
f 3095 3098 2763
f 3095 2763 2804
f 3095 2804 2808
f 3095 2808 3094
f 3095 3094 3093
f 3095 3093 3096
f 3099 3100 3101
f 3099 3101 3102
f 3099 3102 3103
f 3099 3103 3104
f 3099 3104 3089
f 3099 3089 3088
f 3099 3088 3087
f 3099 3087 3100
f 3105 3106 3107
f 3105 3107 3108
f 3105 3108 3109
f 3105 3109 3110
f 3105 3110 3103
f 3105 3103 3102
f 3105 3102 3101
f 3105 3101 3106
f 3111 3112 3113
f 3111 3113 3114
f 3111 3114 2757
f 3111 2757 2756
f 3111 2756 2763
f 3111 2763 3098
f 3111 3098 3097
f 3111 3097 3112
f 3115 3116 3117
f 3115 3117 3118
f 3115 3118 3119
f 3115 3119 3120
f 3115 3120 3121
f 3115 3121 3122
f 3115 3122 3123
f 3115 3123 3116
f 3124 3125 3126
f 3124 3126 3127
f 3124 3127 2116
f 3124 2116 2682
f 3124 2682 2686
f 3124 2686 3128
f 3124 3128 3129
f 3124 3129 3125
f 3130 3131 3132
f 3130 3132 3133
f 3130 3133 3134
f 3130 3134 3135
f 3130 3135 3119
f 3130 3119 3118
f 3130 3118 3117
f 3130 3117 3131
f 3136 3137 3138
f 3136 3138 3139
f 3136 3139 2065
f 3136 2065 2112
f 3136 2112 2116
f 3136 2116 3127
f 3136 3127 3126
f 3136 3126 3137
f 3140 3141 3142
f 3140 3142 3143
f 3140 3143 3144
f 3140 3144 3145
f 3140 3145 3134
f 3140 3134 3133
f 3140 3133 3132
f 3140 3132 3141
f 3146 3147 3148
f 3146 3148 3149
f 3146 3149 2059
f 3146 2059 2058
f 3146 2058 2065
f 3146 2065 3139
f 3146 3139 3138
f 3146 3138 3147
f 3150 3151 3152
f 3150 3152 3153
f 3150 3153 3154
f 3150 3154 3155
f 3150 3155 3156
f 3150 3156 3157
f 3150 3157 3158
f 3150 3158 3151
f 3159 3160 3161
f 3159 3161 3162
f 3159 3162 2013
f 3159 2013 2035
f 3159 2035 2039
f 3159 2039 3163
f 3159 3163 3164
f 3159 3164 3160
f 3165 3166 3167
f 3165 3167 3168
f 3165 3168 3169
f 3165 3169 3170
f 3165 3170 3154
f 3165 3154 3153
f 3165 3153 3152
f 3165 3152 3166
f 3171 3172 3173
f 3171 3173 3174
f 3171 3174 1995
f 3171 1995 2009
f 3171 2009 2013
f 3171 2013 3162
f 3171 3162 3161
f 3171 3161 3172
f 3175 3176 3177
f 3175 3177 3178
f 3175 3178 1948
f 3175 1948 1991
f 3175 1991 1995
f 3175 1995 3174
f 3175 3174 3173
f 3175 3173 3176
f 3179 3180 3181
f 3179 3181 3182
f 3179 3182 3183
f 3179 3183 3184
f 3179 3184 3169
f 3179 3169 3168
f 3179 3168 3167
f 3179 3167 3180
f 3185 3186 3053
f 3185 3053 3052
f 3185 3052 3051
f 3185 3051 3187
f 3185 3187 3183
f 3185 3183 3182
f 3185 3182 3181
f 3185 3181 3186
f 3188 3189 3044
f 3188 3044 3043
f 3188 3043 1942
f 3188 1942 1941
f 3188 1941 1948
f 3188 1948 3178
f 3188 3178 3177
f 3188 3177 3189
f 3190 3191 3192
f 3190 3192 3193
f 3190 3193 1872
f 3190 1872 1908
f 3190 1908 1912
f 3190 1912 3042
f 3190 3042 3041
f 3190 3041 3191
f 3194 3195 3196
f 3194 3196 3197
f 3194 3197 3198
f 3194 3198 3199
f 3194 3199 3049
f 3194 3049 3048
f 3194 3048 3047
f 3194 3047 3195
f 3200 3201 3202
f 3200 3202 3203
f 3200 3203 1767
f 3200 1767 1868
f 3200 1868 1872
f 3200 1872 3193
f 3200 3193 3192
f 3200 3192 3201
f 3204 3205 3206
f 3204 3206 3207
f 3204 3207 3208
f 3204 3208 3209
f 3204 3209 3198
f 3204 3198 3197
f 3204 3197 3196
f 3204 3196 3205
f 3210 3211 1300
f 3210 1300 3212
f 3210 3212 1325
f 3210 1325 1324
f 3210 1324 1323
f 3210 1323 3211
f 3213 3214 1311
f 3213 1311 1310
f 3213 1310 1309
f 3213 1309 3215
f 3213 3215 3216
f 3213 3216 3217
f 3213 3217 3218
f 3213 3218 3214
f 3219 3220 3218
f 3219 3218 3217
f 3219 3217 3216
f 3219 3216 3221
f 3219 3221 3222
f 3219 3222 3223
f 3219 3223 3224
f 3219 3224 3220
f 3225 3226 3224
f 3225 3224 3223
f 3225 3223 3222
f 3225 3222 3227
f 3225 3227 3208
f 3225 3208 3207
f 3225 3207 3206
f 3225 3206 3226
f 3228 3229 3230
f 3228 3230 3231
f 3228 3231 1339
f 3228 1339 1763
f 3228 1763 1767
f 3228 1767 3203
f 3228 3203 3202
f 3228 3202 3229
f 3232 3233 3234
f 3232 3234 3235
f 3232 3235 1329
f 3232 1329 1335
f 3232 1335 1339
f 3232 1339 3231
f 3232 3231 3230
f 3232 3230 3233
f 3236 3237 1833
f 3236 1833 3238
f 3236 3238 1323
f 3236 1323 1322
f 3236 1322 1329
f 3236 1329 3235
f 3236 3235 3234
f 3236 3234 3237
f 3239 3240 3241
f 3239 3241 3242
f 3239 3242 1819
f 3239 1819 3243
f 3239 3243 1309
f 3239 1309 1308
f 3239 1308 1295
f 3239 1295 3240
f 3244 1294 1293
f 3244 1293 3245
f 3244 3245 3241
f 3244 3241 3240
f 3244 3240 1295
f 3244 1295 1294
f 3246 3247 2027
f 3246 2027 3248
f 3246 3248 3249
f 3246 3249 3250
f 3246 3250 3251
f 3246 3251 3252
f 3246 3252 3253
f 3246 3253 3247
f 3254 3255 1928
f 3254 1928 1951
f 3254 1951 1921
f 3254 1921 3256
f 3254 3256 3257
f 3254 3257 3258
f 3254 3258 3259
f 3254 3259 3255
f 3260 3261 2005
f 3260 2005 2004
f 3260 2004 1988
f 3260 1988 3262
f 3260 3262 3263
f 3260 3263 3264
f 3260 3264 3265
f 3260 3265 3261
f 3266 3267 3268
f 3266 3268 3269
f 3266 3269 2031
f 3266 2031 3270
f 3266 3270 3271
f 3266 3271 3272
f 3266 3272 3273
f 3266 3273 3267
f 3274 3275 1937
f 3274 1937 1969
f 3274 1969 1968
f 3274 1968 3276
f 3274 3276 3277
f 3274 3277 3278
f 3274 3278 3279
f 3274 3279 3275
f 3280 3270 2031
f 3280 2031 2030
f 3280 2030 2005
f 3280 2005 3261
f 3280 3261 3265
f 3280 3265 3281
f 3280 3281 3271
f 3280 3271 3270
f 3282 3256 1921
f 3282 1921 1981
f 3282 1981 1985
f 3282 1985 3283
f 3282 3283 3284
f 3282 3284 3285
f 3282 3285 3257
f 3282 3257 3256
f 3286 3262 1988
f 3286 1988 1987
f 3286 1987 1937
f 3286 1937 3275
f 3286 3275 3279
f 3286 3279 3287
f 3286 3287 3263
f 3286 3263 3262
f 3288 3289 3290
f 3288 3290 3291
f 3288 3291 3268
f 3288 3268 3267
f 3288 3267 3273
f 3288 3273 3292
f 3288 3292 3293
f 3288 3293 3289
f 3294 3295 1930
f 3294 1930 1929
f 3294 1929 1928
f 3294 1928 3255
f 3294 3255 3259
f 3294 3259 3296
f 3294 3296 3297
f 3294 3297 3295
f 3298 3283 1985
f 3298 1985 1997
f 3298 1997 2001
f 3298 2001 3299
f 3298 3299 3300
f 3298 3300 3301
f 3298 3301 3284
f 3298 3284 3283
f 3302 3299 2001
f 3302 2001 2023
f 3302 2023 2027
f 3302 2027 3247
f 3302 3247 3253
f 3302 3253 3303
f 3302 3303 3300
f 3302 3300 3299
f 3304 3276 1968
f 3304 1968 2991
f 3304 2991 1930
f 3304 1930 3295
f 3304 3295 3297
f 3304 3297 3305
f 3304 3305 3277
f 3304 3277 3276
f 3306 3250 3249
f 3306 3249 3307
f 3306 3307 3290
f 3306 3290 3289
f 3306 3289 3293
f 3306 3293 3308
f 3306 3308 3251
f 3306 3251 3250
f 3309 3245 1293
f 3309 1293 1836
f 3309 1836 1830
f 3309 1830 3310
f 3309 3310 3241
f 3309 3241 3245
f 3311 3310 1830
f 3311 1830 1829
f 3311 1829 1342
f 3311 1342 1820
f 3311 1820 1819
f 3311 1819 3242
f 3311 3242 3241
f 3311 3241 3310
f 3312 1826 1302
f 3312 1302 1834
f 3312 1834 1833
f 3312 1833 3237
f 3312 3237 3234
f 3312 3234 3313
f 3312 3313 1823
f 3312 1823 1826
f 3314 1824 1823
f 3314 1823 3313
f 3314 3313 3234
f 3314 3234 3233
f 3314 3233 3230
f 3314 3230 3315
f 3314 3315 1753
f 3314 1753 1824
f 3316 1754 1753
f 3316 1753 3315
f 3316 3315 3230
f 3316 3230 3229
f 3316 3229 3202
f 3316 3202 3317
f 3316 3317 1755
f 3316 1755 1754
f 3318 1855 1755
f 3318 1755 3317
f 3318 3317 3202
f 3318 3202 3201
f 3318 3201 3192
f 3318 3192 3319
f 3318 3319 1856
f 3318 1856 1855
f 3320 1894 1856
f 3320 1856 3319
f 3320 3319 3192
f 3320 3192 3191
f 3320 3191 3041
f 3320 3041 3321
f 3320 3321 1895
f 3320 1895 1894
f 3322 1918 1917
f 3322 1917 3323
f 3322 3323 3044
f 3322 3044 3189
f 3322 3189 3177
f 3322 3177 3324
f 3322 3324 1919
f 3322 1919 1918
f 3325 1982 1919
f 3325 1919 3324
f 3325 3324 3177
f 3325 3177 3176
f 3325 3176 3173
f 3325 3173 3326
f 3325 3326 1983
f 3325 1983 1982
f 3327 1998 1983
f 3327 1983 3326
f 3327 3326 3173
f 3327 3173 3172
f 3327 3172 3161
f 3327 3161 3328
f 3327 3328 1999
f 3327 1999 1998
f 3329 2024 1999
f 3329 1999 3328
f 3329 3328 3161
f 3329 3161 3160
f 3329 3160 3164
f 3329 3164 3330
f 3329 3330 2025
f 3329 2025 2024
f 3331 2096 2095
f 3331 2095 3332
f 3331 3332 3148
f 3331 3148 3147
f 3331 3147 3138
f 3331 3138 3333
f 3331 3333 2097
f 3331 2097 2096
f 3334 2140 2097
f 3334 2097 3333
f 3334 3333 3138
f 3334 3138 3137
f 3334 3137 3126
f 3334 3126 3335
f 3334 3335 2141
f 3334 2141 2140
f 3336 2667 2141
f 3336 2141 3335
f 3336 3335 3126
f 3336 3126 3125
f 3336 3125 3129
f 3336 3129 3337
f 3336 3337 2668
f 3336 2668 2667
f 3338 2736 2735
f 3338 2735 3339
f 3338 3339 3113
f 3338 3113 3112
f 3338 3112 3097
f 3338 3097 3340
f 3338 3340 2737
f 3338 2737 2736
f 3341 2793 2737
f 3341 2737 3340
f 3341 3340 3097
f 3341 3097 3096
f 3341 3096 3093
f 3341 3093 3342
f 3341 3342 2794
f 3341 2794 2793
f 3343 2852 2794
f 3343 2794 3342
f 3343 3342 3093
f 3343 3093 3092
f 3343 3092 3077
f 3343 3077 3344
f 3343 3344 2853
f 3343 2853 2852
f 3345 2890 2853
f 3345 2853 3344
f 3345 3344 3077
f 3345 3077 3076
f 3345 3076 3068
f 3345 3068 3346
f 3345 3346 2891
f 3345 2891 2890
f 3347 2936 2924
f 3347 2924 3348
f 3347 3348 3065
f 3347 3065 3073
f 3347 3073 2860
f 3347 2860 2859
f 3347 2859 2858
f 3347 2858 2936
f 3349 2934 2933
f 3349 2933 3350
f 3349 3350 3059
f 3349 3059 3071
f 3349 3071 3062
f 3349 3062 3351
f 3349 3351 2922
f 3349 2922 2934
f 3352 2927 2891
f 3352 2891 3346
f 3352 3346 3068
f 3352 3068 3067
f 3352 3067 3056
f 3352 3056 3353
f 3352 3353 2928
f 3352 2928 2927
f 3354 2923 2922
f 3354 2922 3351
f 3354 3351 3062
f 3354 3062 3061
f 3354 3061 3065
f 3354 3065 3348
f 3354 3348 2924
f 3354 2924 2923
f 3355 2938 2928
f 3355 2928 3353
f 3355 3353 3056
f 3355 3056 3055
f 3355 3055 3059
f 3355 3059 3350
f 3355 3350 2933
f 3355 2933 2938
f 3356 3038 1895
f 3356 1895 3321
f 3356 3321 3041
f 3356 3041 3040
f 3356 3040 3044
f 3356 3044 3323
f 3356 3323 1917
f 3356 1917 3038
f 3357 3050 3049
f 3357 3049 3358
f 3357 3358 1904
f 3357 1904 3025
f 3357 3025 1960
f 3357 1960 3359
f 3357 3359 3051
f 3357 3051 3050
f 3360 3084 3083
f 3360 3083 3361
f 3360 3361 2844
f 3360 2844 2856
f 3360 2856 2860
f 3360 2860 3074
f 3360 3074 2901
f 3360 2901 3084
f 3362 3090 3089
f 3362 3089 3363
f 3362 3363 2800
f 3362 2800 2840
f 3362 2840 2844
f 3362 2844 3361
f 3362 3361 3083
f 3362 3083 3090
f 3364 3104 3103
f 3364 3103 3365
f 3364 3365 2775
f 3364 2775 2798
f 3364 2798 2800
f 3364 2800 3363
f 3364 3363 3089
f 3364 3089 3104
f 3366 3110 3109
f 3366 3109 3367
f 3366 3367 2769
f 3366 2769 2768
f 3366 2768 2775
f 3366 2775 3365
f 3366 3365 3103
f 3366 3103 3110
f 3368 3120 3119
f 3368 3119 3369
f 3368 3369 2128
f 3368 2128 2690
f 3368 2690 2694
f 3368 2694 3370
f 3368 3370 3121
f 3368 3121 3120
f 3371 3135 3134
f 3371 3134 3372
f 3371 3372 2086
f 3371 2086 2124
f 3371 2124 2128
f 3371 2128 3369
f 3371 3369 3119
f 3371 3119 3135
f 3373 3145 3144
f 3373 3144 3374
f 3373 3374 2083
f 3373 2083 2082
f 3373 2082 2086
f 3373 2086 3372
f 3373 3372 3134
f 3373 3134 3145
f 3375 3155 3154
f 3375 3154 3376
f 3375 3376 2021
f 3375 2021 2045
f 3375 2045 2047
f 3375 2047 3377
f 3375 3377 3156
f 3375 3156 3155
f 3378 3170 3169
f 3378 3169 3379
f 3378 3379 1979
f 3378 1979 2019
f 3378 2019 2021
f 3378 2021 3376
f 3378 3376 3154
f 3378 3154 3170
f 3380 3184 3183
f 3380 3183 3381
f 3380 3381 1963
f 3380 1963 1977
f 3380 1977 1979
f 3380 1979 3379
f 3380 3379 3169
f 3380 3169 3184
f 3382 3187 3051
f 3382 3051 3359
f 3382 3359 1960
f 3382 1960 1959
f 3382 1959 1963
f 3382 1963 3381
f 3382 3381 3183
f 3382 3183 3187
f 3383 3199 3198
f 3383 3198 3384
f 3383 3384 1842
f 3383 1842 1902
f 3383 1902 1904
f 3383 1904 3358
f 3383 3358 3049
f 3383 3049 3199
f 3385 3209 3208
f 3385 3208 3386
f 3385 3386 1798
f 3385 1798 1838
f 3385 1838 1842
f 3385 1842 3384
f 3385 3384 3198
f 3385 3198 3209
f 3387 1832 1300
f 3387 1300 3211
f 3387 3211 1323
f 3387 1323 3238
f 3387 3238 1833
f 3387 1833 1832
f 3388 3215 1309
f 3388 1309 3243
f 3388 3243 1819
f 3388 1819 1818
f 3388 1818 1811
f 3388 1811 3389
f 3388 3389 3216
f 3388 3216 3215
f 3390 3221 3216
f 3390 3216 3389
f 3390 3389 1811
f 3390 1811 1810
f 3390 1810 1795
f 3390 1795 3391
f 3390 3391 3222
f 3390 3222 3221
f 3392 3227 3222
f 3392 3222 3391
f 3392 3391 1795
f 3392 1795 1794
f 3392 1794 1798
f 3392 1798 3386
f 3392 3386 3208
f 3392 3208 3227
f 3393 3394 2155
f 3393 2155 2984
f 3393 2984 2173
f 3393 2173 3395
f 3393 3395 2270
f 3393 2270 2978
f 3393 2978 2242
f 3393 2242 3394
f 3396 3397 2177
f 3396 2177 2981
f 3396 2981 2209
f 3396 2209 3398
f 3396 3398 2315
f 3396 2315 2976
f 3396 2976 2288
f 3396 2288 3397
f 3399 3400 2213
f 3399 2213 2212
f 3399 2212 2205
f 3399 2205 3401
f 3399 3401 2306
f 3399 2306 2320
f 3399 2320 2233
f 3399 2233 3400
f 3402 3398 2209
f 3402 2209 2208
f 3402 2208 2185
f 3402 2185 3403
f 3402 3403 2300
f 3402 2300 2316
f 3402 2316 2315
f 3402 2315 3398
f 3404 3405 2189
f 3404 2189 2195
f 3404 2195 2194
f 3404 2194 3406
f 3404 3406 2255
f 3404 2255 2311
f 3404 2311 2294
f 3404 2294 3405
f 3407 3401 2205
f 3407 2205 2204
f 3407 2204 2161
f 3407 2161 3408
f 3407 3408 2249
f 3407 2249 2307
f 3407 2307 2306
f 3407 2306 3401
f 3409 3403 2185
f 3409 2185 2184
f 3409 2184 2183
f 3409 2183 3410
f 3409 3410 2231
f 3409 2231 2301
f 3409 2301 2300
f 3409 2300 3403
f 3411 3412 2191
f 3411 2191 2190
f 3411 2190 2189
f 3411 2189 3405
f 3411 3405 2294
f 3411 2294 2293
f 3411 2293 2282
f 3411 2282 3412
f 3413 3414 2179
f 3413 2179 2178
f 3413 2178 2177
f 3413 2177 3397
f 3413 3397 2288
f 3413 2288 2287
f 3413 2287 2276
f 3413 2276 3414
f 3415 3416 2165
f 3415 2165 2215
f 3415 2215 2191
f 3415 2191 3412
f 3415 3412 2282
f 3415 2282 2281
f 3415 2281 2264
f 3415 2264 3416
f 3417 3418 2199
f 3417 2199 2198
f 3417 2198 2179
f 3417 2179 3414
f 3417 3414 2276
f 3417 2276 2275
f 3417 2275 2257
f 3417 2257 3418
f 3419 3395 2173
f 3419 2173 2172
f 3419 2172 2171
f 3419 2171 3420
f 3419 3420 2222
f 3419 2222 2271
f 3419 2271 2270
f 3419 2270 3395
f 3421 3422 2167
f 3421 2167 2166
f 3421 2166 2165
f 3421 2165 3416
f 3421 3416 2264
f 3421 2264 2263
f 3421 2263 2224
f 3421 2224 3422
f 3423 3406 2194
f 3423 2194 2201
f 3423 2201 2199
f 3423 2199 3418
f 3423 3418 2257
f 3423 2257 2256
f 3423 2256 2255
f 3423 2255 3406
f 3424 3408 2161
f 3424 2161 2160
f 3424 2160 2157
f 3424 2157 3425
f 3424 3425 2240
f 3424 2240 2250
f 3424 2250 2249
f 3424 2249 3408
f 3426 3425 2157
f 3426 2157 2156
f 3426 2156 2155
f 3426 2155 3394
f 3426 3394 2242
f 3426 2242 2241
f 3426 2241 2240
f 3426 2240 3425
f 3427 3410 2183
f 3427 2183 2219
f 3427 2219 2213
f 3427 2213 3400
f 3427 3400 2233
f 3427 2233 2232
f 3427 2232 2231
f 3427 2231 3410
f 3428 3420 2171
f 3428 2171 2217
f 3428 2217 2167
f 3428 2167 3422
f 3428 3422 2224
f 3428 2224 2223
f 3428 2223 2222
f 3428 2222 3420
f 3429 3430 3156
f 3429 3156 3377
f 3429 3377 2047
f 3429 2047 3431
f 3429 3431 2083
f 3429 2083 3374
f 3429 3374 3144
f 3429 3144 3430
f 3432 3433 2025
f 3432 2025 3330
f 3432 3330 3164
f 3432 3164 3434
f 3432 3434 3148
f 3432 3148 3332
f 3432 3332 2095
f 3432 2095 3433
f 3435 3434 3164
f 3435 3164 3163
f 3435 3163 2039
f 3435 2039 3436
f 3435 3436 2059
f 3435 2059 3149
f 3435 3149 3148
f 3435 3148 3434
f 3437 3438 3158
f 3437 3158 3157
f 3437 3157 3156
f 3437 3156 3430
f 3437 3430 3144
f 3437 3144 3143
f 3437 3143 3142
f 3437 3142 3438
f 3439 3440 3268
f 3439 3268 3291
f 3439 3291 3290
f 3439 3290 3441
f 3439 3441 2101
f 3439 2101 2988
f 3439 2988 2089
f 3439 2089 3440
f 3442 3441 3290
f 3442 3290 3307
f 3442 3307 3249
f 3442 3249 3443
f 3442 3443 2068
f 3442 2068 2102
f 3442 2102 2101
f 3442 2101 3441
f 3444 3445 2027
f 3444 2027 2026
f 3444 2026 2025
f 3444 2025 3433
f 3444 3433 2095
f 3444 2095 2094
f 3444 2094 2070
f 3444 2070 3445
f 3446 3447 2031
f 3446 2031 3269
f 3446 3269 3268
f 3446 3268 3440
f 3446 3440 2089
f 3446 2089 2088
f 3446 2088 2052
f 3446 2052 3447
f 3448 3431 2047
f 3448 2047 2046
f 3448 2046 2043
f 3448 2043 3449
f 3448 3449 2077
f 3448 2077 2084
f 3448 2084 2083
f 3448 2083 3431
f 3450 3449 2043
f 3450 2043 2042
f 3450 2042 2033
f 3450 2033 3451
f 3450 3451 2050
f 3450 2050 2078
f 3450 2078 2077
f 3450 2077 3449
f 3452 3443 3249
f 3452 3249 3248
f 3452 3248 2027
f 3452 2027 3445
f 3452 3445 2070
f 3452 2070 2069
f 3452 2069 2068
f 3452 2068 3443
f 3453 3436 2039
f 3453 2039 2038
f 3453 2038 2037
f 3453 2037 3454
f 3453 3454 2061
f 3453 2061 2060
f 3453 2060 2059
f 3453 2059 3436
f 3455 3451 2033
f 3455 2033 2032
f 3455 2032 2031
f 3455 2031 3447
f 3455 3447 2052
f 3455 2052 2051
f 3455 2051 2050
f 3455 2050 3451
f 3456 3457 3253
f 3456 3253 3252
f 3456 3252 3251
f 3456 3251 3458
f 3456 3458 1237
f 3456 1237 1290
f 3456 1290 1251
f 3456 1251 3457
f 3459 3460 3293
f 3459 3293 3292
f 3459 3292 3273
f 3459 3273 3461
f 3459 3461 1263
f 3459 1263 1262
f 3459 1262 1239
f 3459 1239 3460
f 3462 3463 3259
f 3462 3259 3258
f 3462 3258 3257
f 3462 3257 3464
f 3462 3464 1273
f 3462 1273 1288
f 3462 1288 1259
f 3462 1259 3463
f 3465 3466 3297
f 3465 3297 3296
f 3465 3296 3259
f 3465 3259 3463
f 3465 3463 1259
f 3465 1259 1258
f 3465 1258 1245
f 3465 1245 3466
f 3467 3468 3265
f 3467 3265 3264
f 3467 3264 3263
f 3467 3263 3469
f 3467 3469 1267
f 3467 1267 1286
f 3467 1286 1279
f 3467 1279 3468
f 3470 3471 3284
f 3470 3284 3301
f 3470 3301 3300
f 3470 3300 3472
f 3470 3472 1249
f 3470 1249 1256
f 3470 1256 1255
f 3470 1255 3471
f 3473 3461 3273
f 3473 3273 3272
f 3473 3272 3271
f 3473 3271 3474
f 3473 3474 1277
f 3473 1277 1284
f 3473 1284 1263
f 3473 1263 3461
f 3475 3472 3300
f 3475 3300 3303
f 3475 3303 3253
f 3475 3253 3457
f 3475 3457 1251
f 3475 1251 1250
f 3475 1250 1249
f 3475 1249 3472
f 3476 3477 3279
f 3476 3279 3278
f 3476 3278 3277
f 3476 3277 3478
f 3476 3478 1243
f 3476 1243 1282
f 3476 1282 1269
f 3476 1269 3477
f 3479 3478 3277
f 3479 3277 3305
f 3479 3305 3297
f 3479 3297 3466
f 3479 3466 1245
f 3479 1245 1244
f 3479 1244 1243
f 3479 1243 3478
f 3480 3474 3271
f 3480 3271 3281
f 3480 3281 3265
f 3480 3265 3468
f 3480 3468 1279
f 3480 1279 1278
f 3480 1278 1277
f 3480 1277 3474
f 3481 3458 3251
f 3481 3251 3308
f 3481 3308 3293
f 3481 3293 3460
f 3481 3460 1239
f 3481 1239 1238
f 3481 1238 1237
f 3481 1237 3458
f 3482 3464 3257
f 3482 3257 3285
f 3482 3285 3284
f 3482 3284 3471
f 3482 3471 1255
f 3482 1255 1274
f 3482 1274 1273
f 3482 1273 3464
f 3483 3469 3263
f 3483 3263 3287
f 3483 3287 3279
f 3483 3279 3477
f 3483 3477 1269
f 3483 1269 1268
f 3483 1268 1267
f 3483 1267 3469
f 3484 3485 798
f 3484 798 3486
f 3484 3486 3487
f 3484 3487 3488
f 3484 3488 952
f 3484 952 964
f 3484 964 770
f 3484 770 3485
f 3489 3490 3491
f 3489 3491 3492
f 3489 3492 679
f 3489 679 3493
f 3489 3493 768
f 3489 768 961
f 3489 961 956
f 3489 956 3490
f 3494 3495 724
f 3494 724 3496
f 3494 3496 3491
f 3494 3491 3490
f 3494 3490 956
f 3494 956 955
f 3494 955 743
f 3494 743 3495
f 3497 3488 3487
f 3497 3487 3498
f 3497 3498 726
f 3497 726 3499
f 3497 3499 741
f 3497 741 953
f 3497 953 952
f 3497 952 3488
f 3500 3493 679
f 3500 679 834
f 3500 834 798
f 3500 798 3485
f 3500 3485 770
f 3500 770 769
f 3500 769 768
f 3500 768 3493
f 3501 3499 726
f 3501 726 725
f 3501 725 724
f 3501 724 3495
f 3501 3495 743
f 3501 743 742
f 3501 742 741
f 3501 741 3499
f 3502 3503 3504
f 3502 3504 3505
f 3502 3505 637
f 3502 637 3506
f 3502 3506 837
f 3502 837 993
f 3502 993 980
f 3502 980 3503
f 3507 3508 3487
f 3507 3487 3486
f 3507 3486 798
f 3507 798 3509
f 3507 3509 846
f 3507 846 990
f 3507 990 985
f 3507 985 3508
f 3510 3511 726
f 3510 726 3498
f 3510 3498 3487
f 3510 3487 3508
f 3510 3508 985
f 3510 985 984
f 3510 984 839
f 3510 839 3511
f 3512 3513 672
f 3512 672 3514
f 3512 3514 3504
f 3512 3504 3503
f 3512 3503 980
f 3512 980 979
f 3512 979 848
f 3512 848 3513
f 3515 3509 798
f 3515 798 797
f 3515 797 672
f 3515 672 3513
f 3515 3513 848
f 3515 848 847
f 3515 847 846
f 3515 846 3509
f 3516 3506 637
f 3516 637 855
f 3516 855 726
f 3516 726 3511
f 3516 3511 839
f 3516 839 838
f 3516 838 837
f 3516 837 3506
f 3517 3518 637
f 3517 637 3505
f 3517 3505 3504
f 3517 3504 3519
f 3517 3519 732
f 3517 732 1017
f 3517 1017 761
f 3517 761 3518
f 3520 3521 672
f 3520 672 671
f 3520 671 648
f 3520 648 3522
f 3520 3522 1011
f 3520 1011 1014
f 3520 1014 734
f 3520 734 3521
f 3523 3522 648
f 3523 648 647
f 3523 647 646
f 3523 646 3524
f 3523 3524 1006
f 3523 1006 1012
f 3523 1012 1011
f 3523 1011 3522
f 3525 3524 646
f 3525 646 657
f 3525 657 639
f 3525 639 3526
f 3525 3526 759
f 3525 759 1007
f 3525 1007 1006
f 3525 1006 3524
f 3527 3526 639
f 3527 639 638
f 3527 638 637
f 3527 637 3518
f 3527 3518 761
f 3527 761 760
f 3527 760 759
f 3527 759 3526
f 3528 3519 3504
f 3528 3504 3514
f 3528 3514 672
f 3528 672 3521
f 3528 3521 734
f 3528 734 733
f 3528 733 732
f 3528 732 3519
f 3529 3530 788
f 3529 788 792
f 3529 792 681
f 3529 681 3531
f 3529 3531 777
f 3529 777 936
f 3529 936 931
f 3529 931 3530
f 3532 3533 664
f 3532 664 789
f 3532 789 788
f 3532 788 3530
f 3532 3530 931
f 3532 931 930
f 3532 930 922
f 3532 922 3533
f 3534 3535 679
f 3534 679 3492
f 3534 3492 3491
f 3534 3491 3536
f 3534 3536 750
f 3534 750 927
f 3534 927 779
f 3534 779 3535
f 3537 3538 724
f 3537 724 729
f 3537 729 664
f 3537 664 3533
f 3537 3533 922
f 3537 922 921
f 3537 921 752
f 3537 752 3538
f 3539 3531 681
f 3539 681 680
f 3539 680 679
f 3539 679 3535
f 3539 3535 779
f 3539 779 778
f 3539 778 777
f 3539 777 3531
f 3540 3536 3491
f 3540 3491 3496
f 3540 3496 724
f 3540 724 3538
f 3540 3538 752
f 3540 752 751
f 3540 751 750
f 3540 750 3536
f 3541 3542 3543
f 3541 3543 3544
f 3541 3544 3545
f 3541 3545 3546
f 3541 3546 3547
f 3541 3547 3548
f 3541 3548 3549
f 3541 3549 3542
f 3550 3551 3552
f 3550 3552 3553
f 3550 3553 3554
f 3550 3554 3555
f 3550 3555 3556
f 3550 3556 3557
f 3550 3557 3558
f 3550 3558 3551
f 3559 3560 3561
f 3559 3561 3562
f 3559 3562 3563
f 3559 3563 3564
f 3559 3564 3565
f 3559 3565 3566
f 3559 3566 3567
f 3559 3567 3560
f 3568 3569 3570
f 3568 3570 3571
f 3568 3571 3572
f 3568 3572 3573
f 3568 3573 3574
f 3568 3574 3575
f 3568 3575 3576
f 3568 3576 3569
f 3577 3578 3579
f 3577 3579 3580
f 3577 3580 3581
f 3577 3581 3582
f 3577 3582 3583
f 3577 3583 3584
f 3577 3584 3585
f 3577 3585 3578
f 3586 3582 3581
f 3586 3581 3587
f 3586 3587 3561
f 3586 3561 3560
f 3586 3560 3567
f 3586 3567 3588
f 3586 3588 3583
f 3586 3583 3582
f 3589 3555 3554
f 3589 3554 3590
f 3589 3590 3591
f 3589 3591 3592
f 3589 3592 3593
f 3589 3593 3594
f 3589 3594 3556
f 3589 3556 3555
f 3595 3573 3572
f 3595 3572 3596
f 3595 3596 3597
f 3595 3597 3598
f 3595 3598 3599
f 3595 3599 3600
f 3595 3600 3574
f 3595 3574 3573
f 3601 3598 3597
f 3601 3597 3602
f 3601 3602 3603
f 3601 3603 3604
f 3601 3604 3605
f 3601 3605 3606
f 3601 3606 3599
f 3601 3599 3598
f 3607 3546 3545
f 3607 3545 3608
f 3607 3608 3579
f 3607 3579 3578
f 3607 3578 3585
f 3607 3585 3609
f 3607 3609 3547
f 3607 3547 3546
f 3610 3564 3563
f 3610 3563 3611
f 3610 3611 3612
f 3610 3612 3613
f 3610 3613 3614
f 3610 3614 3615
f 3610 3615 3565
f 3610 3565 3564
f 3616 3592 3591
f 3616 3591 3617
f 3616 3617 3570
f 3616 3570 3569
f 3616 3569 3576
f 3616 3576 3618
f 3616 3618 3593
f 3616 3593 3592
f 3619 3604 3603
f 3619 3603 3620
f 3619 3620 3543
f 3619 3543 3542
f 3619 3542 3549
f 3619 3549 3621
f 3619 3621 3605
f 3619 3605 3604
f 3622 3613 3612
f 3622 3612 3623
f 3622 3623 3552
f 3622 3552 3551
f 3622 3551 3558
f 3622 3558 3624
f 3622 3624 3614
f 3622 3614 3613
f 3625 3626 579
f 3625 579 872
f 3625 872 460
f 3625 460 3627
f 3625 3627 508
f 3625 508 866
f 3625 866 690
f 3625 690 3626
f 3628 3629 585
f 3628 585 869
f 3628 869 484
f 3628 484 3630
f 3628 3630 532
f 3628 532 864
f 3628 864 567
f 3628 567 3629
f 3631 3632 467
f 3631 467 580
f 3631 580 579
f 3631 579 3626
f 3631 3626 690
f 3631 690 689
f 3631 689 519
f 3631 519 3632
f 3633 3634 482
f 3633 482 574
f 3633 574 502
f 3633 502 3635
f 3633 3635 556
f 3633 556 686
f 3633 686 534
f 3633 534 3634
f 3636 3637 451
f 3636 451 450
f 3636 450 449
f 3636 449 3638
f 3636 3638 565
f 3636 565 683
f 3636 683 550
f 3636 550 3637
f 3639 3638 449
f 3639 449 586
f 3639 586 585
f 3639 585 3629
f 3639 3629 567
f 3639 567 566
f 3639 566 565
f 3639 565 3638
f 3640 3641 458
f 3640 458 505
f 3640 505 493
f 3640 493 3642
f 3640 3642 541
f 3640 541 561
f 3640 561 510
f 3640 510 3641
f 3643 3635 502
f 3643 502 501
f 3643 501 475
f 3643 475 3644
f 3643 3644 526
f 3643 526 557
f 3643 557 556
f 3643 556 3635
f 3645 3646 491
f 3645 491 496
f 3645 496 451
f 3645 451 3637
f 3645 3637 550
f 3645 550 549
f 3645 549 543
f 3645 543 3646
f 3647 3642 493
f 3647 493 492
f 3647 492 491
f 3647 491 3646
f 3647 3646 543
f 3647 543 542
f 3647 542 541
f 3647 541 3642
f 3648 3630 484
f 3648 484 483
f 3648 483 482
f 3648 482 3634
f 3648 3634 534
f 3648 534 533
f 3648 533 532
f 3648 532 3630
f 3649 3644 475
f 3649 475 474
f 3649 474 469
f 3649 469 3650
f 3649 3650 517
f 3649 517 527
f 3649 527 526
f 3649 526 3644
f 3651 3650 469
f 3651 469 468
f 3651 468 467
f 3651 467 3632
f 3651 3632 519
f 3651 519 518
f 3651 518 517
f 3651 517 3650
f 3652 3627 460
f 3652 460 459
f 3652 459 458
f 3652 458 3641
f 3652 3641 510
f 3652 510 509
f 3652 509 508
f 3652 508 3627
f 3653 3654 368
f 3653 368 878
f 3653 878 394
f 3653 394 3655
f 3653 3655 454
f 3653 454 871
f 3653 871 577
f 3653 577 3654
f 3656 3657 359
f 3656 359 875
f 3656 875 412
f 3656 412 3658
f 3656 3658 478
f 3656 478 868
f 3656 868 583
f 3656 583 3657
f 3659 3660 361
f 3659 361 360
f 3659 360 359
f 3659 359 3657
f 3659 3657 583
f 3659 583 582
f 3659 582 447
f 3659 447 3660
f 3661 3662 370
f 3661 370 369
f 3661 369 368
f 3661 368 3654
f 3661 3654 577
f 3661 577 576
f 3661 576 465
f 3661 465 3662
f 3663 3664 379
f 3663 379 378
f 3663 378 377
f 3663 377 3665
f 3663 3665 499
f 3663 499 573
f 3663 573 480
f 3663 480 3664
f 3666 3667 392
f 3666 392 436
f 3666 436 421
f 3666 421 3668
f 3666 3668 487
f 3666 487 504
f 3666 504 456
f 3666 456 3667
f 3669 3665 377
f 3669 377 439
f 3669 439 406
f 3669 406 3670
f 3669 3670 472
f 3669 472 500
f 3669 500 499
f 3669 499 3665
f 3671 3672 419
f 3671 419 442
f 3671 442 385
f 3671 385 3673
f 3671 3673 445
f 3671 445 495
f 3671 495 489
f 3671 489 3672
f 3674 3668 421
f 3674 421 420
f 3674 420 419
f 3674 419 3672
f 3674 3672 489
f 3674 489 488
f 3674 488 487
f 3674 487 3668
f 3675 3658 412
f 3675 412 411
f 3675 411 379
f 3675 379 3664
f 3675 3664 480
f 3675 480 479
f 3675 479 478
f 3675 478 3658
f 3676 3670 406
f 3676 406 405
f 3676 405 400
f 3676 400 3677
f 3676 3677 463
f 3676 463 473
f 3676 473 472
f 3676 472 3670
f 3678 3677 400
f 3678 400 399
f 3678 399 370
f 3678 370 3662
f 3678 3662 465
f 3678 465 464
f 3678 464 463
f 3678 463 3677
f 3679 3655 394
f 3679 394 393
f 3679 393 392
f 3679 392 3667
f 3679 3667 456
f 3679 456 455
f 3679 455 454
f 3679 454 3655
f 3680 3673 385
f 3680 385 384
f 3680 384 361
f 3680 361 3660
f 3680 3660 447
f 3680 447 446
f 3680 446 445
f 3680 445 3673
f 3681 3682 3549
f 3681 3549 3548
f 3681 3548 3547
f 3681 3547 3683
f 3681 3683 388
f 3681 388 877
f 3681 877 366
f 3681 366 3682
f 3684 3685 3558
f 3684 3558 3557
f 3684 3557 3556
f 3684 3556 3686
f 3684 3686 409
f 3684 409 874
f 3684 874 357
f 3684 357 3685
f 3687 3688 3567
f 3687 3567 3566
f 3687 3566 3565
f 3687 3565 3689
f 3687 3689 382
f 3687 382 441
f 3687 441 417
f 3687 417 3688
f 3690 3691 3576
f 3690 3576 3575
f 3690 3575 3574
f 3690 3574 3692
f 3690 3692 403
f 3690 403 438
f 3690 438 375
f 3690 375 3691
f 3693 3694 3585
f 3693 3585 3584
f 3693 3584 3583
f 3693 3583 3695
f 3693 3695 415
f 3693 415 435
f 3693 435 390
f 3693 390 3694
f 3696 3695 3583
f 3696 3583 3588
f 3696 3588 3567
f 3696 3567 3688
f 3696 3688 417
f 3696 417 416
f 3696 416 415
f 3696 415 3695
f 3697 3686 3556
f 3697 3556 3594
f 3697 3594 3593
f 3697 3593 3698
f 3697 3698 373
f 3697 373 410
f 3697 410 409
f 3697 409 3686
f 3699 3692 3574
f 3699 3574 3600
f 3699 3600 3599
f 3699 3599 3700
f 3699 3700 397
f 3699 397 404
f 3699 404 403
f 3699 403 3692
f 3701 3700 3599
f 3701 3599 3606
f 3701 3606 3605
f 3701 3605 3702
f 3701 3702 364
f 3701 364 398
f 3701 398 397
f 3701 397 3700
f 3703 3683 3547
f 3703 3547 3609
f 3703 3609 3585
f 3703 3585 3694
f 3703 3694 390
f 3703 390 389
f 3703 389 388
f 3703 388 3683
f 3704 3689 3565
f 3704 3565 3615
f 3704 3615 3614
f 3704 3614 3705
f 3704 3705 355
f 3704 355 383
f 3704 383 382
f 3704 382 3689
f 3706 3698 3593
f 3706 3593 3618
f 3706 3618 3576
f 3706 3576 3691
f 3706 3691 375
f 3706 375 374
f 3706 374 373
f 3706 373 3698
f 3707 3702 3605
f 3707 3605 3621
f 3707 3621 3549
f 3707 3549 3682
f 3707 3682 366
f 3707 366 365
f 3707 365 364
f 3707 364 3702
f 3708 3705 3614
f 3708 3614 3624
f 3708 3624 3558
f 3708 3558 3685
f 3708 3685 357
f 3708 357 356
f 3708 356 355
f 3708 355 3705
f 3709 3710 296
f 3709 296 295
f 3709 295 294
f 3709 294 3711
f 3709 3711 3712
f 3709 3712 3713
f 3709 3713 3714
f 3709 3714 3710
f 3715 3716 305
f 3715 305 304
f 3715 304 303
f 3715 303 3717
f 3715 3717 3718
f 3715 3718 3719
f 3715 3719 3720
f 3715 3720 3716
f 3721 3722 314
f 3721 314 313
f 3721 313 312
f 3721 312 3723
f 3721 3723 3724
f 3721 3724 3725
f 3721 3725 3726
f 3721 3726 3722
f 3727 3728 320
f 3727 320 319
f 3727 319 296
f 3727 296 3710
f 3727 3710 3714
f 3727 3714 3729
f 3727 3729 3730
f 3727 3730 3728
f 3731 3732 326
f 3731 326 325
f 3731 325 287
f 3731 287 3733
f 3731 3733 3734
f 3731 3734 3735
f 3731 3735 3736
f 3731 3736 3732
f 3737 3738 332
f 3737 332 331
f 3737 331 305
f 3737 305 3716
f 3737 3716 3720
f 3737 3720 3739
f 3737 3739 3740
f 3737 3740 3738
f 3741 3742 338
f 3741 338 337
f 3741 337 332
f 3741 332 3738
f 3741 3738 3740
f 3741 3740 3743
f 3741 3743 3744
f 3741 3744 3742
f 3745 3746 344
f 3745 344 343
f 3745 343 314
f 3745 314 3722
f 3745 3722 3726
f 3745 3726 3747
f 3745 3747 3748
f 3745 3748 3746
f 3749 3750 285
f 3749 285 433
f 3749 433 430
f 3749 430 3751
f 3749 3751 3752
f 3749 3752 3753
f 3749 3753 3754
f 3749 3754 3750
f 3755 3733 287
f 3755 287 286
f 3755 286 285
f 3755 285 3750
f 3755 3750 3754
f 3755 3754 3756
f 3755 3756 3734
f 3755 3734 3733
f 3757 3723 312
f 3757 312 424
f 3757 424 338
f 3757 338 3742
f 3757 3742 3744
f 3757 3744 3758
f 3757 3758 3724
f 3757 3724 3723
f 3759 3751 430
f 3759 430 429
f 3759 429 320
f 3759 320 3728
f 3759 3728 3730
f 3759 3730 3760
f 3759 3760 3752
f 3759 3752 3751
f 3761 3711 294
f 3761 294 880
f 3761 880 344
f 3761 344 3746
f 3761 3746 3748
f 3761 3748 3762
f 3761 3762 3712
f 3761 3712 3711
f 3763 3717 303
f 3763 303 882
f 3763 882 326
f 3763 326 3732
f 3763 3732 3736
f 3763 3736 3764
f 3763 3764 3718
f 3763 3718 3717
f 3765 3766 3714
f 3765 3714 3713
f 3765 3713 3712
f 3765 3712 3767
f 3765 3767 3552
f 3765 3552 3623
f 3765 3623 3612
f 3765 3612 3766
f 3768 3769 3720
f 3768 3720 3719
f 3768 3719 3718
f 3768 3718 3770
f 3768 3770 3543
f 3768 3543 3620
f 3768 3620 3603
f 3768 3603 3769
f 3771 3772 3726
f 3771 3726 3725
f 3771 3725 3724
f 3771 3724 3773
f 3771 3773 3570
f 3771 3570 3617
f 3771 3617 3591
f 3771 3591 3772
f 3774 3775 3730
f 3774 3730 3729
f 3774 3729 3714
f 3774 3714 3766
f 3774 3766 3612
f 3774 3612 3611
f 3774 3611 3563
f 3774 3563 3775
f 3776 3777 3736
f 3776 3736 3735
f 3776 3735 3734
f 3776 3734 3778
f 3776 3778 3579
f 3776 3579 3608
f 3776 3608 3545
f 3776 3545 3777
f 3779 3780 3740
f 3779 3740 3739
f 3779 3739 3720
f 3779 3720 3769
f 3779 3769 3603
f 3779 3603 3602
f 3779 3602 3597
f 3779 3597 3780
f 3781 3782 3744
f 3781 3744 3743
f 3781 3743 3740
f 3781 3740 3780
f 3781 3780 3597
f 3781 3597 3596
f 3781 3596 3572
f 3781 3572 3782
f 3783 3784 3748
f 3783 3748 3747
f 3783 3747 3726
f 3783 3726 3772
f 3783 3772 3591
f 3783 3591 3590
f 3783 3590 3554
f 3783 3554 3784
f 3785 3786 3754
f 3785 3754 3753
f 3785 3753 3752
f 3785 3752 3787
f 3785 3787 3561
f 3785 3561 3587
f 3785 3587 3581
f 3785 3581 3786
f 3788 3778 3734
f 3788 3734 3756
f 3788 3756 3754
f 3788 3754 3786
f 3788 3786 3581
f 3788 3581 3580
f 3788 3580 3579
f 3788 3579 3778
f 3789 3773 3724
f 3789 3724 3758
f 3789 3758 3744
f 3789 3744 3782
f 3789 3782 3572
f 3789 3572 3571
f 3789 3571 3570
f 3789 3570 3773
f 3790 3787 3752
f 3790 3752 3760
f 3790 3760 3730
f 3790 3730 3775
f 3790 3775 3563
f 3790 3563 3562
f 3790 3562 3561
f 3790 3561 3787
f 3791 3767 3712
f 3791 3712 3762
f 3791 3762 3748
f 3791 3748 3784
f 3791 3784 3554
f 3791 3554 3553
f 3791 3553 3552
f 3791 3552 3767
f 3792 3770 3718
f 3792 3718 3764
f 3792 3764 3736
f 3792 3736 3777
f 3792 3777 3545
f 3792 3545 3544
f 3792 3544 3543
f 3792 3543 3770
f 3793 3794 3121
f 3793 3121 3370
f 3793 3370 2694
f 3793 2694 3795
f 3793 3795 2769
f 3793 2769 3367
f 3793 3367 3109
f 3793 3109 3794
f 3796 3797 2668
f 3796 2668 3337
f 3796 3337 3129
f 3796 3129 3798
f 3796 3798 3113
f 3796 3113 3339
f 3796 3339 2735
f 3796 2735 3797
f 3799 3798 3129
f 3799 3129 3128
f 3799 3128 2686
f 3799 2686 3800
f 3799 3800 2757
f 3799 2757 3114
f 3799 3114 3113
f 3799 3113 3798
f 3801 3802 3123
f 3801 3123 3122
f 3801 3122 3121
f 3801 3121 3794
f 3801 3794 3109
f 3801 3109 3108
f 3801 3108 3107
f 3801 3107 3802
f 3803 3804 2662
f 3803 2662 2952
f 3803 2952 2676
f 3803 2676 3805
f 3803 3805 2742
f 3803 2742 2949
f 3803 2949 2726
f 3803 2726 3804
f 3806 3807 2692
f 3806 2692 2696
f 3806 2696 2680
f 3806 2680 3808
f 3806 3808 2751
f 3806 2751 2777
f 3806 2777 2771
f 3806 2771 3807
f 3809 3795 2694
f 3809 2694 2693
f 3809 2693 2692
f 3809 2692 3807
f 3809 3807 2771
f 3809 2771 2770
f 3809 2770 2769
f 3809 2769 3795
f 3810 3811 2674
f 3810 2674 2688
f 3810 2688 2670
f 3810 2670 3812
f 3810 3812 2733
f 3810 2733 2765
f 3810 2765 2744
f 3810 2744 3811
f 3813 3800 2686
f 3813 2686 2685
f 3813 2685 2684
f 3813 2684 3814
f 3813 3814 2759
f 3813 2759 2758
f 3813 2758 2757
f 3813 2757 3800
f 3815 3808 2680
f 3815 2680 2679
f 3815 2679 2664
f 3815 2664 3816
f 3815 3816 2724
f 3815 2724 2752
f 3815 2752 2751
f 3815 2751 3808
f 3817 3805 2676
f 3817 2676 2675
f 3817 2675 2674
f 3817 2674 3811
f 3817 3811 2744
f 3817 2744 2743
f 3817 2743 2742
f 3817 2742 3805
f 3818 3812 2670
f 3818 2670 2669
f 3818 2669 2668
f 3818 2668 3797
f 3818 3797 2735
f 3818 2735 2734
f 3818 2734 2733
f 3818 2733 3812
f 3819 3816 2664
f 3819 2664 2663
f 3819 2663 2662
f 3819 2662 3804
f 3819 3804 2726
f 3819 2726 2725
f 3819 2725 2724
f 3819 2724 3816
f 3820 3821 3822
f 3820 3822 3823
f 3820 3823 3824
f 3820 3824 3825
f 3820 3825 3826
f 3820 3826 3827
f 3820 3827 3828
f 3820 3828 3821
f 3829 3830 3831
f 3829 3831 3832
f 3829 3832 3833
f 3829 3833 3834
f 3829 3834 3835
f 3829 3835 3836
f 3829 3836 3837
f 3829 3837 3830
f 3838 3839 3840
f 3838 3840 3841
f 3838 3841 3842
f 3838 3842 3843
f 3838 3843 3844
f 3838 3844 3845
f 3838 3845 3846
f 3838 3846 3839
f 3847 3848 3849
f 3847 3849 3850
f 3847 3850 3851
f 3847 3851 3852
f 3847 3852 3853
f 3847 3853 3854
f 3847 3854 3855
f 3847 3855 3848
f 3856 3857 3858
f 3856 3858 3859
f 3856 3859 3860
f 3856 3860 3861
f 3856 3861 3862
f 3856 3862 3863
f 3856 3863 3864
f 3856 3864 3857
f 3865 3866 3855
f 3865 3855 3854
f 3865 3854 3853
f 3865 3853 3867
f 3865 3867 3842
f 3865 3842 3841
f 3865 3841 3840
f 3865 3840 3866
f 3868 3869 3837
f 3868 3837 3836
f 3868 3836 3835
f 3868 3835 3870
f 3868 3870 3871
f 3868 3871 3872
f 3868 3872 3873
f 3868 3873 3869
f 3874 3875 3846
f 3874 3846 3845
f 3874 3845 3844
f 3874 3844 3876
f 3874 3876 3860
f 3874 3860 3859
f 3874 3859 3858
f 3874 3858 3875
f 3877 3878 3879
f 3877 3879 3880
f 3877 3880 3881
f 3877 3881 3882
f 3877 3882 3851
f 3877 3851 3850
f 3877 3850 3849
f 3877 3849 3878
f 3883 3884 3885
f 3883 3885 3886
f 3883 3886 3887
f 3883 3887 3888
f 3883 3888 3889
f 3883 3889 3890
f 3883 3890 3891
f 3883 3891 3884
f 3892 3893 3894
f 3892 3894 3895
f 3892 3895 3896
f 3892 3896 3897
f 3892 3897 3898
f 3892 3898 3899
f 3892 3899 3900
f 3892 3900 3893
f 3901 3902 3903
f 3901 3903 3904
f 3901 3904 3905
f 3901 3905 3906
f 3901 3906 3907
f 3901 3907 3908
f 3901 3908 3909
f 3901 3909 3902
f 3910 3911 3912
f 3910 3912 3913
f 3910 3913 3914
f 3910 3914 3915
f 3910 3915 3905
f 3910 3905 3904
f 3910 3904 3903
f 3910 3903 3911
f 3916 3917 3918
f 3916 3918 3919
f 3916 3919 3920
f 3916 3920 3921
f 3916 3921 3922
f 3916 3922 3923
f 3916 3923 3924
f 3916 3924 3917
f 3925 3926 3927
f 3925 3927 3928
f 3925 3928 3929
f 3925 3929 3930
f 3925 3930 3931
f 3925 3931 3932
f 3925 3932 3933
f 3925 3933 3926
f 3934 3935 3933
f 3934 3933 3932
f 3934 3932 3931
f 3934 3931 3936
f 3934 3936 3887
f 3934 3887 3886
f 3934 3886 3885
f 3934 3885 3935
f 3937 3938 3939
f 3937 3939 3940
f 3937 3940 3941
f 3937 3941 3942
f 3937 3942 3914
f 3937 3914 3913
f 3937 3913 3912
f 3937 3912 3938
f 3943 3944 3900
f 3943 3900 3899
f 3943 3899 3898
f 3943 3898 3945
f 3943 3945 3929
f 3943 3929 3928
f 3943 3928 3927
f 3943 3927 3944
f 3946 3947 3948
f 3946 3948 3949
f 3946 3949 3950
f 3946 3950 3951
f 3946 3951 3833
f 3946 3833 3832
f 3946 3832 3831
f 3946 3831 3947
f 3952 3953 3873
f 3952 3873 3872
f 3952 3872 3871
f 3952 3871 3954
f 3952 3954 3955
f 3952 3955 3956
f 3952 3956 3957
f 3952 3957 3953
f 3958 3959 3957
f 3958 3957 3956
f 3958 3956 3955
f 3958 3955 3960
f 3958 3960 3824
f 3958 3824 3823
f 3958 3823 3822
f 3958 3822 3959
f 3961 3962 3963
f 3961 3963 3964
f 3961 3964 3965
f 3961 3965 3966
f 3961 3966 3967
f 3961 3967 3968
f 3961 3968 3969
f 3961 3969 3962
f 3970 3971 3972
f 3970 3972 3973
f 3970 3973 3974
f 3970 3974 3975
f 3970 3975 3976
f 3970 3976 3977
f 3970 3977 3978
f 3970 3978 3971
f 3979 3980 3981
f 3979 3981 3982
f 3979 3982 3983
f 3979 3983 3984
f 3979 3984 3985
f 3979 3985 3986
f 3979 3986 3987
f 3979 3987 3980
f 3988 3989 3987
f 3988 3987 3986
f 3988 3986 3985
f 3988 3985 3990
f 3988 3990 3991
f 3988 3991 3992
f 3988 3992 3993
f 3988 3993 3989
f 3994 3995 3996
f 3994 3996 3997
f 3994 3997 3998
f 3994 3998 3999
f 3994 3999 3965
f 3994 3965 3964
f 3994 3964 3963
f 3994 3963 3995
f 4000 4001 4002
f 4000 4002 4003
f 4000 4003 4004
f 4000 4004 4005
f 4000 4005 3983
f 4000 3983 3982
f 4000 3982 3981
f 4000 3981 4001
f 4006 4007 4008
f 4006 4008 4009
f 4006 4009 4010
f 4006 4010 4011
f 4006 4011 4012
f 4006 4012 4013
f 4006 4013 4014
f 4006 4014 4007
f 4015 4016 4017
f 4015 4017 4018
f 4015 4018 4019
f 4015 4019 4020
f 4015 4020 4021
f 4015 4021 4022
f 4015 4022 4023
f 4015 4023 4016
f 4024 4025 3978
f 4024 3978 3977
f 4024 3977 3976
f 4024 3976 4026
f 4024 4026 3998
f 4024 3998 3997
f 4024 3997 3996
f 4024 3996 4025
f 4027 4028 3924
f 4027 3924 3923
f 4027 3923 3922
f 4027 3922 4029
f 4027 4029 3941
f 4027 3941 3940
f 4027 3940 3939
f 4027 3939 4028
f 4030 4031 3909
f 4030 3909 3908
f 4030 3908 3907
f 4030 3907 4032
f 4030 4032 4033
f 4030 4033 4034
f 4030 4034 4035
f 4030 4035 4031
f 4036 4037 3891
f 4036 3891 3890
f 4036 3890 3889
f 4036 3889 4038
f 4036 4038 4039
f 4036 4039 4040
f 4036 4040 4041
f 4036 4041 4037
f 4042 4005 4004
f 4042 4004 4043
f 4042 4043 4044
f 4042 4044 4045
f 4042 4045 4046
f 4042 4046 4047
f 4042 4047 3983
f 4042 3983 4005
f 4048 4011 4010
f 4048 4010 4049
f 4048 4049 4050
f 4048 4050 4051
f 4048 4051 4052
f 4048 4052 4053
f 4048 4053 4012
f 4048 4012 4011
f 4054 4020 4019
f 4054 4019 4055
f 4054 4055 4056
f 4054 4056 4057
f 4054 4057 4058
f 4054 4058 4059
f 4054 4059 4021
f 4054 4021 4020
f 4060 4026 3976
f 4060 3976 4061
f 4060 4061 4062
f 4060 4062 4063
f 4060 4063 4064
f 4060 4064 4065
f 4060 4065 3998
f 4060 3998 4026
f 4066 4067 3991
f 4066 3991 4068
f 4066 4068 4069
f 4066 4069 4070
f 4066 4070 4050
f 4066 4050 4049
f 4066 4049 4010
f 4066 4010 4067
f 4071 4072 4073
f 4071 4073 4074
f 4071 4074 4075
f 4071 4075 4076
f 4071 4076 4044
f 4071 4044 4043
f 4071 4043 4004
f 4071 4004 4072
f 4077 4078 3967
f 4077 3967 4079
f 4077 4079 4080
f 4077 4080 4081
f 4077 4081 4056
f 4077 4056 4055
f 4077 4055 4019
f 4077 4019 4078
f 4082 3966 3965
f 4082 3965 4083
f 4082 4083 4084
f 4082 4084 4085
f 4082 4085 4080
f 4082 4080 4079
f 4082 4079 3967
f 4082 3967 3966
f 4086 3975 3974
f 4086 3974 4087
f 4086 4087 4088
f 4086 4088 4089
f 4086 4089 4062
f 4086 4062 4061
f 4086 4061 3976
f 4086 3976 3975
f 4090 4091 3969
f 4090 3969 3968
f 4090 3968 3967
f 4090 3967 4078
f 4090 4078 4019
f 4090 4019 4018
f 4090 4018 4017
f 4090 4017 4091
f 4092 4093 4094
f 4092 4094 4095
f 4092 4095 4073
f 4092 4073 4072
f 4092 4072 4004
f 4092 4004 4003
f 4092 4003 4002
f 4092 4002 4093
f 4096 4097 3993
f 4096 3993 3992
f 4096 3992 3991
f 4096 3991 4067
f 4096 4067 4010
f 4096 4010 4009
f 4096 4009 4008
f 4096 4008 4097
f 4098 4099 4100
f 4098 4100 4101
f 4098 4101 4102
f 4098 4102 4103
f 4098 4103 4104
f 4098 4104 4105
f 4098 4105 4106
f 4098 4106 4099
f 4107 4108 4109
f 4107 4109 4110
f 4107 4110 4111
f 4107 4111 4112
f 4107 4112 4113
f 4107 4113 4114
f 4107 4114 4115
f 4107 4115 4108
f 4116 4117 4118
f 4116 4118 4119
f 4116 4119 4120
f 4116 4120 4121
f 4116 4121 4122
f 4116 4122 4123
f 4116 4123 4124
f 4116 4124 4117
f 4125 4126 4127
f 4125 4127 4128
f 4125 4128 4129
f 4125 4129 4130
f 4125 4130 4131
f 4125 4131 4132
f 4125 4132 4133
f 4125 4133 4126
f 4134 4135 4136
f 4134 4136 4137
f 4134 4137 4138
f 4134 4138 4139
f 4134 4139 4111
f 4134 4111 4110
f 4134 4110 4109
f 4134 4109 4135
f 4140 4141 4142
f 4140 4142 4143
f 4140 4143 4144
f 4140 4144 4145
f 4140 4145 4102
f 4140 4102 4101
f 4140 4101 4100
f 4140 4100 4141
f 4146 4147 4148
f 4146 4148 4149
f 4146 4149 4150
f 4146 4150 4151
f 4146 4151 4120
f 4146 4120 4119
f 4146 4119 4118
f 4146 4118 4147
f 4152 4153 4154
f 4152 4154 4155
f 4152 4155 4156
f 4152 4156 4157
f 4152 4157 4150
f 4152 4150 4149
f 4152 4149 4148
f 4152 4148 4153
f 4158 4159 4160
f 4158 4160 4161
f 4158 4161 4162
f 4158 4162 4163
f 4158 4163 4129
f 4158 4129 4128
f 4158 4128 4127
f 4158 4127 4159
f 4164 3999 3998
f 4164 3998 4065
f 4164 4065 4064
f 4164 4064 4165
f 4164 4165 4084
f 4164 4084 4083
f 4164 4083 3965
f 4164 3965 3999
f 4166 3990 3985
f 4166 3985 4167
f 4166 4167 4168
f 4166 4168 4169
f 4166 4169 4069
f 4166 4069 4068
f 4166 4068 3991
f 4166 3991 3990
f 4170 3984 3983
f 4170 3983 4047
f 4170 4047 4046
f 4170 4046 4171
f 4170 4171 4168
f 4170 4168 4167
f 4170 4167 3985
f 4170 3985 3984
f 4172 4173 4174
f 4172 4174 4175
f 4172 4175 4176
f 4172 4176 4177
f 4172 4177 4178
f 4172 4178 4179
f 4172 4179 4180
f 4172 4180 4173
f 4181 4182 4183
f 4181 4183 4184
f 4181 4184 4185
f 4181 4185 4186
f 4181 4186 4187
f 4181 4187 4188
f 4181 4188 4189
f 4181 4189 4182
f 4190 4191 4192
f 4190 4192 4193
f 4190 4193 4194
f 4190 4194 4195
f 4190 4195 4196
f 4190 4196 4197
f 4190 4197 4198
f 4190 4198 4191
f 4199 4200 4201
f 4199 4201 4202
f 4199 4202 4203
f 4199 4203 4204
f 4199 4204 4176
f 4199 4176 4175
f 4199 4175 4174
f 4199 4174 4200
f 4205 4206 4207
f 4205 4207 4208
f 4205 4208 4209
f 4205 4209 4210
f 4205 4210 4211
f 4205 4211 4212
f 4205 4212 4213
f 4205 4213 4206
f 4214 4215 4216
f 4214 4216 4217
f 4214 4217 4218
f 4214 4218 4219
f 4214 4219 4185
f 4214 4185 4184
f 4214 4184 4183
f 4214 4183 4215
f 4220 4221 4222
f 4220 4222 4223
f 4220 4223 4224
f 4220 4224 4225
f 4220 4225 4218
f 4220 4218 4217
f 4220 4217 4216
f 4220 4216 4221
f 4226 4227 4228
f 4226 4228 4229
f 4226 4229 4230
f 4226 4230 4231
f 4226 4231 4194
f 4226 4194 4193
f 4226 4193 4192
f 4226 4192 4227
f 4232 4233 4234
f 4232 4234 4235
f 4232 4235 4236
f 4232 4236 4237
f 4232 4237 4238
f 4232 4238 4239
f 4232 4239 4240
f 4232 4240 4233
f 4241 4242 4133
f 4241 4133 4132
f 4241 4132 4131
f 4241 4131 4243
f 4241 4243 4156
f 4241 4156 4155
f 4241 4155 4154
f 4241 4154 4242
f 4244 4245 4246
f 4244 4246 4247
f 4244 4247 4248
f 4244 4248 4249
f 4244 4249 4138
f 4244 4138 4137
f 4244 4137 4136
f 4244 4136 4245
f 4250 4251 4106
f 4250 4106 4105
f 4250 4105 4104
f 4250 4104 4252
f 4250 4252 4248
f 4250 4248 4247
f 4250 4247 4246
f 4250 4246 4251
f 4253 4254 4213
f 4253 4213 4212
f 4253 4212 4211
f 4253 4211 4255
f 4253 4255 4236
f 4253 4236 4235
f 4253 4235 4234
f 4253 4234 4254
f 4256 4257 4198
f 4256 4198 4197
f 4256 4197 4196
f 4256 4196 4258
f 4256 4258 4224
f 4256 4224 4223
f 4256 4223 4222
f 4256 4222 4257
f 4259 4260 4240
f 4259 4240 4239
f 4259 4239 4238
f 4259 4238 4261
f 4259 4261 4203
f 4259 4203 4202
f 4259 4202 4201
f 4259 4201 4260
f 4262 4263 4264
f 4262 4264 4265
f 4262 4265 4266
f 4262 4266 4267
f 4262 4267 4268
f 4262 4268 4269
f 4262 4269 4270
f 4262 4270 4263
f 4271 4272 4273
f 4271 4273 4274
f 4271 4274 4275
f 4271 4275 4276
f 4271 4276 4277
f 4271 4277 4278
f 4271 4278 4279
f 4271 4279 4272
f 4280 4281 4282
f 4280 4282 4283
f 4280 4283 4284
f 4280 4284 4285
f 4280 4285 4286
f 4280 4286 4287
f 4280 4287 4288
f 4280 4288 4281
f 4289 4290 4291
f 4289 4291 4292
f 4289 4292 4293
f 4289 4293 4294
f 4289 4294 4284
f 4289 4284 4283
f 4289 4283 4282
f 4289 4282 4290
f 4295 4296 4297
f 4295 4297 4298
f 4295 4298 4299
f 4295 4299 4300
f 4295 4300 4301
f 4295 4301 4302
f 4295 4302 4303
f 4295 4303 4296
f 4304 4305 4306
f 4304 4306 4307
f 4304 4307 4308
f 4304 4308 4309
f 4304 4309 4310
f 4304 4310 4311
f 4304 4311 4312
f 4304 4312 4305
f 4313 4314 4312
f 4313 4312 4311
f 4313 4311 4310
f 4313 4310 4315
f 4313 4315 4266
f 4313 4266 4265
f 4313 4265 4264
f 4313 4264 4314
f 4316 4317 4318
f 4316 4318 4319
f 4316 4319 4320
f 4316 4320 4321
f 4316 4321 4293
f 4316 4293 4292
f 4316 4292 4291
f 4316 4291 4317
f 4322 4323 4279
f 4322 4279 4278
f 4322 4278 4277
f 4322 4277 4324
f 4322 4324 4308
f 4322 4308 4307
f 4322 4307 4306
f 4322 4306 4323
f 4325 4326 4327
f 4325 4327 4328
f 4325 4328 4329
f 4325 4329 4330
f 4325 4330 4331
f 4325 4331 4332
f 4325 4332 4333
f 4325 4333 4326
f 4334 4335 4336
f 4334 4336 4337
f 4334 4337 4338
f 4334 4338 4339
f 4334 4339 4340
f 4334 4340 4341
f 4334 4341 4342
f 4334 4342 4335
f 4343 4344 4345
f 4343 4345 4346
f 4343 4346 4347
f 4343 4347 4348
f 4343 4348 4338
f 4343 4338 4337
f 4343 4337 4336
f 4343 4336 4344
f 4349 4350 4351
f 4349 4351 4352
f 4349 4352 4353
f 4349 4353 4354
f 4349 4354 4355
f 4349 4355 4356
f 4349 4356 4357
f 4349 4357 4350
f 4358 4359 4360
f 4358 4360 4361
f 4358 4361 4362
f 4358 4362 4363
f 4358 4363 4364
f 4358 4364 4365
f 4358 4365 4366
f 4358 4366 4359
f 4367 4368 4366
f 4367 4366 4365
f 4367 4365 4364
f 4367 4364 4369
f 4367 4369 4370
f 4367 4370 4371
f 4367 4371 4372
f 4367 4372 4368
f 4373 4374 4375
f 4373 4375 4376
f 4373 4376 4377
f 4373 4377 4378
f 4373 4378 4347
f 4373 4347 4346
f 4373 4346 4345
f 4373 4345 4374
f 4379 4380 4333
f 4379 4333 4332
f 4379 4332 4331
f 4379 4331 4381
f 4379 4381 4362
f 4379 4362 4361
f 4379 4361 4360
f 4379 4360 4380
f 4382 4383 4384
f 4382 4384 4385
f 4382 4385 4386
f 4382 4386 4387
f 4382 4387 4388
f 4382 4388 4389
f 4382 4389 4390
f 4382 4390 4383
f 4391 4392 4303
f 4391 4303 4302
f 4391 4302 4301
f 4391 4301 4393
f 4391 4393 4320
f 4391 4320 4319
f 4391 4319 4318
f 4391 4318 4392
f 4394 4395 4288
f 4394 4288 4287
f 4394 4287 4286
f 4394 4286 4396
f 4394 4396 4397
f 4394 4397 4398
f 4394 4398 4399
f 4394 4399 4395
f 4400 4401 4270
f 4400 4270 4269
f 4400 4269 4268
f 4400 4268 4402
f 4400 4402 4403
f 4400 4403 4404
f 4400 4404 4405
f 4400 4405 4401
f 4406 4171 4046
f 4406 4046 4407
f 4406 4407 4106
f 4406 4106 4251
f 4406 4251 4246
f 4406 4246 4408
f 4406 4408 4168
f 4406 4168 4171
f 4409 4169 4168
f 4409 4168 4408
f 4409 4408 4246
f 4409 4246 4245
f 4409 4245 4136
f 4409 4136 4410
f 4409 4410 4069
f 4409 4069 4169
f 4411 4165 4064
f 4411 4064 4412
f 4411 4412 4133
f 4411 4133 4242
f 4411 4242 4154
f 4411 4154 4413
f 4411 4413 4084
f 4411 4084 4165
f 4414 4089 4088
f 4414 4088 4415
f 4414 4415 4160
f 4414 4160 4159
f 4414 4159 4127
f 4414 4127 4416
f 4414 4416 4062
f 4414 4062 4089
f 4417 4085 4084
f 4417 4084 4413
f 4417 4413 4154
f 4417 4154 4153
f 4417 4153 4148
f 4417 4148 4418
f 4417 4418 4080
f 4417 4080 4085
f 4419 4081 4080
f 4419 4080 4418
f 4419 4418 4148
f 4419 4148 4147
f 4419 4147 4118
f 4419 4118 4420
f 4419 4420 4056
f 4419 4056 4081
f 4421 4076 4075
f 4421 4075 4422
f 4421 4422 4142
f 4421 4142 4141
f 4421 4141 4100
f 4421 4100 4423
f 4421 4423 4044
f 4421 4044 4076
f 4424 4070 4069
f 4424 4069 4410
f 4424 4410 4136
f 4424 4136 4135
f 4424 4135 4109
f 4424 4109 4425
f 4424 4425 4050
f 4424 4050 4070
f 4426 4063 4062
f 4426 4062 4416
f 4426 4416 4127
f 4426 4127 4126
f 4426 4126 4133
f 4426 4133 4412
f 4426 4412 4064
f 4426 4064 4063
f 4427 4057 4056
f 4427 4056 4420
f 4427 4420 4118
f 4427 4118 4117
f 4427 4117 4124
f 4427 4124 4428
f 4427 4428 4058
f 4427 4058 4057
f 4429 4051 4050
f 4429 4050 4425
f 4429 4425 4109
f 4429 4109 4108
f 4429 4108 4115
f 4429 4115 4430
f 4429 4430 4052
f 4429 4052 4051
f 4431 4045 4044
f 4431 4044 4423
f 4431 4423 4100
f 4431 4100 4099
f 4431 4099 4106
f 4431 4106 4407
f 4431 4407 4046
f 4431 4046 4045
f 4432 4433 4434
f 4432 4434 4435
f 4432 4435 4436
f 4432 4436 4437
f 4432 4437 4438
f 4432 4438 4439
f 4432 4439 4440
f 4432 4440 4433
f 4441 4442 4443
f 4441 4443 4444
f 4441 4444 4445
f 4441 4445 4446
f 4441 4446 4447
f 4441 4447 4448
f 4441 4448 4449
f 4441 4449 4442
f 4450 4451 4452
f 4450 4452 4453
f 4450 4453 4454
f 4450 4454 4455
f 4450 4455 4456
f 4450 4456 4457
f 4450 4457 4458
f 4450 4458 4451
f 4459 4460 4461
f 4459 4461 4462
f 4459 4462 4463
f 4459 4463 4464
f 4459 4464 4465
f 4459 4465 4466
f 4459 4466 4467
f 4459 4467 4460
f 4468 4469 4458
f 4468 4458 4457
f 4468 4457 4456
f 4468 4456 4470
f 4468 4470 4471
f 4468 4471 4472
f 4468 4472 4473
f 4468 4473 4469
f 4474 4475 4467
f 4474 4467 4466
f 4474 4466 4465
f 4474 4465 4476
f 4474 4476 4454
f 4474 4454 4453
f 4474 4453 4452
f 4474 4452 4475
f 4477 4478 4479
f 4477 4479 4480
f 4477 4480 4481
f 4477 4481 4482
f 4477 4482 4483
f 4477 4483 4484
f 4477 4484 4485
f 4477 4485 4478
f 4486 4487 4488
f 4486 4488 4489
f 4486 4489 4490
f 4486 4490 4491
f 4486 4491 4463
f 4486 4463 4462
f 4486 4462 4461
f 4486 4461 4487
f 4492 4493 4494
f 4492 4494 4495
f 4492 4495 4496
f 4492 4496 4497
f 4492 4497 4498
f 4492 4498 4499
f 4492 4499 4500
f 4492 4500 4493
f 4501 4502 4372
f 4501 4372 4371
f 4501 4371 4370
f 4501 4370 4503
f 4501 4503 4386
f 4501 4386 4385
f 4501 4385 4384
f 4501 4384 4502
f 4504 4505 4357
f 4504 4357 4356
f 4504 4356 4355
f 4504 4355 4506
f 4504 4506 4377
f 4504 4377 4376
f 4504 4376 4375
f 4504 4375 4505
f 4507 4508 4342
f 4507 4342 4341
f 4507 4341 4340
f 4507 4340 4509
f 4507 4509 4510
f 4507 4510 4511
f 4507 4511 4512
f 4507 4512 4508
f 4513 4514 4438
f 4513 4438 4437
f 4513 4437 4436
f 4513 4436 4515
f 4513 4515 4516
f 4513 4516 4517
f 4513 4517 4518
f 4513 4518 4514
f 4519 4520 4440
f 4519 4440 4439
f 4519 4439 4438
f 4519 4438 4514
f 4519 4514 4518
f 4519 4518 4521
f 4519 4521 4522
f 4519 4522 4520
f 4523 4524 4522
f 4523 4522 4521
f 4523 4521 4518
f 4523 4518 4517
f 4523 4517 4516
f 4523 4516 4525
f 4523 4525 4526
f 4523 4526 4524
f 4527 4528 4526
f 4527 4526 4525
f 4527 4525 4516
f 4527 4516 4515
f 4527 4515 4436
f 4527 4436 4435
f 4527 4435 4434
f 4527 4434 4528
f 4529 4530 4531
f 4529 4531 4532
f 4529 4532 4526
f 4529 4526 4528
f 4529 4528 4434
f 4529 4434 4533
f 4529 4533 4370
f 4529 4370 4530
f 4534 4535 4388
f 4534 4388 4536
f 4534 4536 4522
f 4534 4522 4524
f 4534 4524 4526
f 4534 4526 4532
f 4534 4532 4531
f 4534 4531 4535
f 4537 4387 4386
f 4537 4386 4538
f 4537 4538 4440
f 4537 4440 4520
f 4537 4520 4522
f 4537 4522 4536
f 4537 4536 4388
f 4537 4388 4387
f 4539 4503 4370
f 4539 4370 4533
f 4539 4533 4434
f 4539 4434 4433
f 4539 4433 4440
f 4539 4440 4538
f 4539 4538 4386
f 4539 4386 4503
f 4540 4446 4445
f 4540 4445 4541
f 4540 4541 4542
f 4540 4542 4543
f 4540 4543 4544
f 4540 4544 4545
f 4540 4545 4447
f 4540 4447 4446
f 4546 4547 4447
f 4546 4447 4545
f 4546 4545 4544
f 4546 4544 4548
f 4546 4548 4483
f 4546 4483 4482
f 4546 4482 4481
f 4546 4481 4547
f 4549 4550 4551
f 4549 4551 4552
f 4549 4552 4553
f 4549 4553 4554
f 4549 4554 4555
f 4549 4555 4556
f 4549 4556 4557
f 4549 4557 4550
f 4558 4559 4560
f 4558 4560 4561
f 4558 4561 4562
f 4558 4562 4563
f 4558 4563 4564
f 4558 4564 4565
f 4558 4565 4566
f 4558 4566 4559
f 4567 4568 4569
f 4567 4569 4570
f 4567 4570 4571
f 4567 4571 4572
f 4567 4572 4573
f 4567 4573 4574
f 4567 4574 4575
f 4567 4575 4568
f 4576 4577 4578
f 4576 4578 4579
f 4576 4579 4580
f 4576 4580 4581
f 4576 4581 4582
f 4576 4582 4583
f 4576 4583 4584
f 4576 4584 4577
f 4585 4586 4587
f 4585 4587 4588
f 4585 4588 4589
f 4585 4589 4590
f 4585 4590 4591
f 4585 4591 4592
f 4585 4592 4593
f 4585 4593 4586
f 4594 4595 4596
f 4594 4596 4597
f 4594 4597 4598
f 4594 4598 4599
f 4594 4599 4600
f 4594 4600 4601
f 4594 4601 4602
f 4594 4602 4595
f 4603 4604 4485
f 4603 4485 4484
f 4603 4484 4483
f 4603 4483 4605
f 4603 4605 4606
f 4603 4606 4607
f 4603 4607 4608
f 4603 4608 4604
f 4609 4610 4608
f 4609 4608 4607
f 4609 4607 4606
f 4609 4606 4611
f 4609 4611 4496
f 4609 4496 4495
f 4609 4495 4494
f 4609 4494 4610
f 4612 4613 4614
f 4612 4614 4615
f 4612 4615 4616
f 4612 4616 4617
f 4612 4617 4490
f 4612 4490 4489
f 4612 4489 4488
f 4612 4488 4613
f 4618 4619 4449
f 4618 4449 4448
f 4618 4448 4447
f 4618 4447 4547
f 4618 4547 4481
f 4618 4481 4480
f 4618 4480 4479
f 4618 4479 4619
f 4620 4506 4355
f 4620 4355 4621
f 4620 4621 4449
f 4620 4449 4619
f 4620 4619 4479
f 4620 4479 4622
f 4620 4622 4377
f 4620 4377 4506
f 4623 4330 4329
f 4623 4329 4624
f 4623 4624 4614
f 4623 4614 4613
f 4623 4613 4488
f 4623 4488 4625
f 4623 4625 4331
f 4623 4331 4330
f 4626 4339 4338
f 4626 4338 4627
f 4626 4627 4608
f 4626 4608 4610
f 4626 4610 4494
f 4626 4494 4628
f 4626 4628 4340
f 4626 4340 4339
f 4629 4348 4347
f 4629 4347 4630
f 4629 4630 4485
f 4629 4485 4604
f 4629 4604 4608
f 4629 4608 4627
f 4629 4627 4338
f 4629 4338 4348
f 4631 4509 4340
f 4631 4340 4628
f 4631 4628 4494
f 4631 4494 4493
f 4631 4493 4500
f 4631 4500 4632
f 4631 4632 4510
f 4631 4510 4509
f 4633 4381 4331
f 4633 4331 4625
f 4633 4625 4488
f 4633 4488 4487
f 4633 4487 4461
f 4633 4461 4634
f 4633 4634 4362
f 4633 4362 4381
f 4635 4378 4377
f 4635 4377 4622
f 4635 4622 4479
f 4635 4479 4478
f 4635 4478 4485
f 4635 4485 4630
f 4635 4630 4347
f 4635 4347 4378
f 4636 4369 4364
f 4636 4364 4637
f 4636 4637 4467
f 4636 4467 4475
f 4636 4475 4452
f 4636 4452 4638
f 4636 4638 4370
f 4636 4370 4369
f 4639 4535 4531
f 4639 4531 4640
f 4639 4640 4458
f 4639 4458 4469
f 4639 4469 4473
f 4639 4473 4641
f 4639 4641 4388
f 4639 4388 4535
f 4642 4363 4362
f 4642 4362 4634
f 4642 4634 4461
f 4642 4461 4460
f 4642 4460 4467
f 4642 4467 4637
f 4642 4637 4364
f 4642 4364 4363
f 4643 4530 4370
f 4643 4370 4638
f 4643 4638 4452
f 4643 4452 4451
f 4643 4451 4458
f 4643 4458 4640
f 4643 4640 4531
f 4643 4531 4530
f 4644 4354 4353
f 4644 4353 4645
f 4644 4645 4443
f 4644 4443 4442
f 4644 4442 4449
f 4644 4449 4621
f 4644 4621 4355
f 4644 4355 4354
f 4646 4647 4388
f 4646 4388 4641
f 4646 4641 4473
f 4646 4473 4648
f 4646 4648 4443
f 4646 4443 4645
f 4646 4645 4353
f 4646 4353 4647
f 4649 4650 4510
f 4649 4510 4632
f 4649 4632 4500
f 4649 4500 4651
f 4649 4651 4614
f 4649 4614 4624
f 4649 4624 4329
f 4649 4329 4650
f 4652 4651 4500
f 4652 4500 4499
f 4652 4499 4498
f 4652 4498 4653
f 4652 4653 4616
f 4652 4616 4615
f 4652 4615 4614
f 4652 4614 4651
f 4654 4655 4656
f 4654 4656 4657
f 4654 4657 4658
f 4654 4658 4659
f 4654 4659 4660
f 4654 4660 4661
f 4654 4661 4662
f 4654 4662 4655
f 4663 4664 4665
f 4663 4665 4666
f 4663 4666 4667
f 4663 4667 4668
f 4663 4668 4669
f 4663 4669 4670
f 4663 4670 4671
f 4663 4671 4664
f 4672 4673 4471
f 4672 4471 4470
f 4672 4470 4456
f 4672 4456 4674
f 4672 4674 4542
f 4672 4542 4541
f 4672 4541 4445
f 4672 4445 4673
f 4675 4648 4473
f 4675 4473 4472
f 4675 4472 4471
f 4675 4471 4673
f 4675 4673 4445
f 4675 4445 4444
f 4675 4444 4443
f 4675 4443 4648
f 4676 4677 4058
f 4676 4058 4428
f 4676 4428 4124
f 4676 4124 4678
f 4676 4678 4142
f 4676 4142 4422
f 4676 4422 4075
f 4676 4075 4677
f 4679 4680 4052
f 4679 4052 4430
f 4679 4430 4115
f 4679 4115 4681
f 4679 4681 4160
f 4679 4160 4415
f 4679 4415 4088
f 4679 4088 4680
f 4682 4683 4390
f 4682 4390 4389
f 4682 4389 4388
f 4682 4388 4647
f 4682 4647 4353
f 4682 4353 4352
f 4682 4352 4351
f 4682 4351 4683
f 4684 4685 4512
f 4684 4512 4511
f 4684 4511 4510
f 4684 4510 4650
f 4684 4650 4329
f 4684 4329 4328
f 4684 4328 4327
f 4684 4327 4685
f 4686 4687 4405
f 4686 4405 4404
f 4686 4404 4403
f 4686 4403 4688
f 4686 4688 4299
f 4686 4299 4298
f 4686 4298 4297
f 4686 4297 4687
f 4689 4690 4399
f 4689 4399 4398
f 4689 4398 4397
f 4689 4397 4691
f 4689 4691 4275
f 4689 4275 4274
f 4689 4274 4273
f 4689 4273 4690
f 4692 4693 4180
f 4692 4180 4179
f 4692 4179 4178
f 4692 4178 4694
f 4692 4694 4230
f 4692 4230 4229
f 4692 4229 4228
f 4692 4228 4693
f 4695 4696 4189
f 4695 4189 4188
f 4695 4188 4187
f 4695 4187 4697
f 4695 4697 4209
f 4695 4209 4208
f 4695 4208 4207
f 4695 4207 4696
f 4698 4681 4115
f 4698 4115 4114
f 4698 4114 4113
f 4698 4113 4699
f 4698 4699 4162
f 4698 4162 4161
f 4698 4161 4160
f 4698 4160 4681
f 4700 4678 4124
f 4700 4124 4123
f 4700 4123 4122
f 4700 4122 4701
f 4700 4701 4144
f 4700 4144 4143
f 4700 4143 4142
f 4700 4142 4678
f 4702 4703 4023
f 4702 4023 4022
f 4702 4022 4021
f 4702 4021 4704
f 4702 4704 4073
f 4702 4073 4095
f 4702 4095 4094
f 4702 4094 4703
f 4705 4706 4012
f 4705 4012 4053
f 4705 4053 4052
f 4705 4052 4680
f 4705 4680 4088
f 4705 4088 4087
f 4705 4087 3974
f 4705 3974 4706
f 4707 4704 4021
f 4707 4021 4059
f 4707 4059 4058
f 4707 4058 4677
f 4707 4677 4075
f 4707 4075 4074
f 4707 4074 4073
f 4707 4073 4704
f 4708 4709 4014
f 4708 4014 4013
f 4708 4013 4012
f 4708 4012 4706
f 4708 4706 3974
f 4708 3974 3973
f 4708 3973 3972
f 4708 3972 4709
f 4710 4711 3864
f 4710 3864 3863
f 4710 3863 3862
f 4710 3862 4712
f 4710 4712 3950
f 4710 3950 3949
f 4710 3949 3948
f 4710 3948 4711
f 4713 4714 4041
f 4713 4041 4040
f 4713 4040 4039
f 4713 4039 4715
f 4713 4715 3920
f 4713 3920 3919
f 4713 3919 3918
f 4713 3918 4714
f 4716 4717 4035
f 4716 4035 4034
f 4716 4034 4033
f 4716 4033 4718
f 4716 4718 3896
f 4716 3896 3895
f 4716 3895 3894
f 4716 3894 4717
f 4719 4720 3828
f 4719 3828 3827
f 4719 3827 3826
f 4719 3826 4721
f 4719 4721 3881
f 4719 3881 3880
f 4719 3880 3879
f 4719 3879 4720
f 4722 4723 4724
f 4722 4724 4725
f 4722 4725 4726
f 4722 4726 4727
f 4722 4727 4728
f 4722 4728 4729
f 4722 4729 4730
f 4722 4730 4723
f 4731 4732 4733
f 4731 4733 4734
f 4731 4734 4735
f 4731 4735 4736
f 4731 4736 4737
f 4731 4737 4738
f 4731 4738 4562
f 4731 4562 4732
f 4739 4740 4575
f 4739 4575 4574
f 4739 4574 4573
f 4739 4573 4741
f 4739 4741 4742
f 4739 4742 4743
f 4739 4743 4744
f 4739 4744 4740
f 4745 4746 4602
f 4745 4602 4601
f 4745 4601 4600
f 4745 4600 4747
f 4745 4747 4571
f 4745 4571 4570
f 4745 4570 4569
f 4745 4569 4746
f 4748 4749 4744
f 4748 4744 4743
f 4748 4743 4742
f 4748 4742 4750
f 4748 4750 4751
f 4748 4751 4752
f 4748 4752 4753
f 4748 4753 4749
f 4754 4755 4753
f 4754 4753 4752
f 4754 4752 4751
f 4754 4751 4756
f 4754 4756 4598
f 4754 4598 4597
f 4754 4597 4596
f 4754 4596 4755
f 4757 4756 4751
f 4757 4751 4758
f 4757 4758 4759
f 4757 4759 4760
f 4757 4760 4761
f 4757 4761 4762
f 4757 4762 4598
f 4757 4598 4756
f 4763 4554 4553
f 4763 4553 4764
f 4763 4764 4765
f 4763 4765 4766
f 4763 4766 4767
f 4763 4767 4768
f 4763 4768 4555
f 4763 4555 4554
f 4769 4770 4771
f 4769 4771 4772
f 4769 4772 4733
f 4769 4733 4732
f 4769 4732 4562
f 4769 4562 4561
f 4769 4561 4560
f 4769 4560 4770
f 4773 4774 4566
f 4773 4566 4565
f 4773 4565 4564
f 4773 4564 4775
f 4773 4775 4776
f 4773 4776 4777
f 4773 4777 4778
f 4773 4778 4774
f 4779 4780 4778
f 4779 4778 4777
f 4779 4777 4776
f 4779 4776 4781
f 4779 4781 4589
f 4779 4589 4588
f 4779 4588 4587
f 4779 4587 4780
f 4782 4783 4593
f 4782 4593 4592
f 4782 4592 4591
f 4782 4591 4784
f 4782 4784 4733
f 4782 4733 4772
f 4782 4772 4771
f 4782 4771 4783
f 4785 4786 4787
f 4785 4787 4788
f 4785 4788 4789
f 4785 4789 4790
f 4785 4790 4791
f 4785 4791 4792
f 4785 4792 4658
f 4785 4658 4786
f 4793 4784 4591
f 4793 4591 4794
f 4793 4794 4795
f 4793 4795 4796
f 4793 4796 4735
f 4793 4735 4734
f 4793 4734 4733
f 4793 4733 4784
f 4797 4798 4671
f 4797 4671 4670
f 4797 4670 4669
f 4797 4669 4799
f 4797 4799 4787
f 4797 4787 4800
f 4797 4800 4801
f 4797 4801 4798
f 4802 4803 4662
f 4802 4662 4661
f 4802 4661 4660
f 4802 4660 4804
f 4802 4804 4805
f 4802 4805 4806
f 4802 4806 4807
f 4802 4807 4803
f 4808 4809 4807
f 4808 4807 4806
f 4808 4806 4805
f 4808 4805 4810
f 4808 4810 4667
f 4808 4667 4666
f 4808 4666 4665
f 4808 4665 4809
f 4811 4812 4801
f 4811 4801 4800
f 4811 4800 4787
f 4811 4787 4786
f 4811 4786 4658
f 4811 4658 4657
f 4811 4657 4656
f 4811 4656 4812
f 4813 4572 4571
f 4813 4571 4814
f 4813 4814 4815
f 4813 4815 4816
f 4813 4816 4817
f 4813 4817 4818
f 4813 4818 4573
f 4813 4573 4572
f 4819 4659 4658
f 4819 4658 4792
f 4819 4792 4791
f 4819 4791 4820
f 4819 4820 4821
f 4819 4821 4822
f 4819 4822 4660
f 4819 4660 4659
f 4823 4824 4825
f 4823 4825 4826
f 4823 4826 4730
f 4823 4730 4827
f 4823 4827 4580
f 4823 4580 4579
f 4823 4579 4578
f 4823 4578 4824
f 4828 4829 4830
f 4828 4830 4831
f 4828 4831 4724
f 4828 4724 4723
f 4828 4723 4730
f 4828 4730 4826
f 4828 4826 4825
f 4828 4825 4829
f 4832 4833 4557
f 4832 4557 4556
f 4832 4556 4555
f 4832 4555 4834
f 4832 4834 4724
f 4832 4724 4831
f 4832 4831 4830
f 4832 4830 4833
f 4835 4836 4584
f 4835 4584 4583
f 4835 4583 4582
f 4835 4582 4837
f 4835 4837 4553
f 4835 4553 4552
f 4835 4552 4551
f 4835 4551 4836
f 4838 4790 4789
f 4838 4789 4839
f 4838 4839 4840
f 4838 4840 4841
f 4838 4841 4842
f 4838 4842 4843
f 4838 4843 4791
f 4838 4791 4790
f 4844 4845 4846
f 4844 4846 4847
f 4844 4847 4848
f 4844 4848 4849
f 4844 4849 4850
f 4844 4850 4851
f 4844 4851 4759
f 4844 4759 4845
f 4852 4853 4854
f 4852 4854 4855
f 4852 4855 4856
f 4852 4856 4857
f 4852 4857 4858
f 4852 4858 4859
f 4852 4859 4765
f 4852 4765 4853
f 4860 4861 4862
f 4860 4862 4863
f 4860 4863 4864
f 4860 4864 4865
f 4860 4865 4866
f 4860 4866 4867
f 4860 4867 4868
f 4860 4868 4861
f 4869 4820 4791
f 4869 4791 4843
f 4869 4843 4842
f 4869 4842 4870
f 4869 4870 4871
f 4869 4871 4872
f 4869 4872 4821
f 4869 4821 4820
f 4873 4874 4875
f 4873 4875 4876
f 4873 4876 4877
f 4873 4877 4878
f 4873 4878 4856
f 4873 4856 4855
f 4873 4855 4854
f 4873 4854 4874
f 4879 4880 4761
f 4879 4761 4881
f 4879 4881 4882
f 4879 4882 4883
f 4879 4883 4884
f 4879 4884 4885
f 4879 4885 4886
f 4879 4886 4880
f 4887 4736 4735
f 4887 4735 4888
f 4887 4888 4889
f 4887 4889 4890
f 4887 4890 4891
f 4887 4891 4892
f 4887 4892 4737
f 4887 4737 4736
f 4893 4775 4564
f 4893 4564 4894
f 4893 4894 4862
f 4893 4862 4861
f 4893 4861 4868
f 4893 4868 4895
f 4893 4895 4776
f 4893 4776 4775
f 4896 4799 4669
f 4896 4669 4897
f 4896 4897 4898
f 4896 4898 4899
f 4896 4899 4789
f 4896 4789 4788
f 4896 4788 4787
f 4896 4787 4799
f 4900 4834 4555
f 4900 4555 4768
f 4900 4768 4767
f 4900 4767 4901
f 4900 4901 4726
f 4900 4726 4725
f 4900 4725 4724
f 4900 4724 4834
f 4902 4747 4600
f 4902 4600 4903
f 4902 4903 4886
f 4902 4886 4904
f 4902 4904 4815
f 4902 4815 4814
f 4902 4814 4571
f 4902 4571 4747
f 4905 4781 4776
f 4905 4776 4895
f 4905 4895 4868
f 4905 4868 4906
f 4905 4906 4907
f 4905 4907 4908
f 4905 4908 4589
f 4905 4589 4781
f 4909 4668 4667
f 4909 4667 4910
f 4909 4910 4911
f 4909 4911 4912
f 4909 4912 4898
f 4909 4898 4897
f 4909 4897 4669
f 4909 4669 4668
f 4913 4599 4598
f 4913 4598 4762
f 4913 4762 4761
f 4913 4761 4880
f 4913 4880 4886
f 4913 4886 4903
f 4913 4903 4600
f 4913 4600 4599
f 4914 4581 4580
f 4914 4580 4915
f 4914 4915 4875
f 4914 4875 4874
f 4914 4874 4854
f 4914 4854 4916
f 4914 4916 4582
f 4914 4582 4581
f 4917 4563 4562
f 4917 4562 4738
f 4917 4738 4737
f 4917 4737 4918
f 4917 4918 4862
f 4917 4862 4894
f 4917 4894 4564
f 4917 4564 4563
f 4919 4810 4805
f 4919 4805 4920
f 4919 4920 4921
f 4919 4921 4922
f 4919 4922 4911
f 4919 4911 4910
f 4919 4910 4667
f 4919 4667 4810
f 4923 4837 4582
f 4923 4582 4916
f 4923 4916 4854
f 4923 4854 4853
f 4923 4853 4765
f 4923 4765 4764
f 4923 4764 4553
f 4923 4553 4837
f 4924 4750 4742
f 4924 4742 4925
f 4924 4925 4846
f 4924 4846 4845
f 4924 4845 4759
f 4924 4759 4758
f 4924 4758 4751
f 4924 4751 4750
f 4926 4804 4660
f 4926 4660 4822
f 4926 4822 4821
f 4926 4821 4927
f 4926 4927 4921
f 4926 4921 4920
f 4926 4920 4805
f 4926 4805 4804
f 4928 4827 4730
f 4928 4730 4729
f 4928 4729 4728
f 4928 4728 4929
f 4928 4929 4875
f 4928 4875 4915
f 4928 4915 4580
f 4928 4580 4827
f 4930 4741 4573
f 4930 4573 4818
f 4930 4818 4817
f 4930 4817 4931
f 4930 4931 4846
f 4930 4846 4925
f 4930 4925 4742
f 4930 4742 4741
f 4932 4590 4589
f 4932 4589 4908
f 4932 4908 4907
f 4932 4907 4933
f 4932 4933 4795
f 4932 4795 4794
f 4932 4794 4591
f 4932 4591 4590
f 4934 4935 4936
f 4934 4936 4937
f 4934 4937 4938
f 4934 4938 4939
f 4934 4939 4850
f 4934 4850 4849
f 4934 4849 4848
f 4934 4848 4935
f 4940 4939 4938
f 4940 4938 4941
f 4940 4941 4884
f 4940 4884 4883
f 4940 4883 4882
f 4940 4882 4942
f 4940 4942 4850
f 4940 4850 4939
f 4943 4944 4891
f 4943 4891 4890
f 4943 4890 4889
f 4943 4889 4945
f 4943 4945 4866
f 4943 4866 4865
f 4943 4865 4864
f 4943 4864 4944
f 4946 4945 4889
f 4946 4889 4947
f 4946 4947 4948
f 4946 4948 4949
f 4946 4949 4950
f 4946 4950 4951
f 4946 4951 4866
f 4946 4866 4945
f 4952 4953 4840
f 4952 4840 4954
f 4952 4954 4955
f 4952 4955 4956
f 4952 4956 4957
f 4952 4957 4958
f 4952 4958 4959
f 4952 4959 4953
f 4960 4870 4842
f 4960 4842 4841
f 4960 4841 4840
f 4960 4840 4953
f 4960 4953 4959
f 4960 4959 4961
f 4960 4961 4871
f 4960 4871 4870
f 4962 4878 4877
f 4962 4877 4963
f 4962 4963 4964
f 4962 4964 4965
f 4962 4965 4858
f 4962 4858 4857
f 4962 4857 4856
f 4962 4856 4878
f 4966 4965 4964
f 4966 4964 4967
f 4966 4967 4968
f 4966 4968 4969
f 4966 4969 4970
f 4966 4970 4971
f 4966 4971 4858
f 4966 4858 4965
f 4972 4906 4868
f 4972 4868 4867
f 4972 4867 4866
f 4972 4866 4951
f 4972 4951 4950
f 4972 4950 4973
f 4972 4973 4907
f 4972 4907 4906
f 4974 4929 4728
f 4974 4728 4975
f 4974 4975 4964
f 4974 4964 4963
f 4974 4963 4877
f 4974 4877 4876
f 4974 4876 4875
f 4974 4875 4929
f 4976 4931 4817
f 4976 4817 4977
f 4976 4977 4936
f 4976 4936 4935
f 4976 4935 4848
f 4976 4848 4847
f 4976 4847 4846
f 4976 4846 4931
f 4978 4918 4737
f 4978 4737 4892
f 4978 4892 4891
f 4978 4891 4944
f 4978 4944 4864
f 4978 4864 4863
f 4978 4863 4862
f 4978 4862 4918
f 4979 4816 4815
f 4979 4815 4980
f 4979 4980 4938
f 4979 4938 4937
f 4979 4937 4936
f 4979 4936 4977
f 4979 4977 4817
f 4979 4817 4816
f 4981 4899 4898
f 4981 4898 4982
f 4981 4982 4955
f 4981 4955 4954
f 4981 4954 4840
f 4981 4840 4839
f 4981 4839 4789
f 4981 4789 4899
f 4983 4766 4765
f 4983 4765 4859
f 4983 4859 4858
f 4983 4858 4971
f 4983 4971 4970
f 4983 4970 4984
f 4983 4984 4767
f 4983 4767 4766
f 4985 4760 4759
f 4985 4759 4851
f 4985 4851 4850
f 4985 4850 4942
f 4985 4942 4882
f 4985 4882 4881
f 4985 4881 4761
f 4985 4761 4760
f 4986 4912 4911
f 4986 4911 4987
f 4986 4987 4957
f 4986 4957 4956
f 4986 4956 4955
f 4986 4955 4982
f 4986 4982 4898
f 4986 4898 4912
f 4988 4933 4907
f 4988 4907 4973
f 4988 4973 4950
f 4988 4950 4949
f 4988 4949 4948
f 4988 4948 4989
f 4988 4989 4795
f 4988 4795 4933
f 4990 4727 4726
f 4990 4726 4991
f 4990 4991 4968
f 4990 4968 4967
f 4990 4967 4964
f 4990 4964 4975
f 4990 4975 4728
f 4990 4728 4727
f 4992 4922 4921
f 4992 4921 4993
f 4992 4993 4959
f 4992 4959 4958
f 4992 4958 4957
f 4992 4957 4987
f 4992 4987 4911
f 4992 4911 4922
f 4994 4796 4795
f 4994 4795 4989
f 4994 4989 4948
f 4994 4948 4947
f 4994 4947 4889
f 4994 4889 4888
f 4994 4888 4735
f 4994 4735 4796
f 4995 4901 4767
f 4995 4767 4984
f 4995 4984 4970
f 4995 4970 4969
f 4995 4969 4968
f 4995 4968 4991
f 4995 4991 4726
f 4995 4726 4901
f 4996 4904 4886
f 4996 4886 4885
f 4996 4885 4884
f 4996 4884 4941
f 4996 4941 4938
f 4996 4938 4980
f 4996 4980 4815
f 4996 4815 4904
f 4997 4927 4821
f 4997 4821 4872
f 4997 4872 4871
f 4997 4871 4961
f 4997 4961 4959
f 4997 4959 4993
f 4997 4993 4921
f 4997 4921 4927
f 4998 4721 3826
f 4998 3826 4999
f 4998 4999 4035
f 4998 4035 4717
f 4998 4717 3894
f 4998 3894 5000
f 4998 5000 3881
f 4998 3881 4721
f 5001 4712 3862
f 5001 3862 5002
f 5001 5002 4041
f 5001 4041 4714
f 5001 4714 3918
f 5001 3918 5003
f 5001 5003 3950
f 5001 3950 4712
f 5004 3861 3860
f 5004 3860 5005
f 5004 5005 3891
f 5004 3891 4037
f 5004 4037 4041
f 5004 4041 5002
f 5004 5002 3862
f 5004 3862 3861
f 5006 3825 3824
f 5006 3824 5007
f 5006 5007 3909
f 5006 3909 4031
f 5006 4031 4035
f 5006 4035 4999
f 5006 4999 3826
f 5006 3826 3825
f 5008 3834 3833
f 5008 3833 5009
f 5008 5009 3924
f 5008 3924 4028
f 5008 4028 3939
f 5008 3939 5010
f 5008 5010 3835
f 5008 3835 3834
f 5011 3852 3851
f 5011 3851 5012
f 5011 5012 3900
f 5011 3900 3944
f 5011 3944 3927
f 5011 3927 5013
f 5011 5013 3853
f 5011 3853 3852
f 5014 3870 3835
f 5014 3835 5010
f 5014 5010 3939
f 5014 3939 3938
f 5014 3938 3912
f 5014 3912 5015
f 5014 5015 3871
f 5014 3871 3870
f 5016 3843 3842
f 5016 3842 5017
f 5016 5017 3933
f 5016 3933 3935
f 5016 3935 3885
f 5016 3885 5018
f 5016 5018 3844
f 5016 3844 3843
f 5019 3867 3853
f 5019 3853 5013
f 5019 5013 3927
f 5019 3927 3926
f 5019 3926 3933
f 5019 3933 5017
f 5019 5017 3842
f 5019 3842 3867
f 5020 3951 3950
f 5020 3950 5003
f 5020 5003 3918
f 5020 3918 3917
f 5020 3917 3924
f 5020 3924 5009
f 5020 5009 3833
f 5020 3833 3951
f 5021 3954 3871
f 5021 3871 5015
f 5021 5015 3912
f 5021 3912 3911
f 5021 3911 3903
f 5021 3903 5022
f 5021 5022 3955
f 5021 3955 3954
f 5023 3960 3955
f 5023 3955 5022
f 5023 5022 3903
f 5023 3903 3902
f 5023 3902 3909
f 5023 3909 5007
f 5023 5007 3824
f 5023 3824 3960
f 5024 3882 3881
f 5024 3881 5000
f 5024 5000 3894
f 5024 3894 3893
f 5024 3893 3900
f 5024 3900 5012
f 5024 5012 3851
f 5024 3851 3882
f 5025 3876 3844
f 5025 3844 5018
f 5025 5018 3885
f 5025 3885 3884
f 5025 3884 3891
f 5025 3891 5005
f 5025 5005 3860
f 5025 3860 3876
f 5026 4715 4039
f 5026 4039 5027
f 5026 5027 4014
f 5026 4014 4709
f 5026 4709 3972
f 5026 3972 5028
f 5026 5028 3920
f 5026 3920 4715
f 5029 4718 4033
f 5029 4033 5030
f 5029 5030 4023
f 5029 4023 4703
f 5029 4703 4094
f 5029 4094 5031
f 5029 5031 3896
f 5029 3896 4718
f 5032 3888 3887
f 5032 3887 5033
f 5032 5033 3993
f 5032 3993 4097
f 5032 4097 4008
f 5032 4008 5034
f 5032 5034 3889
f 5032 3889 3888
f 5035 3897 3896
f 5035 3896 5031
f 5035 5031 4094
f 5035 4094 4093
f 5035 4093 4002
f 5035 4002 5036
f 5035 5036 3898
f 5035 3898 3897
f 5037 3906 3905
f 5037 3905 5038
f 5037 5038 3969
f 5037 3969 4091
f 5037 4091 4017
f 5037 4017 5039
f 5037 5039 3907
f 5037 3907 3906
f 5040 4029 3922
f 5040 3922 5041
f 5040 5041 3978
f 5040 3978 4025
f 5040 4025 3996
f 5040 3996 5042
f 5040 5042 3941
f 5040 3941 4029
f 5043 4032 3907
f 5043 3907 5039
f 5043 5039 4017
f 5043 4017 4016
f 5043 4016 4023
f 5043 4023 5030
f 5043 5030 4033
f 5043 4033 4032
f 5044 4038 3889
f 5044 3889 5034
f 5044 5034 4008
f 5044 4008 4007
f 5044 4007 4014
f 5044 4014 5027
f 5044 5027 4039
f 5044 4039 4038
f 5045 3945 3898
f 5045 3898 5036
f 5045 5036 4002
f 5045 4002 4001
f 5045 4001 3981
f 5045 3981 5046
f 5045 5046 3929
f 5045 3929 3945
f 5047 3942 3941
f 5047 3941 5042
f 5047 5042 3996
f 5047 3996 3995
f 5047 3995 3963
f 5047 3963 5048
f 5047 5048 3914
f 5047 3914 3942
f 5049 3936 3931
f 5049 3931 5050
f 5049 5050 3987
f 5049 3987 3989
f 5049 3989 3993
f 5049 3993 5033
f 5049 5033 3887
f 5049 3887 3936
f 5051 3930 3929
f 5051 3929 5046
f 5051 5046 3981
f 5051 3981 3980
f 5051 3980 3987
f 5051 3987 5050
f 5051 5050 3931
f 5051 3931 3930
f 5052 3921 3920
f 5052 3920 5028
f 5052 5028 3972
f 5052 3972 3971
f 5052 3971 3978
f 5052 3978 5041
f 5052 5041 3922
f 5052 3922 3921
f 5053 3915 3914
f 5053 3914 5048
f 5053 5048 3963
f 5053 3963 3962
f 5053 3962 3969
f 5053 3969 5038
f 5053 5038 3905
f 5053 3905 3915
f 5054 5055 5056
f 5054 5056 5057
f 5054 5057 3828
f 5054 3828 4720
f 5054 4720 3879
f 5054 3879 5058
f 5054 5058 5059
f 5054 5059 5055
f 5060 5061 5062
f 5060 5062 5063
f 5060 5063 3864
f 5060 3864 4711
f 5060 4711 3948
f 5060 3948 5064
f 5060 5064 5065
f 5060 5065 5061
f 5066 5067 5068
f 5066 5068 5069
f 5066 5069 3957
f 5066 3957 3959
f 5066 3959 3822
f 5066 3822 5070
f 5066 5070 5071
f 5066 5071 5067
f 5072 5073 5074
f 5072 5074 5075
f 5072 5075 3873
f 5072 3873 3953
f 5072 3953 3957
f 5072 3957 5069
f 5072 5069 5068
f 5072 5068 5073
f 5076 5077 5065
f 5076 5065 5064
f 5076 5064 3948
f 5076 3948 3947
f 5076 3947 3831
f 5076 3831 5078
f 5076 5078 5079
f 5076 5079 5077
f 5080 5081 5059
f 5080 5059 5058
f 5080 5058 3879
f 5080 3879 3878
f 5080 3878 3849
f 5080 3849 5082
f 5080 5082 5083
f 5080 5083 5081
f 5084 5085 5086
f 5084 5086 5087
f 5084 5087 3846
f 5084 3846 3875
f 5084 3875 3858
f 5084 3858 5088
f 5084 5088 5089
f 5084 5089 5085
f 5090 5091 5092
f 5090 5092 5093
f 5090 5093 3837
f 5090 3837 3869
f 5090 3869 3873
f 5090 3873 5075
f 5090 5075 5074
f 5090 5074 5091
f 5094 5095 5096
f 5094 5096 5097
f 5094 5097 3855
f 5094 3855 3866
f 5094 3866 3840
f 5094 3840 5098
f 5094 5098 5099
f 5094 5099 5095
f 5100 5101 5089
f 5100 5089 5088
f 5100 5088 3858
f 5100 3858 3857
f 5100 3857 3864
f 5100 3864 5063
f 5100 5063 5062
f 5100 5062 5101
f 5102 5103 5083
f 5102 5083 5082
f 5102 5082 3849
f 5102 3849 3848
f 5102 3848 3855
f 5102 3855 5097
f 5102 5097 5096
f 5102 5096 5103
f 5104 5105 5099
f 5104 5099 5098
f 5104 5098 3840
f 5104 3840 3839
f 5104 3839 3846
f 5104 3846 5087
f 5104 5087 5086
f 5104 5086 5105
f 5106 5107 5079
f 5106 5079 5078
f 5106 5078 3831
f 5106 3831 3830
f 5106 3830 3837
f 5106 3837 5093
f 5106 5093 5092
f 5106 5092 5107
f 5108 5109 5071
f 5108 5071 5070
f 5108 5070 3822
f 5108 3822 3821
f 5108 3821 3828
f 5108 3828 5057
f 5108 5057 5056
f 5108 5056 5109
f 5110 5111 1293
f 5110 1293 1292
f 5110 1292 1297
f 5110 1297 5112
f 5110 5112 5113
f 5110 5113 5111
f 5114 5115 1300
f 5114 1300 5116
f 5114 5116 5117
f 5114 5117 5118
f 5114 5118 5119
f 5114 5119 5120
f 5114 5120 5121
f 5114 5121 5115
f 5122 5123 5113
f 5122 5113 5112
f 5122 5112 1297
f 5122 1297 1312
f 5122 1312 1311
f 5122 1311 5124
f 5122 5124 5125
f 5122 5125 5123
f 5126 5127 5128
f 5126 5128 5129
f 5126 5129 5130
f 5126 5130 5131
f 5126 5131 5132
f 5126 5132 5133
f 5126 5133 5117
f 5126 5117 5127
f 5134 5135 5136
f 5134 5136 5137
f 5134 5137 5138
f 5134 5138 5139
f 5134 5139 1327
f 5134 1327 1326
f 5134 1326 1325
f 5134 1325 5135
f 5140 1333 1332
f 5140 1332 5141
f 5140 5141 5128
f 5140 5128 5127
f 5140 5127 5117
f 5140 5117 5116
f 5140 5116 1300
f 5140 1300 1333
f 5142 5139 5138
f 5142 5138 5143
f 5142 5143 5144
f 5142 5144 5145
f 5142 5145 1337
f 5142 1337 1336
f 5142 1336 1327
f 5142 1327 5139
f 5146 5147 5148
f 5146 5148 5149
f 5146 5149 5150
f 5146 5150 5151
f 5146 5151 5152
f 5146 5152 5153
f 5146 5153 5154
f 5146 5154 5147
f 5155 5156 5132
f 5155 5132 5157
f 5155 5157 5158
f 5155 5158 5159
f 5155 5159 5160
f 5155 5160 5161
f 5155 5161 5162
f 5155 5162 5156
f 5163 5164 1359
f 5163 1359 5165
f 5163 5165 5166
f 5163 5166 5167
f 5163 5167 5168
f 5163 5168 5164
f 5169 1365 1359
f 5169 1359 5164
f 5169 5164 5168
f 5169 5168 5170
f 5169 5170 1332
f 5169 1332 1365
f 5171 5172 5119
f 5171 5119 5173
f 5171 5173 5162
f 5171 5162 5174
f 5171 5174 5175
f 5171 5175 5176
f 5171 5176 5177
f 5171 5177 5172
f 5178 5118 5117
f 5178 5117 5133
f 5178 5133 5132
f 5178 5132 5156
f 5178 5156 5162
f 5178 5162 5173
f 5178 5173 5119
f 5178 5119 5118
f 5179 5141 1332
f 5179 1332 5170
f 5179 5170 5168
f 5179 5168 5180
f 5179 5180 5130
f 5179 5130 5129
f 5179 5129 5128
f 5179 5128 5141
f 5181 5182 5160
f 5181 5160 5183
f 5181 5183 5184
f 5181 5184 5185
f 5181 5185 5186
f 5181 5186 5187
f 5181 5187 5175
f 5181 5175 5182
f 5188 5159 5158
f 5188 5158 5189
f 5188 5189 5190
f 5188 5190 5191
f 5188 5191 5184
f 5188 5184 5183
f 5188 5183 5160
f 5188 5160 5159
f 5192 5165 1359
f 5192 1359 5193
f 5192 5193 5194
f 5192 5194 5195
f 5192 5195 5196
f 5192 5196 5197
f 5192 5197 5166
f 5192 5166 5165
f 5198 5199 5200
f 5198 5200 5201
f 5198 5201 5202
f 5198 5202 5203
f 5198 5203 5204
f 5198 5204 5205
f 5198 5205 5152
f 5198 5152 5199
f 5206 5174 5162
f 5206 5162 5161
f 5206 5161 5160
f 5206 5160 5182
f 5206 5182 5175
f 5206 5175 5174
f 5207 5180 5168
f 5207 5168 5167
f 5207 5167 5166
f 5207 5166 5208
f 5207 5208 5209
f 5207 5209 5210
f 5207 5210 5130
f 5207 5130 5180
f 5211 5131 5130
f 5211 5130 5210
f 5211 5210 5209
f 5211 5209 5212
f 5211 5212 5158
f 5211 5158 5157
f 5211 5157 5132
f 5211 5132 5131
f 5213 5214 5215
f 5213 5215 5216
f 5213 5216 5217
f 5213 5217 5218
f 5213 5218 5219
f 5213 5219 5220
f 5213 5220 5221
f 5213 5221 5214
f 5222 5223 5224
f 5222 5224 5225
f 5222 5225 5226
f 5222 5226 5227
f 5222 5227 5228
f 5222 5228 5229
f 5222 5229 5194
f 5222 5194 5223
f 5230 5231 5204
f 5230 5204 5232
f 5230 5232 5233
f 5230 5233 5234
f 5230 5234 5235
f 5230 5235 5236
f 5230 5236 5237
f 5230 5237 5231
f 5238 5185 5184
f 5238 5184 5239
f 5238 5239 5240
f 5238 5240 5241
f 5238 5241 5242
f 5238 5242 5243
f 5238 5243 5186
f 5238 5186 5185
f 5244 5208 5166
f 5244 5166 5197
f 5244 5197 5196
f 5244 5196 5245
f 5244 5245 5246
f 5244 5246 5247
f 5244 5247 5209
f 5244 5209 5208
f 5248 5249 5154
f 5248 5154 5250
f 5248 5250 5237
f 5248 5237 5251
f 5248 5251 5215
f 5248 5215 5252
f 5248 5252 5253
f 5248 5253 5249
f 5254 5255 5253
f 5254 5253 5252
f 5254 5252 5215
f 5254 5215 5214
f 5254 5214 5221
f 5254 5221 5256
f 5254 5256 5257
f 5254 5257 5255
f 5258 5153 5152
f 5258 5152 5205
f 5258 5205 5204
f 5258 5204 5231
f 5258 5231 5237
f 5258 5237 5250
f 5258 5250 5154
f 5258 5154 5153
f 5259 5212 5209
f 5259 5209 5247
f 5259 5247 5246
f 5259 5246 5260
f 5259 5260 5190
f 5259 5190 5189
f 5259 5189 5158
f 5259 5158 5212
f 5261 5203 5202
f 5261 5202 5262
f 5261 5262 5263
f 5261 5263 5264
f 5261 5264 5233
f 5261 5233 5232
f 5261 5232 5204
f 5261 5204 5203
f 5265 5266 5186
f 5265 5186 5243
f 5265 5243 5242
f 5265 5242 5267
f 5265 5267 5268
f 5265 5268 5269
f 5265 5269 5270
f 5265 5270 5266
f 5271 5260 5246
f 5271 5246 5272
f 5271 5272 5273
f 5271 5273 5274
f 5271 5274 5275
f 5271 5275 5276
f 5271 5276 5190
f 5271 5190 5260
f 5277 5278 5279
f 5277 5279 5280
f 5277 5280 5281
f 5277 5281 5282
f 5277 5282 5283
f 5277 5283 5284
f 5277 5284 5285
f 5277 5285 5278
f 5286 5287 5288
f 5286 5288 5289
f 5286 5289 5279
f 5286 5279 5278
f 5286 5278 5285
f 5286 5285 5290
f 5286 5290 5291
f 5286 5291 5287
f 5292 1491 1490
f 5292 1490 5293
f 5292 5293 5294
f 5292 5294 5295
f 5292 5295 5296
f 5292 5296 5297
f 5292 5297 1492
f 5292 1492 1491
f 5298 5299 5200
f 5298 5200 5300
f 5298 5300 5301
f 5298 5301 5302
f 5298 5302 5303
f 5298 5303 5304
f 5298 5304 5291
f 5298 5291 5299
f 5305 5306 5307
f 5305 5307 5308
f 5305 5308 5309
f 5305 5309 5310
f 5305 5310 5311
f 5305 5311 5312
f 5305 5312 5177
f 5305 5177 5306
f 5313 5306 5177
f 5313 5177 5176
f 5313 5176 5175
f 5313 5175 5314
f 5313 5314 5307
f 5313 5307 5306
f 5315 5314 5175
f 5315 5175 5187
f 5315 5187 5186
f 5315 5186 5266
f 5315 5266 5270
f 5315 5270 5316
f 5315 5316 5307
f 5315 5307 5314
f 5317 5245 5196
f 5317 5196 5318
f 5317 5318 5319
f 5317 5319 5320
f 5317 5320 5273
f 5317 5273 5272
f 5317 5272 5246
f 5317 5246 5245
f 5321 5322 5285
f 5321 5285 5284
f 5321 5284 5283
f 5321 5283 5323
f 5321 5323 5263
f 5321 5263 5262
f 5321 5262 5202
f 5321 5202 5322
f 5324 5251 5237
f 5324 5237 5236
f 5324 5236 5235
f 5324 5235 5325
f 5324 5325 5217
f 5324 5217 5216
f 5324 5216 5215
f 5324 5215 5251
f 5326 5327 5328
f 5326 5328 5329
f 5326 5329 5330
f 5326 5330 5331
f 5326 5331 5332
f 5326 5332 5333
f 5326 5333 5294
f 5326 5294 5327
f 5334 1536 1535
f 5334 1535 5335
f 5334 5335 5224
f 5334 5224 5223
f 5334 5223 5194
f 5334 5194 5193
f 5334 5193 1359
f 5334 1359 1536
f 5336 1539 1293
f 5336 1293 5337
f 5336 5337 5328
f 5336 5328 5327
f 5336 5327 5294
f 5336 5294 5293
f 5336 5293 1490
f 5336 1490 1539
f 5338 5191 5190
f 5338 5190 5276
f 5338 5276 5275
f 5338 5275 5339
f 5338 5339 5240
f 5338 5240 5239
f 5338 5239 5184
f 5338 5184 5191
f 5340 5195 5194
f 5340 5194 5229
f 5340 5229 5228
f 5340 5228 5341
f 5340 5341 5319
f 5340 5319 5318
f 5340 5318 5196
f 5340 5196 5195
f 5342 5295 5294
f 5342 5294 5333
f 5342 5333 5332
f 5342 5332 5343
f 5342 5343 5344
f 5342 5344 5345
f 5342 5345 5296
f 5342 5296 5295
f 5346 5299 5291
f 5346 5291 5290
f 5346 5290 5285
f 5346 5285 5322
f 5346 5322 5202
f 5346 5202 5201
f 5346 5201 5200
f 5346 5200 5299
f 5347 5151 5150
f 5347 5150 5348
f 5347 5348 5349
f 5347 5349 5350
f 5347 5350 5351
f 5347 5351 5352
f 5347 5352 5152
f 5347 5152 5151
f 5353 5218 5217
f 5353 5217 5354
f 5353 5354 5355
f 5353 5355 5356
f 5353 5356 5357
f 5353 5357 5358
f 5353 5358 5219
f 5353 5219 5218
f 5359 5234 5233
f 5359 5233 5360
f 5359 5360 5361
f 5359 5361 5362
f 5359 5362 5363
f 5359 5363 5364
f 5359 5364 5235
f 5359 5235 5234
f 5365 5323 5283
f 5365 5283 5366
f 5365 5366 5367
f 5365 5367 5368
f 5365 5368 5369
f 5365 5369 5370
f 5365 5370 5263
f 5365 5263 5323
f 5371 5267 5242
f 5371 5242 5372
f 5371 5372 5373
f 5371 5373 5374
f 5371 5374 5375
f 5371 5375 5376
f 5371 5376 5268
f 5371 5268 5267
f 5377 5241 5240
f 5377 5240 5378
f 5377 5378 5379
f 5377 5379 5380
f 5377 5380 5373
f 5377 5373 5372
f 5377 5372 5242
f 5377 5242 5241
f 5381 5264 5263
f 5381 5263 5370
f 5381 5370 5369
f 5381 5369 5382
f 5381 5382 5361
f 5381 5361 5360
f 5381 5360 5233
f 5381 5233 5264
f 5383 5282 5281
f 5383 5281 5384
f 5383 5384 5385
f 5383 5385 5386
f 5383 5386 5367
f 5383 5367 5366
f 5383 5366 5283
f 5383 5283 5282
f 5387 5274 5273
f 5387 5273 5388
f 5387 5388 5389
f 5387 5389 5390
f 5387 5390 5391
f 5387 5391 5392
f 5387 5392 5275
f 5387 5275 5274
f 5393 5343 5332
f 5393 5332 5394
f 5393 5394 5395
f 5393 5395 5396
f 5393 5396 5397
f 5393 5397 5398
f 5393 5398 5344
f 5393 5344 5343
f 5399 5320 5319
f 5399 5319 5400
f 5399 5400 5401
f 5399 5401 5402
f 5399 5402 5389
f 5399 5389 5388
f 5399 5388 5273
f 5399 5273 5320
f 5403 5341 5228
f 5403 5228 5404
f 5403 5404 5405
f 5403 5405 5406
f 5403 5406 5401
f 5403 5401 5400
f 5403 5400 5319
f 5403 5319 5341
f 5407 5325 5235
f 5407 5235 5364
f 5407 5364 5363
f 5407 5363 5408
f 5407 5408 5355
f 5407 5355 5354
f 5407 5354 5217
f 5407 5217 5325
f 5409 5331 5330
f 5409 5330 5410
f 5409 5410 5411
f 5409 5411 5412
f 5409 5412 5395
f 5409 5395 5394
f 5409 5394 5332
f 5409 5332 5331
f 5413 5339 5275
f 5413 5275 5392
f 5413 5392 5391
f 5413 5391 5414
f 5413 5414 5379
f 5413 5379 5378
f 5413 5378 5240
f 5413 5240 5339
f 5415 5227 5226
f 5415 5226 5416
f 5415 5416 5417
f 5415 5417 5418
f 5415 5418 5405
f 5415 5405 5404
f 5415 5404 5228
f 5415 5228 5227
f 5419 5386 5385
f 5419 5385 5420
f 5419 5420 5421
f 5419 5421 5422
f 5419 5422 5423
f 5419 5423 5424
f 5419 5424 5367
f 5419 5367 5386
f 5425 5390 5389
f 5425 5389 5426
f 5425 5426 5427
f 5425 5427 5428
f 5425 5428 5429
f 5425 5429 5430
f 5425 5430 5391
f 5425 5391 5390
f 5431 5396 5395
f 5431 5395 5432
f 5431 5432 5433
f 5431 5433 5434
f 5431 5434 5435
f 5431 5435 5436
f 5431 5436 5397
f 5431 5397 5396
f 5437 5402 5401
f 5437 5401 5438
f 5437 5438 5439
f 5437 5439 5440
f 5437 5440 5427
f 5437 5427 5426
f 5437 5426 5389
f 5437 5389 5402
f 5441 5406 5405
f 5441 5405 5442
f 5441 5442 5443
f 5441 5443 5444
f 5441 5444 5439
f 5441 5439 5438
f 5441 5438 5401
f 5441 5401 5406
f 5445 5408 5363
f 5445 5363 5446
f 5445 5446 5447
f 5445 5447 5448
f 5445 5448 5449
f 5445 5449 5450
f 5445 5450 5355
f 5445 5355 5408
f 5451 5412 5411
f 5451 5411 5452
f 5451 5452 5453
f 5451 5453 5454
f 5451 5454 5433
f 5451 5433 5432
f 5451 5432 5395
f 5451 5395 5412
f 5455 5414 5391
f 5455 5391 5430
f 5455 5430 5429
f 5455 5429 5456
f 5455 5456 5457
f 5455 5457 5458
f 5455 5458 5379
f 5455 5379 5414
f 5459 5418 5417
f 5459 5417 5460
f 5459 5460 5461
f 5459 5461 5462
f 5459 5462 5443
f 5459 5443 5442
f 5459 5442 5405
f 5459 5405 5418
f 5463 5356 5355
f 5463 5355 5450
f 5463 5450 5449
f 5463 5449 5464
f 5463 5464 5465
f 5463 5465 5466
f 5463 5466 5357
f 5463 5357 5356
f 5467 5362 5361
f 5467 5361 5468
f 5467 5468 5469
f 5467 5469 5470
f 5467 5470 5447
f 5467 5447 5446
f 5467 5446 5363
f 5467 5363 5362
f 5471 5368 5367
f 5471 5367 5424
f 5471 5424 5423
f 5471 5423 5472
f 5471 5472 5473
f 5471 5473 5474
f 5471 5474 5369
f 5471 5369 5368
f 5475 5374 5373
f 5475 5373 5476
f 5475 5476 5477
f 5475 5477 5478
f 5475 5478 5479
f 5475 5479 5480
f 5475 5480 5375
f 5475 5375 5374
f 5481 5380 5379
f 5481 5379 5458
f 5481 5458 5457
f 5481 5457 5482
f 5481 5482 5477
f 5481 5477 5476
f 5481 5476 5373
f 5481 5373 5380
f 5483 5382 5369
f 5483 5369 5474
f 5483 5474 5473
f 5483 5473 5484
f 5483 5484 5469
f 5483 5469 5468
f 5483 5468 5361
f 5483 5361 5382
f 5485 5478 5477
f 5485 5477 5486
f 5485 5486 5487
f 5485 5487 5488
f 5485 5488 5489
f 5485 5489 5490
f 5485 5490 5479
f 5485 5479 5478
f 5491 5482 5457
f 5491 5457 5492
f 5491 5492 5493
f 5491 5493 5494
f 5491 5494 5487
f 5491 5487 5486
f 5491 5486 5477
f 5491 5477 5482
f 5495 5464 5449
f 5495 5449 5496
f 5495 5496 5497
f 5495 5497 5498
f 5495 5498 5499
f 5495 5499 5500
f 5495 5500 5465
f 5495 5465 5464
f 5501 5428 5427
f 5501 5427 5502
f 5501 5502 5503
f 5501 5503 5504
f 5501 5504 5505
f 5501 5505 5506
f 5501 5506 5429
f 5501 5429 5428
f 5507 5484 5473
f 5507 5473 5508
f 5507 5508 5509
f 5507 5509 5510
f 5507 5510 5511
f 5507 5511 5512
f 5507 5512 5469
f 5507 5469 5484
f 5513 5422 5421
f 5513 5421 5514
f 5513 5514 5515
f 5513 5515 5516
f 5513 5516 5517
f 5513 5517 5518
f 5513 5518 5423
f 5513 5423 5422
f 5519 5440 5439
f 5519 5439 5520
f 5519 5520 5521
f 5519 5521 5522
f 5519 5522 5503
f 5519 5503 5502
f 5519 5502 5427
f 5519 5427 5440
f 5523 5434 5433
f 5523 5433 5524
f 5523 5524 5525
f 5523 5525 5526
f 5523 5526 5527
f 5523 5527 5528
f 5523 5528 5435
f 5523 5435 5434
f 5529 5444 5443
f 5529 5443 5530
f 5529 5530 5531
f 5529 5531 5532
f 5529 5532 5521
f 5529 5521 5520
f 5529 5520 5439
f 5529 5439 5444
f 5533 5448 5447
f 5533 5447 5534
f 5533 5534 5535
f 5533 5535 5536
f 5533 5536 5497
f 5533 5497 5496
f 5533 5496 5449
f 5533 5449 5448
f 5537 5454 5453
f 5537 5453 5538
f 5537 5538 5539
f 5537 5539 5540
f 5537 5540 5525
f 5537 5525 5524
f 5537 5524 5433
f 5537 5433 5454
f 5541 5542 5465
f 5541 5465 5500
f 5541 5500 5499
f 5541 5499 5543
f 5541 5543 5539
f 5541 5539 5538
f 5541 5538 5453
f 5541 5453 5542
f 5544 5462 5461
f 5544 5461 5545
f 5544 5545 5546
f 5544 5546 5547
f 5544 5547 5531
f 5544 5531 5530
f 5544 5530 5443
f 5544 5443 5462
f 5548 5549 5311
f 5548 5311 5550
f 5548 5550 5551
f 5548 5551 5552
f 5548 5552 5553
f 5548 5553 5554
f 5548 5554 5555
f 5548 5555 5549
f 5556 5310 5309
f 5556 5309 5557
f 5556 5557 5558
f 5556 5558 5559
f 5556 5559 5551
f 5556 5551 5550
f 5556 5550 5311
f 5556 5311 5310
f 5560 5145 5144
f 5560 5144 5561
f 5560 5561 5562
f 5560 5562 5563
f 5560 5563 1765
f 5560 1765 1764
f 5560 1764 1337
f 5560 1337 5145
f 5564 5350 5349
f 5564 5349 5565
f 5564 5565 5566
f 5564 5566 5567
f 5564 5567 5568
f 5564 5568 5569
f 5564 5569 5351
f 5564 5351 5350
f 5570 5571 5288
f 5570 5288 5572
f 5570 5572 5573
f 5570 5573 5574
f 5570 5574 5309
f 5570 5309 5308
f 5570 5308 5307
f 5570 5307 5571
f 5575 5199 5152
f 5575 5152 5352
f 5575 5352 5351
f 5575 5351 5576
f 5575 5576 5301
f 5575 5301 5300
f 5575 5300 5200
f 5575 5200 5199
f 5577 5302 5301
f 5577 5301 5578
f 5577 5578 5579
f 5577 5579 5580
f 5577 5580 5581
f 5577 5581 5582
f 5577 5582 5303
f 5577 5303 5302
f 5583 5576 5351
f 5583 5351 5569
f 5583 5569 5568
f 5583 5568 5584
f 5583 5584 5579
f 5583 5579 5578
f 5583 5578 5301
f 5583 5301 5576
f 5585 5574 5573
f 5585 5573 5586
f 5585 5586 5587
f 5585 5587 5588
f 5585 5588 5558
f 5585 5558 5557
f 5585 5557 5309
f 5585 5309 5574
f 5589 5590 5591
f 5589 5591 5592
f 5589 5592 5593
f 5589 5593 5594
f 5589 5594 5566
f 5589 5566 5565
f 5589 5565 5349
f 5589 5349 5590
f 5595 5456 5429
f 5595 5429 5506
f 5595 5506 5505
f 5595 5505 5596
f 5595 5596 5493
f 5595 5493 5492
f 5595 5492 5457
f 5595 5457 5456
f 5597 5470 5469
f 5597 5469 5512
f 5597 5512 5511
f 5597 5511 5598
f 5597 5598 5535
f 5597 5535 5534
f 5597 5534 5447
f 5597 5447 5470
f 5599 5472 5423
f 5599 5423 5518
f 5599 5518 5517
f 5599 5517 5600
f 5599 5600 5509
f 5599 5509 5508
f 5599 5508 5473
f 5599 5473 5472
f 5601 5602 5357
f 5601 5357 5466
f 5601 5466 5465
f 5601 5465 5542
f 5601 5542 5453
f 5601 5453 5452
f 5601 5452 5411
f 5601 5411 5602
f 5603 5604 5219
f 5603 5219 5358
f 5603 5358 5357
f 5603 5357 5602
f 5603 5602 5411
f 5603 5411 5410
f 5603 5410 5330
f 5603 5330 5604
f 5605 5606 5607
f 5605 5607 5608
f 5605 5608 5591
f 5605 5591 5590
f 5605 5590 5349
f 5605 5349 5348
f 5605 5348 5150
f 5605 5150 5606
f 5609 5610 5221
f 5609 5221 5220
f 5609 5220 5219
f 5609 5219 5604
f 5609 5604 5330
f 5609 5330 5329
f 5609 5329 5328
f 5609 5328 5610
f 5611 5612 5257
f 5611 5257 5256
f 5611 5256 5221
f 5611 5221 5610
f 5611 5610 5328
f 5611 5328 5337
f 5611 5337 1293
f 5611 1293 5612
f 5613 5614 5615
f 5613 5615 5616
f 5613 5616 5607
f 5613 5607 5606
f 5613 5606 5150
f 5613 5150 5149
f 5613 5149 5148
f 5613 5148 5614
f 5617 5618 5177
f 5617 5177 5312
f 5617 5312 5311
f 5617 5311 5549
f 5617 5549 5555
f 5617 5555 5619
f 5617 5619 5620
f 5617 5620 5618
f 5621 5120 5119
f 5621 5119 5172
f 5621 5172 5177
f 5621 5177 5618
f 5621 5618 5620
f 5621 5620 5622
f 5621 5622 5121
f 5621 5121 5120
f 5623 5249 5253
f 5623 5253 5624
f 5623 5624 5625
f 5623 5625 5626
f 5623 5626 5148
f 5623 5148 5147
f 5623 5147 5154
f 5623 5154 5249
f 5627 5628 1300
f 5627 1300 5115
f 5627 5115 5121
f 5627 5121 5629
f 5627 5629 5630
f 5627 5630 5628
f 5631 5255 5257
f 5631 5257 5612
f 5631 5612 1293
f 5631 1293 5632
f 5631 5632 5625
f 5631 5625 5624
f 5631 5624 5253
f 5631 5253 5255
f 5633 5594 5593
f 5633 5593 5634
f 5633 5634 5635
f 5633 5635 5636
f 5633 5636 5637
f 5633 5637 5638
f 5633 5638 5566
f 5633 5566 5594
f 5639 5567 5566
f 5639 5566 5638
f 5639 5638 5637
f 5639 5637 5640
f 5639 5640 5641
f 5639 5641 5642
f 5639 5642 5568
f 5639 5568 5567
f 5643 5580 5579
f 5643 5579 5644
f 5643 5644 5645
f 5643 5645 5646
f 5643 5646 5647
f 5643 5647 5648
f 5643 5648 5581
f 5643 5581 5580
f 5649 5552 5551
f 5649 5551 5650
f 5649 5650 5651
f 5649 5651 5652
f 5649 5652 5653
f 5649 5653 5654
f 5649 5654 5553
f 5649 5553 5552
f 5655 5588 5587
f 5655 5587 5656
f 5655 5656 5657
f 5655 5657 5658
f 5655 5658 5659
f 5655 5659 5660
f 5655 5660 5558
f 5655 5558 5588
f 5661 5584 5568
f 5661 5568 5642
f 5661 5642 5641
f 5661 5641 5662
f 5661 5662 5645
f 5661 5645 5644
f 5661 5644 5579
f 5661 5579 5584
f 5663 5563 5562
f 5663 5562 5664
f 5663 5664 5665
f 5663 5665 5666
f 5663 5666 1870
f 5663 1870 1869
f 5663 1869 1765
f 5663 1765 5563
f 5667 5559 5558
f 5667 5558 5660
f 5667 5660 5659
f 5667 5659 5668
f 5667 5668 5651
f 5667 5651 5650
f 5667 5650 5551
f 5667 5551 5559
f 5669 5668 5659
f 5669 5659 5670
f 5669 5670 5671
f 5669 5671 5672
f 5669 5672 5673
f 5669 5673 5674
f 5669 5674 5651
f 5669 5651 5668
f 5675 5640 5637
f 5675 5637 5676
f 5675 5676 5677
f 5675 5677 5678
f 5675 5678 5679
f 5675 5679 5680
f 5675 5680 5641
f 5675 5641 5640
f 5681 5646 5645
f 5681 5645 5682
f 5681 5682 5683
f 5681 5683 5684
f 5681 5684 5685
f 5681 5685 5686
f 5681 5686 5647
f 5681 5647 5646
f 5687 5652 5651
f 5687 5651 5674
f 5687 5674 5673
f 5687 5673 5688
f 5687 5688 5689
f 5687 5689 5690
f 5687 5690 5653
f 5687 5653 5652
f 5691 5658 5657
f 5691 5657 5692
f 5691 5692 5693
f 5691 5693 5694
f 5691 5694 5671
f 5691 5671 5670
f 5691 5670 5659
f 5691 5659 5658
f 5695 5636 5635
f 5695 5635 5696
f 5695 5696 5697
f 5695 5697 5698
f 5695 5698 5677
f 5695 5677 5676
f 5695 5676 5637
f 5695 5637 5636
f 5699 5662 5641
f 5699 5641 5680
f 5699 5680 5679
f 5699 5679 5700
f 5699 5700 5683
f 5699 5683 5682
f 5699 5682 5645
f 5699 5645 5662
f 5701 5666 5665
f 5701 5665 5702
f 5701 5702 5703
f 5701 5703 5704
f 5701 5704 1910
f 5701 1910 1909
f 5701 1909 1870
f 5701 1870 5666
f 5705 5706 5707
f 5705 5707 5708
f 5705 5708 5709
f 5705 5709 5710
f 5705 5710 5711
f 5705 5711 5712
f 5705 5712 5713
f 5705 5713 5706
f 5714 5715 5716
f 5714 5716 5717
f 5714 5717 5718
f 5714 5718 5719
f 5714 5719 5720
f 5714 5720 5721
f 5714 5721 5722
f 5714 5722 5715
f 5723 5724 5725
f 5723 5725 5726
f 5723 5726 5727
f 5723 5727 5728
f 5723 5728 5729
f 5723 5729 5730
f 5723 5730 5731
f 5723 5731 5724
f 5732 5733 5734
f 5732 5734 5735
f 5732 5735 5736
f 5732 5736 5737
f 5732 5737 1946
f 5732 1946 1945
f 5732 1945 1944
f 5732 1944 5733
f 5738 5739 5722
f 5738 5722 5721
f 5738 5721 5720
f 5738 5720 5740
f 5738 5740 5709
f 5738 5709 5708
f 5738 5708 5707
f 5738 5707 5739
f 5741 5742 5743
f 5741 5743 5744
f 5741 5744 5745
f 5741 5745 5746
f 5741 5746 5727
f 5741 5727 5726
f 5741 5726 5725
f 5741 5725 5742
f 5747 5748 5749
f 5747 5749 5750
f 5747 5750 5751
f 5747 5751 5752
f 5747 5752 5745
f 5747 5745 5744
f 5747 5744 5743
f 5747 5743 5748
f 5753 5754 5731
f 5753 5731 5730
f 5753 5730 5729
f 5753 5729 5755
f 5753 5755 5756
f 5753 5756 5757
f 5753 5757 5758
f 5753 5758 5754
f 5759 5746 5745
f 5759 5745 5760
f 5759 5760 5761
f 5759 5761 5762
f 5759 5762 5763
f 5759 5763 5764
f 5759 5764 5727
f 5759 5727 5746
f 5765 5752 5751
f 5765 5751 5766
f 5765 5766 5767
f 5765 5767 5768
f 5765 5768 5761
f 5765 5761 5760
f 5765 5760 5745
f 5765 5745 5752
f 5769 5710 5709
f 5769 5709 5770
f 5769 5770 5771
f 5769 5771 5772
f 5769 5772 5773
f 5769 5773 5774
f 5769 5774 5711
f 5769 5711 5710
f 5775 5728 5727
f 5775 5727 5764
f 5775 5764 5763
f 5775 5763 5776
f 5775 5776 5777
f 5775 5777 5778
f 5775 5778 5729
f 5775 5729 5728
f 5779 5737 5736
f 5779 5736 5780
f 5779 5780 5781
f 5779 5781 5782
f 5779 5782 1993
f 5779 1993 1992
f 5779 1992 1946
f 5779 1946 5737
f 5783 5772 5771
f 5783 5771 5784
f 5783 5784 5785
f 5783 5785 5786
f 5783 5786 5787
f 5783 5787 5788
f 5783 5788 5773
f 5783 5773 5772
f 5789 5776 5763
f 5789 5763 5790
f 5789 5790 5791
f 5789 5791 5792
f 5789 5792 5793
f 5789 5793 5794
f 5789 5794 5777
f 5789 5777 5776
f 5795 5782 5781
f 5795 5781 5796
f 5795 5796 5797
f 5795 5797 5798
f 5795 5798 2011
f 5795 2011 2010
f 5795 2010 1993
f 5795 1993 5782
f 5799 5762 5761
f 5799 5761 5800
f 5799 5800 5801
f 5799 5801 5802
f 5799 5802 5791
f 5799 5791 5790
f 5799 5790 5763
f 5799 5763 5762
f 5803 5768 5767
f 5803 5767 5804
f 5803 5804 5805
f 5803 5805 5806
f 5803 5806 5801
f 5803 5801 5800
f 5803 5800 5761
f 5803 5761 5768
f 5807 5786 5785
f 5807 5785 5808
f 5807 5808 5809
f 5807 5809 5810
f 5807 5810 5811
f 5807 5811 5812
f 5807 5812 5787
f 5807 5787 5786
f 5813 5792 5791
f 5813 5791 5814
f 5813 5814 5815
f 5813 5815 5816
f 5813 5816 5817
f 5813 5817 5818
f 5813 5818 5793
f 5813 5793 5792
f 5819 5798 5797
f 5819 5797 5820
f 5819 5820 5821
f 5819 5821 5822
f 5819 5822 2037
f 5819 2037 2036
f 5819 2036 2011
f 5819 2011 5798
f 5823 5802 5801
f 5823 5801 5824
f 5823 5824 5825
f 5823 5825 5826
f 5823 5826 5815
f 5823 5815 5814
f 5823 5814 5791
f 5823 5791 5802
f 5827 5806 5805
f 5827 5805 5828
f 5827 5828 5829
f 5827 5829 5830
f 5827 5830 5825
f 5827 5825 5824
f 5827 5824 5801
f 5827 5801 5806
f 5831 5832 5833
f 5831 5833 5834
f 5831 5834 5835
f 5831 5835 5836
f 5831 5836 5837
f 5831 5837 5838
f 5831 5838 5839
f 5831 5839 5832
f 5840 5841 5842
f 5840 5842 5843
f 5840 5843 5844
f 5840 5844 5845
f 5840 5845 2063
f 5840 2063 2062
f 5840 2062 2061
f 5840 2061 5841
f 5846 5847 5848
f 5846 5848 5849
f 5846 5849 5850
f 5846 5850 5851
f 5846 5851 5852
f 5846 5852 5853
f 5846 5853 5854
f 5846 5854 5847
f 5855 5856 5857
f 5855 5857 5858
f 5855 5858 5859
f 5855 5859 5860
f 5855 5860 5835
f 5855 5835 5834
f 5855 5834 5833
f 5855 5833 5856
f 5861 5862 5863
f 5861 5863 5864
f 5861 5864 5865
f 5861 5865 5866
f 5861 5866 5859
f 5861 5859 5858
f 5861 5858 5857
f 5861 5857 5862
f 5867 5868 5839
f 5867 5839 5838
f 5867 5838 5837
f 5867 5837 5869
f 5867 5869 5870
f 5867 5870 5871
f 5867 5871 5872
f 5867 5872 5868
f 5873 5874 5854
f 5873 5854 5853
f 5873 5853 5852
f 5873 5852 5875
f 5873 5875 5876
f 5873 5876 5877
f 5873 5877 5878
f 5873 5878 5874
f 5879 5880 5881
f 5879 5881 5882
f 5879 5882 5883
f 5879 5883 5884
f 5879 5884 5850
f 5879 5850 5849
f 5879 5849 5848
f 5879 5848 5880
f 5885 5836 5835
f 5885 5835 5886
f 5885 5886 5887
f 5885 5887 5888
f 5885 5888 5889
f 5885 5889 5890
f 5885 5890 5837
f 5885 5837 5836
f 5891 5845 5844
f 5891 5844 5892
f 5891 5892 5893
f 5891 5893 5894
f 5891 5894 2114
f 5891 2114 2113
f 5891 2113 2063
f 5891 2063 5845
f 5895 5851 5850
f 5895 5850 5896
f 5895 5896 5897
f 5895 5897 5898
f 5895 5898 5899
f 5895 5899 5900
f 5895 5900 5852
f 5895 5852 5851
f 5901 5866 5865
f 5901 5865 5902
f 5901 5902 5903
f 5901 5903 5904
f 5901 5904 5905
f 5901 5905 5906
f 5901 5906 5859
f 5901 5859 5866
f 5907 5860 5859
f 5907 5859 5906
f 5907 5906 5905
f 5907 5905 5908
f 5907 5908 5887
f 5907 5887 5886
f 5907 5886 5835
f 5907 5835 5860
f 5909 5884 5883
f 5909 5883 5910
f 5909 5910 5911
f 5909 5911 5912
f 5909 5912 5897
f 5909 5897 5896
f 5909 5896 5850
f 5909 5850 5884
f 5913 5869 5837
f 5913 5837 5890
f 5913 5890 5889
f 5913 5889 5914
f 5913 5914 5915
f 5913 5915 5916
f 5913 5916 5870
f 5913 5870 5869
f 5917 5875 5852
f 5917 5852 5900
f 5917 5900 5899
f 5917 5899 5918
f 5917 5918 5919
f 5917 5919 5920
f 5917 5920 5876
f 5917 5876 5875
f 5921 5922 5923
f 5921 5923 5924
f 5921 5924 5925
f 5921 5925 5926
f 5921 5926 5927
f 5921 5927 5928
f 5921 5928 5929
f 5921 5929 5922
f 5930 5488 5487
f 5930 5487 5931
f 5930 5931 5932
f 5930 5932 5933
f 5930 5933 5934
f 5930 5934 5935
f 5930 5935 5489
f 5930 5489 5488
f 5936 5494 5493
f 5936 5493 5937
f 5936 5937 5938
f 5936 5938 5939
f 5936 5939 5932
f 5936 5932 5931
f 5936 5931 5487
f 5936 5487 5494
f 5940 5510 5509
f 5940 5509 5941
f 5940 5941 5942
f 5940 5942 5943
f 5940 5943 5944
f 5940 5944 5945
f 5940 5945 5511
f 5940 5511 5510
f 5946 5516 5515
f 5946 5515 5947
f 5946 5947 5948
f 5946 5948 5949
f 5946 5949 5950
f 5946 5950 5951
f 5946 5951 5517
f 5946 5517 5516
f 5952 5526 5525
f 5952 5525 5953
f 5952 5953 5954
f 5952 5954 5955
f 5952 5955 5956
f 5952 5956 5957
f 5952 5957 5527
f 5952 5527 5526
f 5958 5532 5531
f 5958 5531 5959
f 5958 5959 5960
f 5958 5960 5961
f 5958 5961 5962
f 5958 5962 5963
f 5958 5963 5521
f 5958 5521 5532
f 5964 5536 5535
f 5964 5535 5965
f 5964 5965 5966
f 5964 5966 5967
f 5964 5967 5968
f 5964 5968 5969
f 5964 5969 5497
f 5964 5497 5536
f 5970 5498 5497
f 5970 5497 5969
f 5970 5969 5968
f 5970 5968 5971
f 5970 5971 5972
f 5970 5972 5973
f 5970 5973 5499
f 5970 5499 5498
f 5974 5540 5539
f 5974 5539 5975
f 5974 5975 5976
f 5974 5976 5977
f 5974 5977 5954
f 5974 5954 5953
f 5974 5953 5525
f 5974 5525 5540
f 5978 5543 5499
f 5978 5499 5973
f 5978 5973 5972
f 5978 5972 5979
f 5978 5979 5976
f 5978 5976 5975
f 5978 5975 5539
f 5978 5539 5543
f 5980 5596 5505
f 5980 5505 5981
f 5980 5981 5982
f 5980 5982 5983
f 5980 5983 5938
f 5980 5938 5937
f 5980 5937 5493
f 5980 5493 5596
f 5984 5547 5546
f 5984 5546 5985
f 5984 5985 5986
f 5984 5986 5987
f 5984 5987 5960
f 5984 5960 5959
f 5984 5959 5531
f 5984 5531 5547
f 5988 5504 5503
f 5988 5503 5989
f 5988 5989 5990
f 5988 5990 5991
f 5988 5991 5982
f 5988 5982 5981
f 5988 5981 5505
f 5988 5505 5504
f 5992 5598 5511
f 5992 5511 5945
f 5992 5945 5944
f 5992 5944 5993
f 5992 5993 5966
f 5992 5966 5965
f 5992 5965 5535
f 5992 5535 5598
f 5994 5600 5517
f 5994 5517 5951
f 5994 5951 5950
f 5994 5950 5995
f 5994 5995 5942
f 5994 5942 5941
f 5994 5941 5509
f 5994 5509 5600
f 5996 5522 5521
f 5996 5521 5963
f 5996 5963 5962
f 5996 5962 5997
f 5996 5997 5990
f 5996 5990 5989
f 5996 5989 5503
f 5996 5503 5522
f 5998 5999 6000
f 5998 6000 6001
f 5998 6001 6002
f 5998 6002 6003
f 5998 6003 6004
f 5998 6004 6005
f 5998 6005 6006
f 5998 6006 5999
f 6007 6008 6009
f 6007 6009 6010
f 6007 6010 6011
f 6007 6011 6012
f 6007 6012 6013
f 6007 6013 6014
f 6007 6014 6015
f 6007 6015 6008
f 6016 6017 6018
f 6016 6018 6019
f 6016 6019 6020
f 6016 6020 6021
f 6016 6021 6022
f 6016 6022 6023
f 6016 6023 6024
f 6016 6024 6017
f 6025 6026 6027
f 6025 6027 6028
f 6025 6028 6029
f 6025 6029 6030
f 6025 6030 6020
f 6025 6020 6019
f 6025 6019 6018
f 6025 6018 6026
f 6031 6032 6033
f 6031 6033 6034
f 6031 6034 6035
f 6031 6035 6036
f 6031 6036 6037
f 6031 6037 6038
f 6031 6038 6039
f 6031 6039 6032
f 6040 6041 6006
f 6040 6006 6005
f 6040 6005 6004
f 6040 6004 6042
f 6040 6042 6043
f 6040 6043 6044
f 6040 6044 6045
f 6040 6045 6041
f 6046 6047 6048
f 6046 6048 6049
f 6046 6049 6050
f 6046 6050 6051
f 6046 6051 6002
f 6046 6002 6001
f 6046 6001 6000
f 6046 6000 6047
f 6052 6053 6039
f 6052 6039 6038
f 6052 6038 6037
f 6052 6037 6054
f 6052 6054 6055
f 6052 6055 6056
f 6052 6056 6057
f 6052 6057 6053
f 6058 6059 6045
f 6058 6045 6044
f 6058 6044 6043
f 6058 6043 6060
f 6058 6060 6061
f 6058 6061 6062
f 6058 6062 6063
f 6058 6063 6059
f 6064 6065 6057
f 6064 6057 6056
f 6064 6056 6055
f 6064 6055 6066
f 6064 6066 6067
f 6064 6067 6068
f 6064 6068 6069
f 6064 6069 6065
f 6070 6071 6063
f 6070 6063 6062
f 6070 6062 6061
f 6070 6061 6072
f 6070 6072 6073
f 6070 6073 6074
f 6070 6074 6075
f 6070 6075 6071
f 6076 6077 6078
f 6076 6078 6079
f 6076 6079 6080
f 6076 6080 6081
f 6076 6081 6011
f 6076 6011 6010
f 6076 6010 6009
f 6076 6009 6077
f 6082 6083 6084
f 6082 6084 6085
f 6082 6085 6086
f 6082 6086 6087
f 6082 6087 6029
f 6082 6029 6028
f 6082 6028 6027
f 6082 6027 6083
f 6088 6089 6075
f 6088 6075 6074
f 6088 6074 6073
f 6088 6073 6090
f 6088 6090 6035
f 6088 6035 6034
f 6088 6034 6033
f 6088 6033 6089
f 6091 6092 6093
f 6091 6093 6094
f 6091 6094 6095
f 6091 6095 6096
f 6091 6096 6080
f 6091 6080 6079
f 6091 6079 6078
f 6091 6078 6092
f 6097 6098 6015
f 6097 6015 6014
f 6097 6014 6013
f 6097 6013 6099
f 6097 6099 6086
f 6097 6086 6085
f 6097 6085 6084
f 6097 6084 6098
f 6100 6096 6095
f 6100 6095 6101
f 6100 6101 6102
f 6100 6102 6103
f 6100 6103 6104
f 6100 6104 6105
f 6100 6105 6080
f 6100 6080 6096
f 6106 6060 6043
f 6106 6043 6107
f 6106 6107 6108
f 6106 6108 6109
f 6106 6109 6110
f 6106 6110 6111
f 6106 6111 6061
f 6106 6061 6060
f 6112 6003 6002
f 6112 6002 6113
f 6112 6113 6114
f 6112 6114 6115
f 6112 6115 6116
f 6112 6116 6117
f 6112 6117 6004
f 6112 6004 6003
f 6118 6012 6011
f 6118 6011 6119
f 6118 6119 6120
f 6118 6120 6121
f 6118 6121 6122
f 6118 6122 6123
f 6118 6123 6013
f 6118 6013 6012
f 6124 6030 6029
f 6124 6029 6125
f 6124 6125 6126
f 6124 6126 6127
f 6124 6127 6128
f 6124 6128 6129
f 6124 6129 6020
f 6124 6020 6030
f 6130 6021 6020
f 6130 6020 6129
f 6130 6129 6128
f 6130 6128 6131
f 6130 6131 6132
f 6130 6132 6133
f 6130 6133 6022
f 6130 6022 6021
f 6134 6099 6013
f 6134 6013 6123
f 6134 6123 6122
f 6134 6122 6135
f 6134 6135 6136
f 6134 6136 6137
f 6134 6137 6086
f 6134 6086 6099
f 6138 6051 6050
f 6138 6050 6139
f 6138 6139 6140
f 6138 6140 6141
f 6138 6141 6114
f 6138 6114 6113
f 6138 6113 6002
f 6138 6002 6051
f 6142 6090 6073
f 6142 6073 6143
f 6142 6143 6144
f 6142 6144 6145
f 6142 6145 6146
f 6142 6146 6147
f 6142 6147 6035
f 6142 6035 6090
f 6148 6042 6004
f 6148 6004 6117
f 6148 6117 6116
f 6148 6116 6149
f 6148 6149 6108
f 6148 6108 6107
f 6148 6107 6043
f 6148 6043 6042
f 6150 6066 6055
f 6150 6055 6151
f 6150 6151 6152
f 6150 6152 6153
f 6150 6153 6154
f 6150 6154 6155
f 6150 6155 6067
f 6150 6067 6066
f 6156 6087 6086
f 6156 6086 6137
f 6156 6137 6136
f 6156 6136 6157
f 6156 6157 6126
f 6156 6126 6125
f 6156 6125 6029
f 6156 6029 6087
f 6158 6081 6080
f 6158 6080 6105
f 6158 6105 6104
f 6158 6104 6159
f 6158 6159 6120
f 6158 6120 6119
f 6158 6119 6011
f 6158 6011 6081
f 6160 6072 6061
f 6160 6061 6111
f 6160 6111 6110
f 6160 6110 6161
f 6160 6161 6144
f 6160 6144 6143
f 6160 6143 6073
f 6160 6073 6072
f 6162 6036 6035
f 6162 6035 6147
f 6162 6147 6146
f 6162 6146 6163
f 6162 6163 6164
f 6162 6164 6165
f 6162 6165 6037
f 6162 6037 6036
f 6166 6054 6037
f 6166 6037 6165
f 6166 6165 6164
f 6166 6164 6167
f 6166 6167 6152
f 6166 6152 6151
f 6166 6151 6055
f 6166 6055 6054
f 6168 6135 6122
f 6168 6122 6169
f 6168 6169 6170
f 6168 6170 6171
f 6168 6171 6172
f 6168 6172 6173
f 6168 6173 6136
f 6168 6136 6135
f 6174 6103 6102
f 6174 6102 6175
f 6174 6175 6176
f 6174 6176 6177
f 6174 6177 6178
f 6174 6178 6179
f 6174 6179 6104
f 6174 6104 6103
f 6180 6149 6116
f 6180 6116 6181
f 6180 6181 6182
f 6180 6182 6183
f 6180 6183 6184
f 6180 6184 6185
f 6180 6185 6108
f 6180 6108 6149
f 6186 6115 6114
f 6186 6114 6187
f 6186 6187 6188
f 6186 6188 6189
f 6186 6189 6182
f 6186 6182 6181
f 6186 6181 6116
f 6186 6116 6115
f 6190 6121 6120
f 6190 6120 6191
f 6190 6191 6192
f 6190 6192 6193
f 6190 6193 6170
f 6190 6170 6169
f 6190 6169 6122
f 6190 6122 6121
f 6194 6163 6146
f 6194 6146 6195
f 6194 6195 6196
f 6194 6196 6197
f 6194 6197 6198
f 6194 6198 6199
f 6194 6199 6164
f 6194 6164 6163
f 6200 6131 6128
f 6200 6128 6201
f 6200 6201 6202
f 6200 6202 6203
f 6200 6203 6204
f 6200 6204 6205
f 6200 6205 6132
f 6200 6132 6131
f 6206 6167 6164
f 6206 6164 6199
f 6206 6199 6198
f 6206 6198 6207
f 6206 6207 6208
f 6206 6208 6209
f 6206 6209 6152
f 6206 6152 6167
f 6210 6127 6126
f 6210 6126 6211
f 6210 6211 6212
f 6210 6212 6213
f 6210 6213 6202
f 6210 6202 6201
f 6210 6201 6128
f 6210 6128 6127
f 6214 6141 6140
f 6214 6140 6215
f 6214 6215 6216
f 6214 6216 6217
f 6214 6217 6188
f 6214 6188 6187
f 6214 6187 6114
f 6214 6114 6141
f 6218 6161 6110
f 6218 6110 6219
f 6218 6219 6220
f 6218 6220 6221
f 6218 6221 6222
f 6218 6222 6223
f 6218 6223 6144
f 6218 6144 6161
f 6224 6109 6108
f 6224 6108 6185
f 6224 6185 6184
f 6224 6184 6225
f 6224 6225 6220
f 6224 6220 6219
f 6224 6219 6110
f 6224 6110 6109
f 6226 6153 6152
f 6226 6152 6209
f 6226 6209 6208
f 6226 6208 6227
f 6226 6227 6228
f 6226 6228 6229
f 6226 6229 6154
f 6226 6154 6153
f 6230 6159 6104
f 6230 6104 6179
f 6230 6179 6178
f 6230 6178 6231
f 6230 6231 6192
f 6230 6192 6191
f 6230 6191 6120
f 6230 6120 6159
f 6232 6157 6136
f 6232 6136 6173
f 6232 6173 6172
f 6232 6172 6233
f 6232 6233 6212
f 6232 6212 6211
f 6232 6211 6126
f 6232 6126 6157
f 6234 6145 6144
f 6234 6144 6223
f 6234 6223 6222
f 6234 6222 6235
f 6234 6235 6196
f 6234 6196 6195
f 6234 6195 6146
f 6234 6146 6145
f 6236 6171 6170
f 6236 6170 6237
f 6236 6237 6238
f 6236 6238 6239
f 6236 6239 6240
f 6236 6240 6241
f 6236 6241 6172
f 6236 6172 6171
f 6242 6177 6176
f 6242 6176 6243
f 6242 6243 6244
f 6242 6244 6245
f 6242 6245 6246
f 6242 6246 6247
f 6242 6247 6178
f 6242 6178 6177
f 6248 6235 6222
f 6248 6222 6249
f 6248 6249 6250
f 6248 6250 6251
f 6248 6251 6252
f 6248 6252 6253
f 6248 6253 6196
f 6248 6196 6235
f 6254 6183 6182
f 6254 6182 6255
f 6254 6255 6256
f 6254 6256 6257
f 6254 6257 6258
f 6254 6258 6259
f 6254 6259 6184
f 6254 6184 6183
f 6260 6189 6188
f 6260 6188 6261
f 6260 6261 6262
f 6260 6262 6263
f 6260 6263 6256
f 6260 6256 6255
f 6260 6255 6182
f 6260 6182 6189
f 6264 6193 6192
f 6264 6192 6265
f 6264 6265 6266
f 6264 6266 6267
f 6264 6267 6238
f 6264 6238 6237
f 6264 6237 6170
f 6264 6170 6193
f 6268 6197 6196
f 6268 6196 6253
f 6268 6253 6252
f 6268 6252 6269
f 6268 6269 6270
f 6268 6270 6271
f 6268 6271 6198
f 6268 6198 6197
f 6272 6233 6172
f 6272 6172 6241
f 6272 6241 6240
f 6272 6240 6273
f 6272 6273 6274
f 6272 6274 6275
f 6272 6275 6212
f 6272 6212 6233
f 6276 6203 6202
f 6276 6202 6277
f 6276 6277 6278
f 6276 6278 6279
f 6276 6279 6280
f 6276 6280 6281
f 6276 6281 6204
f 6276 6204 6203
f 6282 6221 6220
f 6282 6220 6283
f 6282 6283 6284
f 6282 6284 6285
f 6282 6285 6250
f 6282 6250 6249
f 6282 6249 6222
f 6282 6222 6221
f 6286 6217 6216
f 6286 6216 6287
f 6286 6287 6288
f 6286 6288 6289
f 6286 6289 6262
f 6286 6262 6261
f 6286 6261 6188
f 6286 6188 6217
f 6290 6207 6198
f 6290 6198 6271
f 6290 6271 6270
f 6290 6270 6291
f 6290 6291 6292
f 6290 6292 6293
f 6290 6293 6208
f 6290 6208 6207
f 6294 6227 6208
f 6294 6208 6293
f 6294 6293 6292
f 6294 6292 6295
f 6294 6295 6296
f 6294 6296 6297
f 6294 6297 6228
f 6294 6228 6227
f 6298 6231 6178
f 6298 6178 6247
f 6298 6247 6246
f 6298 6246 6299
f 6298 6299 6266
f 6298 6266 6265
f 6298 6265 6192
f 6298 6192 6231
f 6300 6225 6184
f 6300 6184 6259
f 6300 6259 6258
f 6300 6258 6301
f 6300 6301 6284
f 6300 6284 6283
f 6300 6283 6220
f 6300 6220 6225
f 6302 6213 6212
f 6302 6212 6275
f 6302 6275 6274
f 6302 6274 6303
f 6302 6303 6278
f 6302 6278 6277
f 6302 6277 6202
f 6302 6202 6213
f 6304 6295 6292
f 6304 6292 6305
f 6304 6305 6306
f 6304 6306 6307
f 6304 6307 6308
f 6304 6308 6309
f 6304 6309 6296
f 6304 6296 6295
f 6310 6269 6252
f 6310 6252 6311
f 6310 6311 5929
f 6310 5929 6312
f 6310 6312 6313
f 6310 6313 6314
f 6310 6314 6270
f 6310 6270 6269
f 6315 6299 6246
f 6315 6246 6316
f 6315 6316 6317
f 6315 6317 6318
f 6315 6318 6319
f 6315 6319 6320
f 6315 6320 6266
f 6315 6266 6299
f 6321 6285 6284
f 6321 6284 6322
f 6321 6322 6323
f 6321 6323 6324
f 6321 6324 5923
f 6321 5923 6325
f 6321 6325 6250
f 6321 6250 6285
f 6326 6291 6270
f 6326 6270 6314
f 6326 6314 6313
f 6326 6313 6327
f 6326 6327 6306
f 6326 6306 6305
f 6326 6305 6292
f 6326 6292 6291
f 6328 6245 6244
f 6328 6244 6329
f 6328 6329 6330
f 6328 6330 6331
f 6328 6331 6317
f 6328 6317 6316
f 6328 6316 6246
f 6328 6246 6245
f 6332 6239 6238
f 6332 6238 6333
f 6332 6333 6334
f 6332 6334 6335
f 6332 6335 6336
f 6332 6336 6337
f 6332 6337 6240
f 6332 6240 6239
f 6338 6301 6258
f 6338 6258 6339
f 6338 6339 6340
f 6338 6340 6341
f 6338 6341 6323
f 6338 6323 6322
f 6338 6322 6284
f 6338 6284 6301
f 6342 6263 6262
f 6342 6262 6343
f 6342 6343 6344
f 6342 6344 6345
f 6342 6345 6346
f 6342 6346 6347
f 6342 6347 6256
f 6342 6256 6263
f 6348 6251 6250
f 6348 6250 6325
f 6348 6325 5923
f 6348 5923 5922
f 6348 5922 5929
f 6348 5929 6311
f 6348 6311 6252
f 6348 6252 6251
f 6349 6267 6266
f 6349 6266 6320
f 6349 6320 6319
f 6349 6319 6350
f 6349 6350 6334
f 6349 6334 6333
f 6349 6333 6238
f 6349 6238 6267
f 6351 6279 6278
f 6351 6278 6352
f 6351 6352 6353
f 6351 6353 6354
f 6351 6354 6355
f 6351 6355 6356
f 6351 6356 6280
f 6351 6280 6279
f 6357 6303 6274
f 6357 6274 6358
f 6357 6358 6359
f 6357 6359 6360
f 6357 6360 6353
f 6357 6353 6352
f 6357 6352 6278
f 6357 6278 6303
f 6361 6273 6240
f 6361 6240 6337
f 6361 6337 6336
f 6361 6336 6362
f 6361 6362 6359
f 6361 6359 6358
f 6361 6358 6274
f 6361 6274 6273
f 6363 6257 6256
f 6363 6256 6347
f 6363 6347 6346
f 6363 6346 6364
f 6363 6364 6340
f 6363 6340 6339
f 6363 6339 6258
f 6363 6258 6257
f 6365 6289 6288
f 6365 6288 6366
f 6365 6366 6367
f 6365 6367 6368
f 6365 6368 6344
f 6365 6344 6343
f 6365 6343 6262
f 6365 6262 6289
f 6369 6370 6371
f 6369 6371 6372
f 6369 6372 6373
f 6369 6373 6374
f 6369 6374 6375
f 6369 6375 6376
f 6369 6376 6346
f 6369 6346 6370
f 6377 6378 6379
f 6377 6379 6380
f 6377 6380 6355
f 6377 6355 6354
f 6377 6354 6353
f 6377 6353 6360
f 6377 6360 6359
f 6377 6359 6378
f 6381 6382 6371
f 6381 6371 6370
f 6381 6370 6346
f 6381 6346 6345
f 6381 6345 6344
f 6381 6344 6383
f 6381 6383 6384
f 6381 6384 6382
f 6385 6386 6387
f 6385 6387 6388
f 6385 6388 6389
f 6385 6389 6390
f 6385 6390 6391
f 6385 6391 6392
f 6385 6392 6393
f 6385 6393 6386
f 6394 6395 6330
f 6394 6330 6396
f 6394 6396 6308
f 6394 6308 6397
f 6394 6397 6389
f 6394 6389 6388
f 6394 6388 6387
f 6394 6387 6395
f 6398 6399 6393
f 6398 6393 6392
f 6398 6392 6391
f 6398 6391 6400
f 6398 6400 6384
f 6398 6384 6401
f 6398 6401 6402
f 6398 6402 6399
f 6403 6362 6336
f 6403 6336 6404
f 6403 6404 6405
f 6403 6405 6406
f 6403 6406 6379
f 6403 6379 6378
f 6403 6378 6359
f 6403 6359 6362
f 6407 6350 6319
f 6407 6319 6318
f 6407 6318 6317
f 6407 6317 6408
f 6407 6408 6409
f 6407 6409 6410
f 6407 6410 6334
f 6407 6334 6350
f 6411 6335 6334
f 6411 6334 6410
f 6411 6410 6409
f 6411 6409 6412
f 6411 6412 6405
f 6411 6405 6404
f 6411 6404 6336
f 6411 6336 6335
f 6413 6414 6402
f 6413 6402 6415
f 6413 6415 6367
f 6413 6367 6416
f 6413 6416 6355
f 6413 6355 6380
f 6413 6380 6379
f 6413 6379 6414
f 6417 6327 6313
f 6417 6313 6418
f 6417 6418 6419
f 6417 6419 6420
f 6417 6420 6421
f 6417 6421 6422
f 6417 6422 6306
f 6417 6306 6327
f 6423 6390 6389
f 6423 6389 6424
f 6423 6424 6425
f 6423 6425 6426
f 6423 6426 6427
f 6423 6427 6428
f 6423 6428 6391
f 6423 6391 6390
f 6429 6397 6308
f 6429 6308 6307
f 6429 6307 6306
f 6429 6306 6430
f 6429 6430 6425
f 6429 6425 6424
f 6429 6424 6389
f 6429 6389 6397
f 6431 6400 6391
f 6431 6391 6428
f 6431 6428 6427
f 6431 6427 6432
f 6431 6432 6371
f 6431 6371 6382
f 6431 6382 6384
f 6431 6384 6400
f 6433 6432 6427
f 6433 6427 6434
f 6433 6434 6435
f 6433 6435 6436
f 6433 6436 6373
f 6433 6373 6372
f 6433 6372 6371
f 6433 6371 6432
f 6437 5914 5889
f 6437 5889 6438
f 6437 6438 6439
f 6437 6439 6440
f 6437 6440 6441
f 6437 6441 6442
f 6437 6442 5915
f 6437 5915 5914
f 6443 5918 5899
f 6443 5899 6444
f 6443 6444 6445
f 6443 6445 6446
f 6443 6446 6447
f 6443 6447 6448
f 6443 6448 5919
f 6443 5919 5918
f 6449 5912 5911
f 6449 5911 6450
f 6449 6450 6451
f 6449 6451 6452
f 6449 6452 6453
f 6449 6453 6454
f 6449 6454 5897
f 6449 5897 5912
f 6455 5888 5887
f 6455 5887 6456
f 6455 6456 6457
f 6455 6457 6458
f 6455 6458 6439
f 6455 6439 6438
f 6455 6438 5889
f 6455 5889 5888
f 6459 5894 5893
f 6459 5893 6460
f 6459 6460 6461
f 6459 6461 6462
f 6459 6462 2684
f 6459 2684 2683
f 6459 2683 2114
f 6459 2114 5894
f 6463 5898 5897
f 6463 5897 6454
f 6463 6454 6453
f 6463 6453 6464
f 6463 6464 6445
f 6463 6445 6444
f 6463 6444 5899
f 6463 5899 5898
f 6465 5904 5903
f 6465 5903 6466
f 6465 6466 6467
f 6465 6467 6468
f 6465 6468 6469
f 6465 6469 6470
f 6465 6470 5905
f 6465 5905 5904
f 6471 5908 5905
f 6471 5905 6470
f 6471 6470 6469
f 6471 6469 6472
f 6471 6472 6457
f 6471 6457 6456
f 6471 6456 5887
f 6471 5887 5908
f 6473 6474 6421
f 6473 6421 6420
f 6473 6420 6419
f 6473 6419 6475
f 6473 6475 5927
f 6473 5927 6476
f 6473 6476 6477
f 6473 6477 6474
f 6478 6436 6435
f 6478 6435 6479
f 6478 6479 5925
f 6478 5925 6480
f 6478 6480 6481
f 6478 6481 6482
f 6478 6482 6373
f 6478 6373 6436
f 6483 6484 6477
f 6483 6477 6476
f 6483 6476 5927
f 6483 5927 5926
f 6483 5926 5925
f 6483 5925 6479
f 6483 6479 6435
f 6483 6435 6484
f 6485 6482 6481
f 6485 6481 6486
f 6485 6486 6487
f 6485 6487 6488
f 6485 6488 6375
f 6485 6375 6374
f 6485 6374 6373
f 6485 6373 6482
f 6489 6364 6346
f 6489 6346 6376
f 6489 6376 6375
f 6489 6375 6488
f 6489 6488 6487
f 6489 6487 6490
f 6489 6490 6340
f 6489 6340 6364
f 6491 6312 5929
f 6491 5929 5928
f 6491 5928 5927
f 6491 5927 6475
f 6491 6475 6419
f 6491 6419 6418
f 6491 6418 6313
f 6491 6313 6312
f 6492 6426 6425
f 6492 6425 6493
f 6492 6493 6477
f 6492 6477 6484
f 6492 6484 6435
f 6492 6435 6434
f 6492 6434 6427
f 6492 6427 6426
f 6494 6430 6306
f 6494 6306 6422
f 6494 6422 6421
f 6494 6421 6474
f 6494 6474 6477
f 6494 6477 6493
f 6494 6493 6425
f 6494 6425 6430
f 6495 6341 6340
f 6495 6340 6490
f 6495 6490 6487
f 6495 6487 6486
f 6495 6486 6481
f 6495 6481 6496
f 6495 6496 6323
f 6495 6323 6341
f 6497 6324 6323
f 6497 6323 6496
f 6497 6496 6481
f 6497 6481 6480
f 6497 6480 5925
f 6497 5925 5924
f 6497 5924 5923
f 6497 5923 6324
f 6498 6499 6500
f 6498 6500 6501
f 6498 6501 6502
f 6498 6502 6503
f 6498 6503 6504
f 6498 6504 6505
f 6498 6505 6506
f 6498 6506 6499
f 6507 6508 6509
f 6507 6509 6510
f 6507 6510 6511
f 6507 6511 6512
f 6507 6512 6513
f 6507 6513 6514
f 6507 6514 6515
f 6507 6515 6508
f 6516 6517 6518
f 6516 6518 6519
f 6516 6519 6520
f 6516 6520 6521
f 6516 6521 6522
f 6516 6522 6523
f 6516 6523 6524
f 6516 6524 6517
f 6525 6526 6527
f 6525 6527 6528
f 6525 6528 6529
f 6525 6529 6530
f 6525 6530 6502
f 6525 6502 6501
f 6525 6501 6500
f 6525 6500 6526
f 6531 6532 6533
f 6531 6533 6534
f 6531 6534 6535
f 6531 6535 6536
f 6531 6536 2761
f 6531 2761 2760
f 6531 2760 2759
f 6531 2759 6532
f 6537 6538 6524
f 6537 6524 6523
f 6537 6523 6522
f 6537 6522 6539
f 6537 6539 6511
f 6537 6511 6510
f 6537 6510 6509
f 6537 6509 6538
f 6540 6541 6542
f 6540 6542 6543
f 6540 6543 6544
f 6540 6544 6545
f 6540 6545 6546
f 6540 6546 6547
f 6540 6547 6548
f 6540 6548 6541
f 6549 6550 6548
f 6549 6548 6547
f 6549 6547 6546
f 6549 6546 6551
f 6549 6551 6529
f 6549 6529 6528
f 6549 6528 6527
f 6549 6527 6550
f 6552 6551 6546
f 6552 6546 6553
f 6552 6553 6554
f 6552 6554 6555
f 6552 6555 6556
f 6552 6556 6557
f 6552 6557 6529
f 6552 6529 6551
f 6558 6503 6502
f 6558 6502 6559
f 6558 6559 6560
f 6558 6560 6561
f 6558 6561 6562
f 6558 6562 6563
f 6558 6563 6504
f 6558 6504 6503
f 6564 6512 6511
f 6564 6511 6565
f 6564 6565 6566
f 6564 6566 6567
f 6564 6567 6568
f 6564 6568 6569
f 6564 6569 6513
f 6564 6513 6512
f 6570 6545 6544
f 6570 6544 6571
f 6570 6571 6572
f 6570 6572 6573
f 6570 6573 6554
f 6570 6554 6553
f 6570 6553 6546
f 6570 6546 6545
f 6574 6530 6529
f 6574 6529 6557
f 6574 6557 6556
f 6574 6556 6575
f 6574 6575 6560
f 6574 6560 6559
f 6574 6559 6502
f 6574 6502 6530
f 6576 6536 6535
f 6576 6535 6577
f 6576 6577 6578
f 6576 6578 6579
f 6576 6579 2806
f 6576 2806 2805
f 6576 2805 2761
f 6576 2761 6536
f 6580 6539 6522
f 6580 6522 6581
f 6580 6581 6582
f 6580 6582 6583
f 6580 6583 6566
f 6580 6566 6565
f 6580 6565 6511
f 6580 6511 6539
f 6584 6521 6520
f 6584 6520 6585
f 6584 6585 6586
f 6584 6586 6587
f 6584 6587 6582
f 6584 6582 6581
f 6584 6581 6522
f 6584 6522 6521
f 6588 6587 6586
f 6588 6586 6589
f 6588 6589 6590
f 6588 6590 6591
f 6588 6591 6592
f 6588 6592 6593
f 6588 6593 6582
f 6588 6582 6587
f 6594 6575 6556
f 6594 6556 6595
f 6594 6595 6596
f 6594 6596 6597
f 6594 6597 6598
f 6594 6598 6599
f 6594 6599 6560
f 6594 6560 6575
f 6600 6579 6578
f 6600 6578 6601
f 6600 6601 6602
f 6600 6602 6603
f 6600 6603 2832
f 6600 2832 2831
f 6600 2831 2806
f 6600 2806 6579
f 6604 6583 6582
f 6604 6582 6593
f 6604 6593 6592
f 6604 6592 6605
f 6604 6605 6606
f 6604 6606 6607
f 6604 6607 6566
f 6604 6566 6583
f 6608 6573 6572
f 6608 6572 6609
f 6608 6609 6610
f 6608 6610 6611
f 6608 6611 6612
f 6608 6612 6613
f 6608 6613 6554
f 6608 6554 6573
f 6614 6555 6554
f 6614 6554 6613
f 6614 6613 6612
f 6614 6612 6615
f 6614 6615 6596
f 6614 6596 6595
f 6614 6595 6556
f 6614 6556 6555
f 6616 6561 6560
f 6616 6560 6599
f 6616 6599 6598
f 6616 6598 6617
f 6616 6617 6618
f 6616 6618 6619
f 6616 6619 6562
f 6616 6562 6561
f 6620 6567 6566
f 6620 6566 6607
f 6620 6607 6606
f 6620 6606 6621
f 6620 6621 6622
f 6620 6622 6623
f 6620 6623 6568
f 6620 6568 6567
f 6624 6611 6610
f 6624 6610 6625
f 6624 6625 6626
f 6624 6626 6627
f 6624 6627 6628
f 6624 6628 6629
f 6624 6629 6612
f 6624 6612 6611
f 6630 6597 6596
f 6630 6596 6631
f 6630 6631 6632
f 6630 6632 6633
f 6630 6633 6634
f 6630 6634 6635
f 6630 6635 6598
f 6630 6598 6597
f 6636 6603 6602
f 6636 6602 6637
f 6636 6637 6638
f 6636 6638 6639
f 6636 6639 2870
f 6636 2870 2869
f 6636 2869 2832
f 6636 2832 6603
f 6640 6605 6592
f 6640 6592 6641
f 6640 6641 6642
f 6640 6642 6643
f 6640 6643 6644
f 6640 6644 6645
f 6640 6645 6606
f 6640 6606 6605
f 6646 6615 6612
f 6646 6612 6629
f 6646 6629 6628
f 6646 6628 6647
f 6646 6647 6632
f 6646 6632 6631
f 6646 6631 6596
f 6646 6596 6615
f 6648 6591 6590
f 6648 6590 6649
f 6648 6649 6650
f 6648 6650 6651
f 6648 6651 6642
f 6648 6642 6641
f 6648 6641 6592
f 6648 6592 6591
f 6652 6617 6598
f 6652 6598 6635
f 6652 6635 6634
f 6652 6634 6653
f 6652 6653 6654
f 6652 6654 6655
f 6652 6655 6618
f 6652 6618 6617
f 6656 6621 6606
f 6656 6606 6645
f 6656 6645 6644
f 6656 6644 6657
f 6656 6657 6658
f 6656 6658 6659
f 6656 6659 6622
f 6656 6622 6621
f 6660 6661 6662
f 6660 6662 6663
f 6660 6663 6664
f 6660 6664 6665
f 6660 6665 2899
f 6660 2899 2898
f 6660 2898 2897
f 6660 2897 6661
f 6666 6667 6668
f 6666 6668 6669
f 6666 6669 6670
f 6666 6670 6671
f 6666 6671 2908
f 6666 2908 2907
f 6666 2907 2906
f 6666 2906 6667
f 6672 6639 6638
f 6672 6638 6673
f 6672 6673 6674
f 6672 6674 6675
f 6672 6675 2914
f 6672 2914 2913
f 6672 2913 2870
f 6672 2870 6639
f 6676 6671 6670
f 6676 6670 6677
f 6676 6677 6662
f 6676 6662 6661
f 6676 6661 2897
f 6676 2897 2919
f 6676 2919 2908
f 6676 2908 6671
f 6678 6679 6654
f 6678 6654 6653
f 6678 6653 6634
f 6678 6634 6680
f 6678 6680 6681
f 6678 6681 6682
f 6678 6682 6683
f 6678 6683 6679
f 6684 6657 6644
f 6684 6644 6643
f 6684 6643 6642
f 6684 6642 6685
f 6684 6685 6686
f 6684 6686 6687
f 6684 6687 6658
f 6684 6658 6657
f 6688 6689 6650
f 6688 6650 6690
f 6688 6690 6654
f 6688 6654 6679
f 6688 6679 6683
f 6688 6683 6691
f 6688 6691 6692
f 6688 6692 6689
f 6693 6680 6634
f 6693 6634 6633
f 6693 6633 6632
f 6693 6632 6647
f 6693 6647 6628
f 6693 6628 6694
f 6693 6694 6681
f 6693 6681 6680
f 6695 6685 6642
f 6695 6642 6651
f 6695 6651 6650
f 6695 6650 6689
f 6695 6689 6692
f 6695 6692 6696
f 6695 6696 6686
f 6695 6686 6685
f 6697 6675 6674
f 6697 6674 6698
f 6697 6698 6668
f 6697 6668 6667
f 6697 6667 2906
f 6697 2906 2941
f 6697 2941 2914
f 6697 2914 6675
f 6699 6700 6618
f 6699 6618 6655
f 6699 6655 6654
f 6699 6654 6690
f 6699 6690 6650
f 6699 6650 6649
f 6699 6649 6590
f 6699 6590 6700
f 6701 6702 6562
f 6701 6562 6619
f 6701 6619 6618
f 6701 6618 6700
f 6701 6700 6590
f 6701 6590 6589
f 6701 6589 6586
f 6701 6586 6702
f 6703 6704 6504
f 6703 6504 6563
f 6703 6563 6562
f 6703 6562 6702
f 6703 6702 6586
f 6703 6586 6585
f 6703 6585 6520
f 6703 6520 6704
f 6705 6706 6506
f 6705 6506 6505
f 6705 6505 6504
f 6705 6504 6704
f 6705 6704 6520
f 6705 6520 6519
f 6705 6519 6518
f 6705 6518 6706
f 6707 6708 5915
f 6707 5915 6442
f 6707 6442 6441
f 6707 6441 6709
f 6707 6709 6451
f 6707 6451 6450
f 6707 6450 5911
f 6707 5911 6708
f 6710 6401 6384
f 6710 6384 6383
f 6710 6383 6344
f 6710 6344 6368
f 6710 6368 6367
f 6710 6367 6415
f 6710 6415 6402
f 6710 6402 6401
f 6711 6406 6405
f 6711 6405 6712
f 6711 6712 6393
f 6711 6393 6399
f 6711 6399 6402
f 6711 6402 6414
f 6711 6414 6379
f 6711 6379 6406
f 6713 6408 6317
f 6713 6317 6331
f 6713 6331 6330
f 6713 6330 6395
f 6713 6395 6387
f 6713 6387 6714
f 6713 6714 6409
f 6713 6409 6408
f 6715 6412 6409
f 6715 6409 6714
f 6715 6714 6387
f 6715 6387 6386
f 6715 6386 6393
f 6715 6393 6712
f 6715 6712 6405
f 6715 6405 6412
f 6716 6717 6280
f 6716 6280 6356
f 6716 6356 6355
f 6716 6355 6416
f 6716 6416 6367
f 6716 6367 6366
f 6716 6366 6288
f 6716 6288 6717
f 6718 6719 6296
f 6718 6296 6309
f 6718 6309 6308
f 6718 6308 6396
f 6718 6396 6330
f 6718 6330 6329
f 6718 6329 6244
f 6718 6244 6719
f 6720 6721 6204
f 6720 6204 6281
f 6720 6281 6280
f 6720 6280 6717
f 6720 6717 6288
f 6720 6288 6287
f 6720 6287 6216
f 6720 6216 6721
f 6722 6723 6228
f 6722 6228 6297
f 6722 6297 6296
f 6722 6296 6719
f 6722 6719 6244
f 6722 6244 6243
f 6722 6243 6176
f 6722 6176 6723
f 6724 6725 6132
f 6724 6132 6205
f 6724 6205 6204
f 6724 6204 6721
f 6724 6721 6216
f 6724 6216 6215
f 6724 6215 6140
f 6724 6140 6725
f 6726 6727 6154
f 6726 6154 6229
f 6726 6229 6228
f 6726 6228 6723
f 6726 6723 6176
f 6726 6176 6175
f 6726 6175 6102
f 6726 6102 6727
f 6728 6729 6022
f 6728 6022 6133
f 6728 6133 6132
f 6728 6132 6725
f 6728 6725 6140
f 6728 6140 6139
f 6728 6139 6050
f 6728 6050 6729
f 6730 6731 6067
f 6730 6067 6155
f 6730 6155 6154
f 6730 6154 6727
f 6730 6727 6102
f 6730 6102 6101
f 6730 6101 6095
f 6730 6095 6731
f 6732 6733 6069
f 6732 6069 6068
f 6732 6068 6067
f 6732 6067 6731
f 6732 6731 6095
f 6732 6095 6094
f 6732 6094 6093
f 6732 6093 6733
f 6734 6735 6024
f 6734 6024 6023
f 6734 6023 6022
f 6734 6022 6729
f 6734 6729 6050
f 6734 6050 6049
f 6734 6049 6048
f 6734 6048 6735
f 6736 6737 5527
f 6736 5527 5957
f 6736 5957 5956
f 6736 5956 6738
f 6736 6738 5986
f 6736 5986 5985
f 6736 5985 5546
f 6736 5546 6737
f 6739 6740 5489
f 6739 5489 5935
f 6739 5935 5934
f 6739 5934 6741
f 6739 6741 5948
f 6739 5948 5947
f 6739 5947 5515
f 6739 5515 6740
f 6742 6743 5870
f 6742 5870 5916
f 6742 5916 5915
f 6742 5915 6708
f 6742 6708 5911
f 6742 5911 5910
f 6742 5910 5883
f 6742 5883 6743
f 6744 6745 5872
f 6744 5872 5871
f 6744 5871 5870
f 6744 5870 6743
f 6744 6743 5883
f 6744 5883 5882
f 6744 5882 5881
f 6744 5881 6745
f 6746 6747 5758
f 6746 5758 5757
f 6746 5757 5756
f 6746 5756 6748
f 6746 6748 5718
f 6746 5718 5717
f 6746 5717 5716
f 6746 5716 6747
f 6749 6750 5647
f 6749 5647 5686
f 6749 5686 5685
f 6749 5685 6751
f 6749 6751 5693
f 6749 5693 5692
f 6749 5692 5657
f 6749 5657 6750
f 6752 6753 5581
f 6752 5581 5648
f 6752 5648 5647
f 6752 5647 6750
f 6752 6750 5657
f 6752 5657 5656
f 6752 5656 5587
f 6752 5587 6753
f 6754 6755 5303
f 6754 5303 5582
f 6754 5582 5581
f 6754 5581 6753
f 6754 6753 5587
f 6754 5587 5586
f 6754 5586 5573
f 6754 5573 6755
f 6756 5287 5291
f 6756 5291 5304
f 6756 5304 5303
f 6756 5303 6755
f 6756 6755 5573
f 6756 5573 5572
f 6756 5572 5288
f 6756 5288 5287
f 6757 6758 5435
f 6757 5435 5528
f 6757 5528 5527
f 6757 5527 6737
f 6757 6737 5546
f 6757 5546 5545
f 6757 5545 5461
f 6757 5461 6758
f 6759 6760 5479
f 6759 5479 5490
f 6759 5490 5489
f 6759 5489 6740
f 6759 6740 5515
f 6759 5515 5514
f 6759 5514 5421
f 6759 5421 6760
f 6761 6762 5397
f 6761 5397 5436
f 6761 5436 5435
f 6761 5435 6758
f 6761 6758 5461
f 6761 5461 5460
f 6761 5460 5417
f 6761 5417 6762
f 6763 6764 5375
f 6763 5375 5480
f 6763 5480 5479
f 6763 5479 6760
f 6763 6760 5421
f 6763 5421 5420
f 6763 5420 5385
f 6763 5385 6764
f 6765 6766 5344
f 6765 5344 5398
f 6765 5398 5397
f 6765 5397 6762
f 6765 6762 5417
f 6765 5417 5416
f 6765 5416 5226
f 6765 5226 6766
f 6767 6768 5268
f 6767 5268 5376
f 6767 5376 5375
f 6767 5375 6764
f 6767 6764 5385
f 6767 5385 5384
f 6767 5384 5281
f 6767 5281 6768
f 6769 3013 1492
f 6769 1492 5297
f 6769 5297 5296
f 6769 5296 6770
f 6769 6770 5224
f 6769 5224 5335
f 6769 5335 1535
f 6769 1535 3013
f 6771 5571 5307
f 6771 5307 5316
f 6771 5316 5270
f 6771 5270 6772
f 6771 6772 5279
f 6771 5279 5289
f 6771 5289 5288
f 6771 5288 5571
f 6773 6772 5270
f 6773 5270 5269
f 6773 5269 5268
f 6773 5268 6768
f 6773 6768 5281
f 6773 5281 5280
f 6773 5280 5279
f 6773 5279 6772
f 6774 6770 5296
f 6774 5296 5345
f 6774 5345 5344
f 6774 5344 6766
f 6774 6766 5226
f 6774 5226 5225
f 6774 5225 5224
f 6774 5224 6770
f 6775 6751 5685
f 6775 5685 6776
f 6775 6776 5758
f 6775 5758 6747
f 6775 6747 5716
f 6775 5716 6777
f 6775 6777 5693
f 6775 5693 6751
f 6778 5684 5683
f 6778 5683 6779
f 6778 6779 5731
f 6778 5731 5754
f 6778 5754 5758
f 6778 5758 6776
f 6778 6776 5685
f 6778 5685 5684
f 6780 5698 5697
f 6780 5697 6781
f 6780 6781 5749
f 6780 5749 5748
f 6780 5748 5743
f 6780 5743 6782
f 6780 6782 5677
f 6780 5677 5698
f 6783 5678 5677
f 6783 5677 6782
f 6783 6782 5743
f 6783 5743 5742
f 6783 5742 5725
f 6783 5725 6784
f 6783 6784 5679
f 6783 5679 5678
f 6785 5672 5671
f 6785 5671 6786
f 6785 6786 5722
f 6785 5722 5739
f 6785 5739 5707
f 6785 5707 6787
f 6785 6787 5673
f 6785 5673 5672
f 6788 5704 5703
f 6788 5703 6789
f 6788 6789 5734
f 6788 5734 5733
f 6788 5733 1944
f 6788 1944 3034
f 6788 3034 1910
f 6788 1910 5704
f 6790 5700 5679
f 6790 5679 6784
f 6790 6784 5725
f 6790 5725 5724
f 6790 5724 5731
f 6790 5731 6779
f 6790 6779 5683
f 6790 5683 5700
f 6791 5694 5693
f 6791 5693 6777
f 6791 6777 5716
f 6791 5716 5715
f 6791 5715 5722
f 6791 5722 6786
f 6791 6786 5671
f 6791 5671 5694
f 6792 5688 5673
f 6792 5673 6787
f 6792 6787 5707
f 6792 5707 5706
f 6792 5706 5713
f 6792 5713 6793
f 6792 6793 5689
f 6792 5689 5688
f 6794 6795 6796
f 6794 6796 6797
f 6794 6797 6798
f 6794 6798 6799
f 6794 6799 5734
f 6794 5734 6789
f 6794 6789 5703
f 6794 5703 6795
f 6800 6801 3047
f 6800 3047 3046
f 6800 3046 3053
f 6800 3053 6802
f 6800 6802 6803
f 6800 6803 6804
f 6800 6804 6805
f 6800 6805 6801
f 6806 6807 6808
f 6806 6808 6809
f 6806 6809 6810
f 6806 6810 6811
f 6806 6811 6668
f 6806 6668 6698
f 6806 6698 6674
f 6806 6674 6807
f 6812 6813 6814
f 6812 6814 6815
f 6812 6815 6816
f 6812 6816 6817
f 6812 6817 6662
f 6812 6662 6677
f 6812 6677 6670
f 6812 6670 6813
f 6818 6819 6820
f 6818 6820 6821
f 6818 6821 6808
f 6818 6808 6807
f 6818 6807 6674
f 6818 6674 6673
f 6818 6673 6638
f 6818 6638 6819
f 6822 6811 6810
f 6822 6810 6823
f 6822 6823 6814
f 6822 6814 6813
f 6822 6813 6670
f 6822 6670 6669
f 6822 6669 6668
f 6822 6668 6811
f 6824 6817 6816
f 6824 6816 6825
f 6824 6825 6626
f 6824 6626 6826
f 6824 6826 6664
f 6824 6664 6663
f 6824 6663 6662
f 6824 6662 6817
f 6827 6828 6829
f 6827 6829 6830
f 6827 6830 6820
f 6827 6820 6819
f 6827 6819 6638
f 6827 6638 6637
f 6827 6637 6602
f 6827 6602 6828
f 6831 6832 3081
f 6831 3081 3080
f 6831 3080 2899
f 6831 2899 6665
f 6831 6665 6664
f 6831 6664 6833
f 6831 6833 6834
f 6831 6834 6832
f 6835 6836 3087
f 6835 3087 3086
f 6835 3086 3081
f 6835 3081 6832
f 6835 6832 6834
f 6835 6834 6837
f 6835 6837 6838
f 6835 6838 6836
f 6839 6840 6841
f 6839 6841 6842
f 6839 6842 6829
f 6839 6829 6828
f 6839 6828 6602
f 6839 6602 6601
f 6839 6601 6578
f 6839 6578 6840
f 6843 6844 6845
f 6843 6845 6846
f 6843 6846 6841
f 6843 6841 6840
f 6843 6840 6578
f 6843 6578 6577
f 6843 6577 6535
f 6843 6535 6844
f 6847 6848 3101
f 6847 3101 3100
f 6847 3100 3087
f 6847 3087 6836
f 6847 6836 6838
f 6847 6838 6849
f 6847 6849 6850
f 6847 6850 6848
f 6851 6852 3107
f 6851 3107 3106
f 6851 3106 3101
f 6851 3101 6848
f 6851 6848 6850
f 6851 6850 6853
f 6851 6853 6854
f 6851 6854 6852
f 6855 6856 6857
f 6855 6857 6858
f 6855 6858 6845
f 6855 6845 6844
f 6855 6844 6535
f 6855 6535 6534
f 6855 6534 6533
f 6855 6533 6856
f 6859 6860 3117
f 6859 3117 3116
f 6859 3116 3123
f 6859 3123 6861
f 6859 6861 6862
f 6859 6862 6863
f 6859 6863 6864
f 6859 6864 6860
f 6865 6866 6867
f 6865 6867 6868
f 6865 6868 6869
f 6865 6869 6870
f 6865 6870 6461
f 6865 6461 6460
f 6865 6460 5893
f 6865 5893 6866
f 6871 6872 3132
f 6871 3132 3131
f 6871 3131 3117
f 6871 3117 6860
f 6871 6860 6864
f 6871 6864 6873
f 6871 6873 6874
f 6871 6874 6872
f 6875 6876 6877
f 6875 6877 6878
f 6875 6878 6867
f 6875 6867 6866
f 6875 6866 5893
f 6875 5893 5892
f 6875 5892 5844
f 6875 5844 6876
f 6879 6880 3142
f 6879 3142 3141
f 6879 3141 3132
f 6879 3132 6872
f 6879 6872 6874
f 6879 6874 6881
f 6879 6881 6882
f 6879 6882 6880
f 6883 6884 6885
f 6883 6885 6886
f 6883 6886 6877
f 6883 6877 6876
f 6883 6876 5844
f 6883 5844 5843
f 6883 5843 5842
f 6883 5842 6884
f 6887 6888 3152
f 6887 3152 3151
f 6887 3151 3158
f 6887 3158 6889
f 6887 6889 6890
f 6887 6890 6891
f 6887 6891 6892
f 6887 6892 6888
f 6893 6894 6895
f 6893 6895 6896
f 6893 6896 6897
f 6893 6897 6898
f 6893 6898 5821
f 6893 5821 5820
f 6893 5820 5797
f 6893 5797 6894
f 6899 6900 3167
f 6899 3167 3166
f 6899 3166 3152
f 6899 3152 6888
f 6899 6888 6892
f 6899 6892 6901
f 6899 6901 6902
f 6899 6902 6900
f 6903 6904 6905
f 6903 6905 6906
f 6903 6906 6895
f 6903 6895 6894
f 6903 6894 5797
f 6903 5797 5796
f 6903 5796 5781
f 6903 5781 6904
f 6907 6908 6909
f 6907 6909 6910
f 6907 6910 6905
f 6907 6905 6904
f 6907 6904 5781
f 6907 5781 5780
f 6907 5780 5736
f 6907 5736 6908
f 6911 6912 3181
f 6911 3181 3180
f 6911 3180 3167
f 6911 3167 6900
f 6911 6900 6902
f 6911 6902 6913
f 6911 6913 6914
f 6911 6914 6912
f 6915 6802 3053
f 6915 3053 3186
f 6915 3186 3181
f 6915 3181 6912
f 6915 6912 6914
f 6915 6914 6916
f 6915 6916 6803
f 6915 6803 6802
f 6917 6799 6798
f 6917 6798 6918
f 6917 6918 6909
f 6917 6909 6908
f 6917 6908 5736
f 6917 5736 5735
f 6917 5735 5734
f 6917 5734 6799
f 6919 6920 6921
f 6919 6921 6922
f 6919 6922 6796
f 6919 6796 6795
f 6919 6795 5703
f 6919 5703 5702
f 6919 5702 5665
f 6919 5665 6920
f 6923 6924 3196
f 6923 3196 3195
f 6923 3195 3047
f 6923 3047 6801
f 6923 6801 6805
f 6923 6805 6925
f 6923 6925 6926
f 6923 6926 6924
f 6927 6928 6929
f 6927 6929 6930
f 6927 6930 6921
f 6927 6921 6920
f 6927 6920 5665
f 6927 5665 5664
f 6927 5664 5562
f 6927 5562 6928
f 6931 6932 3206
f 6931 3206 3205
f 6931 3205 3196
f 6931 3196 6924
f 6931 6924 6926
f 6931 6926 6933
f 6931 6933 6934
f 6931 6934 6932
f 6935 3212 1300
f 6935 1300 6936
f 6935 6936 5136
f 6935 5136 5135
f 6935 5135 1325
f 6935 1325 3212
f 6937 5124 1311
f 6937 1311 3214
f 6937 3214 3218
f 6937 3218 6938
f 6937 6938 6939
f 6937 6939 6940
f 6937 6940 5125
f 6937 5125 5124
f 6941 6938 3218
f 6941 3218 3220
f 6941 3220 3224
f 6941 3224 6942
f 6941 6942 6943
f 6941 6943 6944
f 6941 6944 6939
f 6941 6939 6938
f 6945 6942 3224
f 6945 3224 3226
f 6945 3226 3206
f 6945 3206 6932
f 6945 6932 6934
f 6945 6934 6946
f 6945 6946 6943
f 6945 6943 6942
f 6947 6948 6949
f 6947 6949 6950
f 6947 6950 6929
f 6947 6929 6928
f 6947 6928 5562
f 6947 5562 5561
f 6947 5561 5144
f 6947 5144 6948
f 6951 6952 6953
f 6951 6953 6954
f 6951 6954 6949
f 6951 6949 6948
f 6951 6948 5144
f 6951 5144 5143
f 6951 5143 5138
f 6951 5138 6952
f 6955 6956 5630
f 6955 5630 6957
f 6955 6957 6953
f 6955 6953 6952
f 6955 6952 5138
f 6955 5138 5137
f 6955 5137 5136
f 6955 5136 6956
f 6958 6959 6960
f 6958 6960 6961
f 6958 6961 5113
f 6958 5113 5123
f 6958 5123 5125
f 6958 5125 6962
f 6958 6962 5615
f 6958 5615 6959
f 6963 6964 1293
f 6963 1293 5111
f 6963 5111 5113
f 6963 5113 6961
f 6963 6961 6960
f 6963 6960 6964
f 6965 6966 5809
f 6965 5809 6967
f 6965 6967 6968
f 6965 6968 6969
f 6965 6969 6970
f 6965 6970 6971
f 6965 6971 6972
f 6965 6972 6966
f 6973 5740 5720
f 6973 5720 6974
f 6973 6974 6975
f 6973 6975 6976
f 6973 6976 6977
f 6973 6977 6978
f 6973 6978 5709
f 6973 5709 5740
f 6979 5794 5793
f 6979 5793 6980
f 6979 6980 6981
f 6979 6981 6982
f 6979 6982 6983
f 6979 6983 6984
f 6979 6984 5777
f 6979 5777 5794
f 6985 6986 6987
f 6985 6987 6988
f 6985 6988 6989
f 6985 6989 6990
f 6985 6990 6991
f 6985 6991 6992
f 6985 6992 5817
f 6985 5817 6986
f 6993 5755 5729
f 6993 5729 6994
f 6993 6994 6995
f 6993 6995 6996
f 6993 6996 6997
f 6993 6997 6998
f 6993 6998 5756
f 6993 5756 5755
f 6999 5818 5817
f 6999 5817 6992
f 6999 6992 6991
f 6999 6991 7000
f 6999 7000 6981
f 6999 6981 6980
f 6999 6980 5793
f 6999 5793 5818
f 7001 5770 5709
f 7001 5709 6978
f 7001 6978 6977
f 7001 6977 7002
f 7001 7002 7003
f 7001 7003 7004
f 7001 7004 5771
f 7001 5771 5770
f 7005 5778 5777
f 7005 5777 6984
f 7005 6984 6983
f 7005 6983 7006
f 7005 7006 6995
f 7005 6995 6994
f 7005 6994 5729
f 7005 5729 5778
f 7007 7008 7009
f 7007 7009 7010
f 7007 7010 7011
f 7007 7011 7012
f 7007 7012 6989
f 7007 6989 6988
f 7007 6988 6987
f 7007 6987 7008
f 7013 5719 5718
f 7013 5718 7014
f 7013 7014 7015
f 7013 7015 7016
f 7013 7016 6975
f 7013 6975 6974
f 7013 6974 5720
f 7013 5720 5719
f 7017 5784 5771
f 7017 5771 7004
f 7017 7004 7003
f 7017 7003 7018
f 7017 7018 7019
f 7017 7019 7020
f 7017 7020 5785
f 7017 5785 5784
f 7021 5808 5785
f 7021 5785 7020
f 7021 7020 7019
f 7021 7019 7022
f 7021 7022 6968
f 7021 6968 6967
f 7021 6967 5809
f 7021 5809 5808
f 7023 6748 5756
f 7023 5756 6998
f 7023 6998 6997
f 7023 6997 7024
f 7023 7024 7015
f 7023 7015 7014
f 7023 7014 5718
f 7023 5718 6748
f 7025 7026 6972
f 7025 6972 6971
f 7025 6971 6970
f 7025 6970 7027
f 7025 7027 7011
f 7025 7011 7010
f 7025 7010 7009
f 7025 7009 7026
f 7028 5632 1293
f 7028 1293 6964
f 7028 6964 6960
f 7028 6960 7029
f 7028 7029 5625
f 7028 5625 5632
f 7030 5626 5625
f 7030 5625 7029
f 7030 7029 6960
f 7030 6960 6959
f 7030 6959 5615
f 7030 5615 5614
f 7030 5614 5148
f 7030 5148 5626
f 7031 5629 5121
f 7031 5121 5622
f 7031 5622 5620
f 7031 5620 7032
f 7031 7032 6953
f 7031 6953 6957
f 7031 6957 5630
f 7031 5630 5629
f 7033 7032 5620
f 7033 5620 5619
f 7033 5619 5555
f 7033 5555 7034
f 7033 7034 6949
f 7033 6949 6954
f 7033 6954 6953
f 7033 6953 7032
f 7035 7034 5555
f 7035 5555 5554
f 7035 5554 5553
f 7035 5553 7036
f 7035 7036 6929
f 7035 6929 6950
f 7035 6950 6949
f 7035 6949 7034
f 7037 7036 5553
f 7037 5553 5654
f 7037 5654 5653
f 7037 5653 7038
f 7037 7038 6921
f 7037 6921 6930
f 7037 6930 6929
f 7037 6929 7036
f 7039 7038 5653
f 7039 5653 5690
f 7039 5690 5689
f 7039 5689 7040
f 7039 7040 6796
f 7039 6796 6922
f 7039 6922 6921
f 7039 6921 7038
f 7041 7042 5713
f 7041 5713 5712
f 7041 5712 5711
f 7041 5711 7043
f 7041 7043 6909
f 7041 6909 6918
f 7041 6918 6798
f 7041 6798 7042
f 7044 7043 5711
f 7044 5711 5774
f 7044 5774 5773
f 7044 5773 7045
f 7044 7045 6905
f 7044 6905 6910
f 7044 6910 6909
f 7044 6909 7043
f 7046 7045 5773
f 7046 5773 5788
f 7046 5788 5787
f 7046 5787 7047
f 7046 7047 6895
f 7046 6895 6906
f 7046 6906 6905
f 7046 6905 7045
f 7048 7047 5787
f 7048 5787 5812
f 7048 5812 5811
f 7048 5811 7049
f 7048 7049 6897
f 7048 6897 6896
f 7048 6896 6895
f 7048 6895 7047
f 7050 7051 5878
f 7050 5878 5877
f 7050 5877 5876
f 7050 5876 7052
f 7050 7052 6877
f 7050 6877 6886
f 7050 6886 6885
f 7050 6885 7051
f 7053 7052 5876
f 7053 5876 5920
f 7053 5920 5919
f 7053 5919 7054
f 7053 7054 6867
f 7053 6867 6878
f 7053 6878 6877
f 7053 6877 7052
f 7055 7054 5919
f 7055 5919 6448
f 7055 6448 6447
f 7055 6447 7056
f 7055 7056 6869
f 7055 6869 6868
f 7055 6868 6867
f 7055 6867 7054
f 7057 7058 6515
f 7057 6515 6514
f 7057 6514 6513
f 7057 6513 7059
f 7057 7059 6845
f 7057 6845 6858
f 7057 6858 6857
f 7057 6857 7058
f 7060 7059 6513
f 7060 6513 6569
f 7060 6569 6568
f 7060 6568 7061
f 7060 7061 6841
f 7060 6841 6846
f 7060 6846 6845
f 7060 6845 7059
f 7062 7061 6568
f 7062 6568 6623
f 7062 6623 6622
f 7062 6622 7063
f 7062 7063 6829
f 7062 6829 6842
f 7062 6842 6841
f 7062 6841 7061
f 7064 7063 6622
f 7064 6622 6659
f 7064 6659 6658
f 7064 6658 7065
f 7064 7065 6820
f 7064 6820 6830
f 7064 6830 6829
f 7064 6829 7063
f 7066 7067 6681
f 7066 6681 6694
f 7066 6694 6628
f 7066 6628 6627
f 7066 6627 6626
f 7066 6626 6825
f 7066 6825 6816
f 7066 6816 7067
f 7068 7069 6692
f 7068 6692 6691
f 7068 6691 6683
f 7068 6683 7070
f 7068 7070 6814
f 7068 6814 6823
f 7068 6823 6810
f 7068 6810 7069
f 7071 7065 6658
f 7071 6658 6687
f 7071 6687 6686
f 7071 6686 7072
f 7071 7072 6808
f 7071 6808 6821
f 7071 6821 6820
f 7071 6820 7065
f 7073 7070 6683
f 7073 6683 6682
f 7073 6682 6681
f 7073 6681 7067
f 7073 7067 6816
f 7073 6816 6815
f 7073 6815 6814
f 7073 6814 7070
f 7074 7072 6686
f 7074 6686 6696
f 7074 6696 6692
f 7074 6692 7069
f 7074 7069 6810
f 7074 6810 6809
f 7074 6809 6808
f 7074 6808 7072
f 7075 7040 5689
f 7075 5689 6793
f 7075 6793 5713
f 7075 5713 7042
f 7075 7042 6798
f 7075 6798 6797
f 7075 6797 6796
f 7075 6796 7040
f 7076 7077 6805
f 7076 6805 6804
f 7076 6804 6803
f 7076 6803 7078
f 7076 7078 5749
f 7076 5749 6781
f 7076 6781 5697
f 7076 5697 7077
f 7079 7080 6834
f 7079 6834 6833
f 7079 6833 6664
f 7079 6664 6826
f 7079 6826 6626
f 7079 6626 6625
f 7079 6625 6610
f 7079 6610 7080
f 7081 7082 6838
f 7081 6838 6837
f 7081 6837 6834
f 7081 6834 7080
f 7081 7080 6610
f 7081 6610 6609
f 7081 6609 6572
f 7081 6572 7082
f 7083 7084 6850
f 7083 6850 6849
f 7083 6849 6838
f 7083 6838 7082
f 7083 7082 6572
f 7083 6572 6571
f 7083 6571 6544
f 7083 6544 7084
f 7085 7086 6854
f 7085 6854 6853
f 7085 6853 6850
f 7085 6850 7084
f 7085 7084 6544
f 7085 6544 6543
f 7085 6543 6542
f 7085 6542 7086
f 7087 7088 6864
f 7087 6864 6863
f 7087 6863 6862
f 7087 6862 7089
f 7087 7089 6467
f 7087 6467 6466
f 7087 6466 5903
f 7087 5903 7088
f 7090 7091 6874
f 7090 6874 6873
f 7090 6873 6864
f 7090 6864 7088
f 7090 7088 5903
f 7090 5903 5902
f 7090 5902 5865
f 7090 5865 7091
f 7092 7093 6882
f 7092 6882 6881
f 7092 6881 6874
f 7092 6874 7091
f 7092 7091 5865
f 7092 5865 5864
f 7092 5864 5863
f 7092 5863 7093
f 7094 7095 6892
f 7094 6892 6891
f 7094 6891 6890
f 7094 6890 7096
f 7094 7096 5829
f 7094 5829 5828
f 7094 5828 5805
f 7094 5805 7095
f 7097 7098 6902
f 7097 6902 6901
f 7097 6901 6892
f 7097 6892 7095
f 7097 7095 5805
f 7097 5805 5804
f 7097 5804 5767
f 7097 5767 7098
f 7099 7100 6914
f 7099 6914 6913
f 7099 6913 6902
f 7099 6902 7098
f 7099 7098 5767
f 7099 5767 5766
f 7099 5766 5751
f 7099 5751 7100
f 7101 7078 6803
f 7101 6803 6916
f 7101 6916 6914
f 7101 6914 7100
f 7101 7100 5751
f 7101 5751 5750
f 7101 5750 5749
f 7101 5749 7078
f 7102 7103 6926
f 7102 6926 6925
f 7102 6925 6805
f 7102 6805 7077
f 7102 7077 5697
f 7102 5697 5696
f 7102 5696 5635
f 7102 5635 7103
f 7104 7105 6934
f 7104 6934 6933
f 7104 6933 6926
f 7104 6926 7103
f 7104 7103 5635
f 7104 5635 5634
f 7104 5634 5593
f 7104 5593 7105
f 7106 6936 1300
f 7106 1300 5628
f 7106 5628 5630
f 7106 5630 6956
f 7106 6956 5136
f 7106 5136 6936
f 7107 6962 5125
f 7107 5125 6940
f 7107 6940 6939
f 7107 6939 7108
f 7107 7108 5607
f 7107 5607 5616
f 7107 5616 5615
f 7107 5615 6962
f 7109 7108 6939
f 7109 6939 6944
f 7109 6944 6943
f 7109 6943 7110
f 7109 7110 5591
f 7109 5591 5608
f 7109 5608 5607
f 7109 5607 7108
f 7111 7110 6943
f 7111 6943 6946
f 7111 6946 6934
f 7111 6934 7105
f 7111 7105 5593
f 7111 5593 5592
f 7111 5592 5591
f 7111 5591 7110
f 7112 6741 5934
f 7112 5934 7113
f 7112 7113 6024
f 7112 6024 6735
f 7112 6735 6048
f 7112 6048 7114
f 7112 7114 5948
f 7112 5948 6741
f 7115 6738 5956
f 7115 5956 7116
f 7115 7116 6069
f 7115 6069 6733
f 7115 6733 6093
f 7115 6093 7117
f 7115 7117 5986
f 7115 5986 6738
f 7118 5991 5990
f 7118 5990 7119
f 7118 7119 6015
f 7118 6015 6098
f 7118 6098 6084
f 7118 6084 7120
f 7118 7120 5982
f 7118 5982 5991
f 7121 5987 5986
f 7121 5986 7117
f 7121 7117 6093
f 7121 6093 6092
f 7121 6092 6078
f 7121 6078 7122
f 7121 7122 5960
f 7121 5960 5987
f 7123 5971 5968
f 7123 5968 7124
f 7123 7124 6075
f 7123 6075 6089
f 7123 6089 6033
f 7123 6033 7125
f 7123 7125 5972
f 7123 5972 5971
f 7126 5983 5982
f 7126 5982 7120
f 7126 7120 6084
f 7126 6084 6083
f 7126 6083 6027
f 7126 6027 7127
f 7126 7127 5938
f 7126 5938 5983
f 7128 5961 5960
f 7128 5960 7122
f 7128 7122 6078
f 7128 6078 6077
f 7128 6077 6009
f 7128 6009 7129
f 7128 7129 5962
f 7128 5962 5961
f 7130 5967 5966
f 7130 5966 7131
f 7130 7131 6063
f 7130 6063 6071
f 7130 6071 6075
f 7130 6075 7124
f 7130 7124 5968
f 7130 5968 5967
f 7132 5955 5954
f 7132 5954 7133
f 7132 7133 6057
f 7132 6057 6065
f 7132 6065 6069
f 7132 6069 7116
f 7132 7116 5956
f 7132 5956 5955
f 7134 5993 5944
f 7134 5944 7135
f 7134 7135 6045
f 7134 6045 6059
f 7134 6059 6063
f 7134 6063 7131
f 7134 7131 5966
f 7134 5966 5993
f 7136 5977 5976
f 7136 5976 7137
f 7136 7137 6039
f 7136 6039 6053
f 7136 6053 6057
f 7136 6057 7133
f 7136 7133 5954
f 7136 5954 5977
f 7138 5949 5948
f 7138 5948 7114
f 7138 7114 6048
f 7138 6048 6047
f 7138 6047 6000
f 7138 6000 7139
f 7138 7139 5950
f 7138 5950 5949
f 7140 5943 5942
f 7140 5942 7141
f 7140 7141 6006
f 7140 6006 6041
f 7140 6041 6045
f 7140 6045 7135
f 7140 7135 5944
f 7140 5944 5943
f 7142 5979 5972
f 7142 5972 7125
f 7142 7125 6033
f 7142 6033 6032
f 7142 6032 6039
f 7142 6039 7137
f 7142 7137 5976
f 7142 5976 5979
f 7143 5939 5938
f 7143 5938 7127
f 7143 7127 6027
f 7143 6027 6026
f 7143 6026 6018
f 7143 6018 7144
f 7143 7144 5932
f 7143 5932 5939
f 7145 5933 5932
f 7145 5932 7144
f 7145 7144 6018
f 7145 6018 6017
f 7145 6017 6024
f 7145 6024 7113
f 7145 7113 5934
f 7145 5934 5933
f 7146 5997 5962
f 7146 5962 7129
f 7146 7129 6009
f 7146 6009 6008
f 7146 6008 6015
f 7146 6015 7119
f 7146 7119 5990
f 7146 5990 5997
f 7147 5995 5950
f 7147 5950 7139
f 7147 7139 6000
f 7147 6000 5999
f 7147 5999 6006
f 7147 6006 7141
f 7147 7141 5942
f 7147 5942 5995
f 7148 7096 6890
f 7148 6890 7149
f 7148 7149 6882
f 7148 6882 7093
f 7148 7093 5863
f 7148 5863 7150
f 7148 7150 5829
f 7148 5829 7096
f 7151 7049 5811
f 7151 5811 7152
f 7151 7152 5878
f 7151 5878 7051
f 7151 7051 6885
f 7151 6885 7153
f 7151 7153 6897
f 7151 6897 7049
f 7154 6898 6897
f 7154 6897 7153
f 7154 7153 6885
f 7154 6885 6884
f 7154 6884 5842
f 7154 5842 7155
f 7154 7155 5821
f 7154 5821 6898
f 7156 6889 3158
f 7156 3158 3438
f 7156 3438 3142
f 7156 3142 6880
f 7156 6880 6882
f 7156 6882 7149
f 7156 7149 6890
f 7156 6890 6889
f 7157 7008 6987
f 7157 6987 7158
f 7157 7158 5872
f 7157 5872 6745
f 7157 6745 5881
f 7157 5881 7159
f 7157 7159 7009
f 7157 7009 7008
f 7160 7026 7009
f 7160 7009 7159
f 7160 7159 5881
f 7160 5881 5880
f 7160 5880 5848
f 7160 5848 7161
f 7160 7161 6972
f 7160 6972 7026
f 7162 5810 5809
f 7162 5809 7163
f 7162 7163 5854
f 7162 5854 5874
f 7162 5874 5878
f 7162 5878 7152
f 7162 7152 5811
f 7162 5811 5810
f 7164 6986 5817
f 7164 5817 7165
f 7164 7165 5839
f 7164 5839 5868
f 7164 5868 5872
f 7164 5872 7158
f 7164 7158 6987
f 7164 6987 6986
f 7166 5830 5829
f 7166 5829 7150
f 7166 7150 5863
f 7166 5863 5862
f 7166 5862 5857
f 7166 5857 7167
f 7166 7167 5825
f 7166 5825 5830
f 7168 5826 5825
f 7168 5825 7167
f 7168 7167 5857
f 7168 5857 5856
f 7168 5856 5833
f 7168 5833 7169
f 7168 7169 5815
f 7168 5815 5826
f 7170 6966 6972
f 7170 6972 7161
f 7170 7161 5848
f 7170 5848 5847
f 7170 5847 5854
f 7170 5854 7163
f 7170 7163 5809
f 7170 5809 6966
f 7171 5822 5821
f 7171 5821 7155
f 7171 7155 5842
f 7171 5842 5841
f 7171 5841 2061
f 7171 2061 3454
f 7171 3454 2037
f 7171 2037 5822
f 7172 5816 5815
f 7172 5815 7169
f 7172 7169 5833
f 7172 5833 5832
f 7172 5832 5839
f 7172 5839 7165
f 7172 7165 5817
f 7172 5817 5816
f 7173 6969 6968
f 7173 6968 7174
f 7173 7174 5071
f 7173 5071 5109
f 7173 5109 5056
f 7173 5056 7175
f 7173 7175 6970
f 7173 6970 6969
f 7176 7012 7011
f 7176 7011 7177
f 7176 7177 5059
f 7176 5059 5081
f 7176 5081 5083
f 7176 5083 7178
f 7176 7178 6989
f 7176 6989 7012
f 7179 6976 6975
f 7179 6975 7180
f 7179 7180 5079
f 7179 5079 5107
f 7179 5107 5092
f 7179 5092 7181
f 7179 7181 6977
f 7179 6977 6976
f 7182 7016 7015
f 7182 7015 7183
f 7182 7183 5065
f 7182 5065 5077
f 7182 5077 5079
f 7182 5079 7180
f 7182 7180 6975
f 7182 6975 7016
f 7184 6982 6981
f 7184 6981 7185
f 7184 7185 5099
f 7184 5099 5105
f 7184 5105 5086
f 7184 5086 7186
f 7184 7186 6983
f 7184 6983 6982
f 7187 7018 7003
f 7187 7003 7188
f 7187 7188 5074
f 7187 5074 5073
f 7187 5073 5068
f 7187 5068 7189
f 7187 7189 7019
f 7187 7019 7018
f 7190 6990 6989
f 7190 6989 7178
f 7190 7178 5083
f 7190 5083 5103
f 7190 5103 5096
f 7190 5096 7191
f 7190 7191 6991
f 7190 6991 6990
f 7192 7022 7019
f 7192 7019 7189
f 7192 7189 5068
f 7192 5068 5067
f 7192 5067 5071
f 7192 5071 7174
f 7192 7174 6968
f 7192 6968 7022
f 7193 6996 6995
f 7193 6995 7194
f 7193 7194 5089
f 7193 5089 5101
f 7193 5101 5062
f 7193 5062 7195
f 7193 7195 6997
f 7193 6997 6996
f 7196 7024 6997
f 7196 6997 7195
f 7196 7195 5062
f 7196 5062 5061
f 7196 5061 5065
f 7196 5065 7183
f 7196 7183 7015
f 7196 7015 7024
f 7197 7000 6991
f 7197 6991 7191
f 7197 7191 5096
f 7197 5096 5095
f 7197 5095 5099
f 7197 5099 7185
f 7197 7185 6981
f 7197 6981 7000
f 7198 7027 6970
f 7198 6970 7175
f 7198 7175 5056
f 7198 5056 5055
f 7198 5055 5059
f 7198 5059 7177
f 7198 7177 7011
f 7198 7011 7027
f 7199 7002 6977
f 7199 6977 7181
f 7199 7181 5092
f 7199 5092 5091
f 7199 5091 5074
f 7199 5074 7188
f 7199 7188 7003
f 7199 7003 7002
f 7200 7006 6983
f 7200 6983 7186
f 7200 7186 5086
f 7200 5086 5085
f 7200 5085 5089
f 7200 5089 7194
f 7200 7194 6995
f 7200 6995 7006
f 7201 7202 4616
f 7201 4616 7203
f 7201 7203 4593
f 7201 4593 4783
f 7201 4783 4771
f 7201 4771 7204
f 7201 7204 7205
f 7201 7205 7202
f 7206 7207 7208
f 7206 7208 7209
f 7206 7209 4778
f 7206 4778 4780
f 7206 4780 4587
f 7206 4587 7210
f 7206 7210 4498
f 7206 4498 7207
f 7211 7212 4544
f 7211 4544 7213
f 7211 7213 4566
f 7211 4566 4774
f 7211 4774 4778
f 7211 4778 7209
f 7211 7209 7208
f 7211 7208 7212
f 7214 7215 7205
f 7214 7205 7204
f 7214 7204 4771
f 7214 4771 4770
f 7214 4770 4560
f 7214 4560 7216
f 7214 7216 4542
f 7214 4542 7215
f 7217 4653 4498
f 7217 4498 7210
f 7217 7210 4587
f 7217 4587 4586
f 7217 4586 4593
f 7217 4593 7203
f 7217 7203 4616
f 7217 4616 4653
f 7218 4543 4542
f 7218 4542 7216
f 7218 7216 4560
f 7218 4560 4559
f 7218 4559 4566
f 7218 4566 7213
f 7218 7213 4544
f 7218 4544 4543
f 7219 7220 7221
f 7219 7221 7222
f 7219 7222 4801
f 7219 4801 4812
f 7219 4812 4656
f 7219 4656 7223
f 7219 7223 4456
f 7219 4456 7220
f 7224 7202 7205
f 7224 7205 7225
f 7224 7225 4807
f 7224 4807 4809
f 7224 4809 4665
f 7224 4665 7226
f 7224 7226 4616
f 7224 4616 7202
f 7227 7215 4542
f 7227 4542 7228
f 7227 7228 4662
f 7227 4662 4803
f 7227 4803 4807
f 7227 4807 7225
f 7227 7225 7205
f 7227 7205 7215
f 7229 7230 4490
f 7229 4490 7231
f 7229 7231 4671
f 7229 4671 4798
f 7229 4798 4801
f 7229 4801 7222
f 7229 7222 7221
f 7229 7221 7230
f 7232 4617 4616
f 7232 4616 7226
f 7232 7226 4665
f 7232 4665 4664
f 7232 4664 4671
f 7232 4671 7231
f 7232 7231 4490
f 7232 4490 4617
f 7233 4674 4456
f 7233 4456 7223
f 7233 7223 4656
f 7233 4656 4655
f 7233 4655 4662
f 7233 4662 7228
f 7233 7228 4542
f 7233 4542 4674
f 7234 7220 4456
f 7234 4456 7235
f 7234 7235 4584
f 7234 4584 4836
f 7234 4836 4551
f 7234 4551 7236
f 7234 7236 7221
f 7234 7221 7220
f 7237 4491 4490
f 7237 4490 7238
f 7237 7238 4557
f 7237 4557 4833
f 7237 4833 4830
f 7237 4830 7239
f 7237 7239 4463
f 7237 4463 4491
f 7240 4464 4463
f 7240 4463 7239
f 7240 7239 4830
f 7240 4830 4829
f 7240 4829 4825
f 7240 4825 7241
f 7240 7241 4465
f 7240 4465 4464
f 7242 4476 4465
f 7242 4465 7241
f 7242 7241 4825
f 7242 4825 4824
f 7242 4824 4578
f 7242 4578 7243
f 7242 7243 4454
f 7242 4454 4476
f 7244 4455 4454
f 7244 4454 7243
f 7244 7243 4578
f 7244 4578 4577
f 7244 4577 4584
f 7244 4584 7235
f 7244 7235 4456
f 7244 4456 4455
f 7245 7230 7221
f 7245 7221 7236
f 7245 7236 4551
f 7245 4551 4550
f 7245 4550 4557
f 7245 4557 7238
f 7245 7238 4490
f 7245 4490 7230
f 7246 4611 4606
f 7246 4606 7247
f 7246 7247 4753
f 7246 4753 4755
f 7246 4755 4596
f 7246 4596 7248
f 7246 7248 4496
f 7246 4496 4611
f 7249 4605 4483
f 7249 4483 7250
f 7249 7250 4744
f 7249 4744 4749
f 7249 4749 4753
f 7249 4753 7247
f 7249 7247 4606
f 7249 4606 4605
f 7251 7207 4498
f 7251 4498 7252
f 7251 7252 4602
f 7251 4602 4746
f 7251 4746 4569
f 7251 4569 7253
f 7251 7253 7208
f 7251 7208 7207
f 7254 4548 4544
f 7254 4544 7255
f 7254 7255 4575
f 7254 4575 4740
f 7254 4740 4744
f 7254 4744 7250
f 7254 7250 4483
f 7254 4483 4548
f 7256 4497 4496
f 7256 4496 7248
f 7256 7248 4596
f 7256 4596 4595
f 7256 4595 4602
f 7256 4602 7252
f 7256 7252 4498
f 7256 4498 4497
f 7257 7212 7208
f 7257 7208 7253
f 7257 7253 4569
f 7257 4569 4568
f 7257 4568 4575
f 7257 4575 7255
f 7257 7255 4544
f 7257 4544 7212
f 7258 7259 7260
f 7258 7260 7261
f 7258 7261 7262
f 7258 7262 7263
f 7258 7263 7264
f 7258 7264 7265
f 7258 7265 7266
f 7258 7266 7259
f 7267 7268 7269
f 7267 7269 7270
f 7267 7270 7271
f 7267 7271 7272
f 7267 7272 7273
f 7267 7273 7274
f 7267 7274 7275
f 7267 7275 7268
f 7276 7277 7278
f 7276 7278 7279
f 7276 7279 7280
f 7276 7280 7281
f 7276 7281 7282
f 7276 7282 7283
f 7276 7283 7284
f 7276 7284 7277
f 7285 7286 7287
f 7285 7287 7288
f 7285 7288 7289
f 7285 7289 7290
f 7285 7290 7291
f 7285 7291 7292
f 7285 7292 7293
f 7285 7293 7286
f 7294 7295 7296
f 7294 7296 7297
f 7294 7297 7298
f 7294 7298 7299
f 7294 7299 7300
f 7294 7300 7301
f 7294 7301 7302
f 7294 7302 7295
f 7303 7304 7302
f 7303 7302 7301
f 7303 7301 7300
f 7303 7300 7305
f 7303 7305 7280
f 7303 7280 7279
f 7303 7279 7278
f 7303 7278 7304
f 7306 7307 7275
f 7306 7275 7274
f 7306 7274 7273
f 7306 7273 7308
f 7306 7308 7309
f 7306 7309 7310
f 7306 7310 7311
f 7306 7311 7307
f 7312 7313 7293
f 7312 7293 7292
f 7312 7292 7291
f 7312 7291 7314
f 7312 7314 7315
f 7312 7315 7316
f 7312 7316 7317
f 7312 7317 7313
f 7318 7319 7317
f 7318 7317 7316
f 7318 7316 7315
f 7318 7315 7320
f 7318 7320 7321
f 7318 7321 7322
f 7318 7322 7323
f 7318 7323 7319
f 7324 7325 7266
f 7324 7266 7265
f 7324 7265 7264
f 7324 7264 7326
f 7324 7326 7298
f 7324 7298 7297
f 7324 7297 7296
f 7324 7296 7325
f 7327 7328 7284
f 7327 7284 7283
f 7327 7283 7282
f 7327 7282 7329
f 7327 7329 7330
f 7327 7330 7331
f 7327 7331 7332
f 7327 7332 7328
f 7333 7334 7311
f 7333 7311 7310
f 7333 7310 7309
f 7333 7309 7335
f 7333 7335 7289
f 7333 7289 7288
f 7333 7288 7287
f 7333 7287 7334
f 7336 7337 7323
f 7336 7323 7322
f 7336 7322 7321
f 7336 7321 7338
f 7336 7338 7262
f 7336 7262 7261
f 7336 7261 7260
f 7336 7260 7337
f 7339 7340 7332
f 7339 7332 7331
f 7339 7331 7330
f 7339 7330 7341
f 7339 7341 7271
f 7339 7271 7270
f 7339 7270 7269
f 7339 7269 7340
f 7342 4691 4397
f 7342 4397 7343
f 7342 7343 4512
f 7342 4512 4685
f 7342 4685 4327
f 7342 4327 7344
f 7342 7344 4275
f 7342 4275 4691
f 7345 4688 4403
f 7345 4403 7346
f 7345 7346 4390
f 7345 4390 4683
f 7345 4683 4351
f 7345 4351 7347
f 7345 7347 4299
f 7345 4299 4688
f 7348 4396 4286
f 7348 4286 7349
f 7348 7349 4342
f 7348 4342 4508
f 7348 4508 4512
f 7348 4512 7343
f 7348 7343 4397
f 7348 4397 4396
f 7350 4393 4301
f 7350 4301 7351
f 7350 7351 4357
f 7350 4357 4505
f 7350 4505 4375
f 7350 4375 7352
f 7350 7352 4320
f 7350 4320 4393
f 7353 4267 4266
f 7353 4266 7354
f 7353 7354 4372
f 7353 4372 4502
f 7353 4502 4384
f 7353 4384 7355
f 7353 7355 4268
f 7353 4268 4267
f 7356 4402 4268
f 7356 4268 7355
f 7356 7355 4384
f 7356 4384 4383
f 7356 4383 4390
f 7356 4390 7346
f 7356 7346 4403
f 7356 4403 4402
f 7357 4324 4277
f 7357 4277 7358
f 7357 7358 4333
f 7357 4333 4380
f 7357 4380 4360
f 7357 4360 7359
f 7357 7359 4308
f 7357 4308 4324
f 7360 4321 4320
f 7360 4320 7352
f 7360 7352 4375
f 7360 4375 4374
f 7360 4374 4345
f 7360 4345 7361
f 7360 7361 4293
f 7360 4293 4321
f 7362 4315 4310
f 7362 4310 7363
f 7362 7363 4366
f 7362 4366 4368
f 7362 4368 4372
f 7362 4372 7354
f 7362 7354 4266
f 7362 4266 4315
f 7364 4309 4308
f 7364 4308 7359
f 7364 7359 4360
f 7364 4360 4359
f 7364 4359 4366
f 7364 4366 7363
f 7364 7363 4310
f 7364 4310 4309
f 7365 4300 4299
f 7365 4299 7347
f 7365 7347 4351
f 7365 4351 4350
f 7365 4350 4357
f 7365 4357 7351
f 7365 7351 4301
f 7365 4301 4300
f 7366 4294 4293
f 7366 4293 7361
f 7366 7361 4345
f 7366 4345 4344
f 7366 4344 4336
f 7366 4336 7367
f 7366 7367 4284
f 7366 4284 4294
f 7368 4285 4284
f 7368 4284 7367
f 7368 7367 4336
f 7368 4336 4335
f 7368 4335 4342
f 7368 4342 7349
f 7368 7349 4286
f 7368 4286 4285
f 7369 4276 4275
f 7369 4275 7344
f 7369 7344 4327
f 7369 4327 4326
f 7369 4326 4333
f 7369 4333 7358
f 7369 7358 4277
f 7369 4277 4276
f 7370 4697 4187
f 7370 4187 7371
f 7370 7371 4399
f 7370 4399 4690
f 7370 4690 4273
f 7370 4273 7372
f 7370 7372 4209
f 7370 4209 4697
f 7373 4694 4178
f 7373 4178 7374
f 7373 7374 4405
f 7373 4405 4687
f 7373 4687 4297
f 7373 4297 7375
f 7373 7375 4230
f 7373 4230 4694
f 7376 4177 4176
f 7376 4176 7377
f 7376 7377 4270
f 7376 4270 4401
f 7376 4401 4405
f 7376 4405 7374
f 7376 7374 4178
f 7376 4178 4177
f 7378 4186 4185
f 7378 4185 7379
f 7378 7379 4288
f 7378 4288 4395
f 7378 4395 4399
f 7378 4399 7371
f 7378 7371 4187
f 7378 4187 4186
f 7380 4195 4194
f 7380 4194 7381
f 7380 7381 4303
f 7380 4303 4392
f 7380 4392 4318
f 7380 4318 7382
f 7380 7382 4196
f 7380 4196 4195
f 7383 4255 4211
f 7383 4211 7384
f 7383 7384 4279
f 7383 4279 4323
f 7383 4323 4306
f 7383 4306 7385
f 7383 7385 4236
f 7383 4236 4255
f 7386 4258 4196
f 7386 4196 7382
f 7386 7382 4318
f 7386 4318 4317
f 7386 4317 4291
f 7386 4291 7387
f 7386 7387 4224
f 7386 4224 4258
f 7388 4261 4238
f 7388 4238 7389
f 7388 7389 4312
f 7388 4312 4314
f 7388 4314 4264
f 7388 4264 7390
f 7388 7390 4203
f 7388 4203 4261
f 7391 4237 4236
f 7391 4236 7385
f 7391 7385 4306
f 7391 4306 4305
f 7391 4305 4312
f 7391 4312 7389
f 7391 7389 4238
f 7391 4238 4237
f 7392 4231 4230
f 7392 4230 7375
f 7392 7375 4297
f 7392 4297 4296
f 7392 4296 4303
f 7392 4303 7381
f 7392 7381 4194
f 7392 4194 4231
f 7393 4225 4224
f 7393 4224 7387
f 7393 7387 4291
f 7393 4291 4290
f 7393 4290 4282
f 7393 4282 7394
f 7393 7394 4218
f 7393 4218 4225
f 7395 4219 4218
f 7395 4218 7394
f 7395 7394 4282
f 7395 4282 4281
f 7395 4281 4288
f 7395 4288 7379
f 7395 7379 4185
f 7395 4185 4219
f 7396 4210 4209
f 7396 4209 7372
f 7396 7372 4273
f 7396 4273 4272
f 7396 4272 4279
f 7396 4279 7384
f 7396 7384 4211
f 7396 4211 4210
f 7397 4204 4203
f 7397 4203 7390
f 7397 7390 4264
f 7397 4264 4263
f 7397 4263 4270
f 7397 4270 7377
f 7397 7377 4176
f 7397 4176 4204
f 7398 7263 7262
f 7398 7262 7399
f 7398 7399 4189
f 7398 4189 4696
f 7398 4696 4207
f 7398 4207 7400
f 7398 7400 7264
f 7398 7264 7263
f 7401 7272 7271
f 7401 7271 7402
f 7401 7402 4180
f 7401 4180 4693
f 7401 4693 4228
f 7401 4228 7403
f 7401 7403 7273
f 7401 7273 7272
f 7404 7281 7280
f 7404 7280 7405
f 7404 7405 4240
f 7404 4240 4260
f 7404 4260 4201
f 7404 4201 7406
f 7404 7406 7282
f 7404 7282 7281
f 7407 7290 7289
f 7407 7289 7408
f 7407 7408 4198
f 7407 4198 4257
f 7407 4257 4222
f 7407 4222 7409
f 7407 7409 7291
f 7407 7291 7290
f 7410 7299 7298
f 7410 7298 7411
f 7410 7411 4213
f 7410 4213 4254
f 7410 4254 4234
f 7410 4234 7412
f 7410 7412 7300
f 7410 7300 7299
f 7413 7305 7300
f 7413 7300 7412
f 7413 7412 4234
f 7413 4234 4233
f 7413 4233 4240
f 7413 4240 7405
f 7413 7405 7280
f 7413 7280 7305
f 7414 7308 7273
f 7414 7273 7403
f 7414 7403 4228
f 7414 4228 4227
f 7414 4227 4192
f 7414 4192 7415
f 7414 7415 7309
f 7414 7309 7308
f 7416 7314 7291
f 7416 7291 7409
f 7416 7409 4222
f 7416 4222 4221
f 7416 4221 4216
f 7416 4216 7417
f 7416 7417 7315
f 7416 7315 7314
f 7418 7320 7315
f 7418 7315 7417
f 7418 7417 4216
f 7418 4216 4215
f 7418 4215 4183
f 7418 4183 7419
f 7418 7419 7321
f 7418 7321 7320
f 7420 7326 7264
f 7420 7264 7400
f 7420 7400 4207
f 7420 4207 4206
f 7420 4206 4213
f 7420 4213 7411
f 7420 7411 7298
f 7420 7298 7326
f 7421 7329 7282
f 7421 7282 7406
f 7421 7406 4201
f 7421 4201 4200
f 7421 4200 4174
f 7421 4174 7422
f 7421 7422 7330
f 7421 7330 7329
f 7423 7335 7309
f 7423 7309 7415
f 7423 7415 4192
f 7423 4192 4191
f 7423 4191 4198
f 7423 4198 7408
f 7423 7408 7289
f 7423 7289 7335
f 7424 7338 7321
f 7424 7321 7419
f 7424 7419 4183
f 7424 4183 4182
f 7424 4182 4189
f 7424 4189 7399
f 7424 7399 7262
f 7424 7262 7338
f 7425 7341 7330
f 7425 7330 7422
f 7425 7422 4174
f 7425 4174 4173
f 7425 4173 4180
f 7425 4180 7402
f 7425 7402 7271
f 7425 7271 7341
f 7426 4112 4111
f 7426 4111 7427
f 7426 7427 7428
f 7426 7428 7429
f 7426 7429 7430
f 7426 7430 7431
f 7426 7431 4113
f 7426 4113 4112
f 7432 4121 4120
f 7432 4120 7433
f 7432 7433 7434
f 7432 7434 7435
f 7432 7435 7436
f 7432 7436 7437
f 7432 7437 4122
f 7432 4122 4121
f 7438 4130 4129
f 7438 4129 7439
f 7438 7439 7440
f 7438 7440 7441
f 7438 7441 7442
f 7438 7442 7443
f 7438 7443 4131
f 7438 4131 4130
f 7444 4139 4138
f 7444 4138 7445
f 7444 7445 7446
f 7444 7446 7447
f 7444 7447 7428
f 7444 7428 7427
f 7444 7427 4111
f 7444 4111 4139
f 7448 4145 4144
f 7448 4144 7449
f 7448 7449 7450
f 7448 7450 7451
f 7448 7451 7452
f 7448 7452 7453
f 7448 7453 4102
f 7448 4102 4145
f 7454 4151 4150
f 7454 4150 7455
f 7454 7455 7456
f 7454 7456 7457
f 7454 7457 7434
f 7454 7434 7433
f 7454 7433 4120
f 7454 4120 4151
f 7458 4157 4156
f 7458 4156 7459
f 7458 7459 7460
f 7458 7460 7461
f 7458 7461 7456
f 7458 7456 7455
f 7458 7455 4150
f 7458 4150 4157
f 7462 4163 4162
f 7462 4162 7463
f 7462 7463 7464
f 7462 7464 7465
f 7462 7465 7440
f 7462 7440 7439
f 7462 7439 4129
f 7462 4129 4163
f 7466 4252 4104
f 7466 4104 7467
f 7466 7467 7468
f 7466 7468 7469
f 7466 7469 7470
f 7466 7470 7471
f 7466 7471 4248
f 7466 4248 4252
f 7472 4103 4102
f 7472 4102 7453
f 7472 7453 7452
f 7472 7452 7473
f 7472 7473 7468
f 7472 7468 7467
f 7472 7467 4104
f 7472 4104 4103
f 7474 4243 4131
f 7474 4131 7443
f 7474 7443 7442
f 7474 7442 7475
f 7474 7475 7460
f 7474 7460 7459
f 7474 7459 4156
f 7474 4156 4243
f 7476 4249 4248
f 7476 4248 7471
f 7476 7471 7470
f 7476 7470 7477
f 7476 7477 7446
f 7476 7446 7445
f 7476 7445 4138
f 7476 4138 4249
f 7478 4699 4113
f 7478 4113 7431
f 7478 7431 7430
f 7478 7430 7479
f 7478 7479 7464
f 7478 7464 7463
f 7478 7463 4162
f 7478 4162 4699
f 7480 4701 4122
f 7480 4122 7437
f 7480 7437 7436
f 7480 7436 7481
f 7480 7481 7450
f 7480 7450 7449
f 7480 7449 4144
f 7480 4144 4701
f 7482 7429 7428
f 7482 7428 7483
f 7482 7483 7332
f 7482 7332 7340
f 7482 7340 7269
f 7482 7269 7484
f 7482 7484 7430
f 7482 7430 7429
f 7485 7435 7434
f 7485 7434 7486
f 7485 7486 7323
f 7485 7323 7337
f 7485 7337 7260
f 7485 7260 7487
f 7485 7487 7436
f 7485 7436 7435
f 7488 7441 7440
f 7488 7440 7489
f 7488 7489 7311
f 7488 7311 7334
f 7488 7334 7287
f 7488 7287 7490
f 7488 7490 7442
f 7488 7442 7441
f 7491 7447 7446
f 7491 7446 7492
f 7491 7492 7284
f 7491 7284 7328
f 7491 7328 7332
f 7491 7332 7483
f 7491 7483 7428
f 7491 7428 7447
f 7493 7451 7450
f 7493 7450 7494
f 7493 7494 7266
f 7493 7266 7325
f 7493 7325 7296
f 7493 7296 7495
f 7493 7495 7452
f 7493 7452 7451
f 7496 7457 7456
f 7496 7456 7497
f 7496 7497 7317
f 7496 7317 7319
f 7496 7319 7323
f 7496 7323 7486
f 7496 7486 7434
f 7496 7434 7457
f 7498 7461 7460
f 7498 7460 7499
f 7498 7499 7293
f 7498 7293 7313
f 7498 7313 7317
f 7498 7317 7497
f 7498 7497 7456
f 7498 7456 7461
f 7500 7465 7464
f 7500 7464 7501
f 7500 7501 7275
f 7500 7275 7307
f 7500 7307 7311
f 7500 7311 7489
f 7500 7489 7440
f 7500 7440 7465
f 7502 7469 7468
f 7502 7468 7503
f 7502 7503 7302
f 7502 7302 7304
f 7502 7304 7278
f 7502 7278 7504
f 7502 7504 7470
f 7502 7470 7469
f 7505 7473 7452
f 7505 7452 7495
f 7505 7495 7296
f 7505 7296 7295
f 7505 7295 7302
f 7505 7302 7503
f 7505 7503 7468
f 7505 7468 7473
f 7506 7475 7442
f 7506 7442 7490
f 7506 7490 7287
f 7506 7287 7286
f 7506 7286 7293
f 7506 7293 7499
f 7506 7499 7460
f 7506 7460 7475
f 7507 7477 7470
f 7507 7470 7504
f 7507 7504 7278
f 7507 7278 7277
f 7507 7277 7284
f 7507 7284 7492
f 7507 7492 7446
f 7507 7446 7477
f 7508 7479 7430
f 7508 7430 7484
f 7508 7484 7269
f 7508 7269 7268
f 7508 7268 7275
f 7508 7275 7501
f 7508 7501 7464
f 7508 7464 7479
f 7509 7481 7436
f 7509 7436 7487
f 7509 7487 7260
f 7509 7260 7259
f 7509 7259 7266
f 7509 7266 7494
f 7509 7494 7450
f 7509 7450 7481
f 7510 7089 6862
f 7510 6862 7511
f 7510 7511 6854
f 7510 6854 7086
f 7510 7086 6542
f 7510 6542 7512
f 7510 7512 6467
f 7510 6467 7089
f 7513 7056 6447
f 7513 6447 7514
f 7513 7514 6515
f 7513 6515 7058
f 7513 7058 6857
f 7513 6857 7515
f 7513 7515 6869
f 7513 6869 7056
f 7516 6870 6869
f 7516 6869 7515
f 7516 7515 6857
f 7516 6857 6856
f 7516 6856 6533
f 7516 6533 7517
f 7516 7517 6461
f 7516 6461 6870
f 7518 6861 3123
f 7518 3123 3802
f 7518 3802 3107
f 7518 3107 6852
f 7518 6852 6854
f 7518 6854 7511
f 7518 7511 6862
f 7518 6862 6861
f 7519 6709 6441
f 7519 6441 7520
f 7519 7520 6506
f 7519 6506 6706
f 7519 6706 6518
f 7519 6518 7521
f 7519 7521 6451
f 7519 6451 6709
f 7522 6472 6469
f 7522 6469 7523
f 7522 7523 6548
f 7522 6548 6550
f 7522 6550 6527
f 7522 6527 7524
f 7522 7524 6457
f 7522 6457 6472
f 7525 6468 6467
f 7525 6467 7512
f 7525 7512 6542
f 7525 6542 6541
f 7525 6541 6548
f 7525 6548 7523
f 7525 7523 6469
f 7525 6469 6468
f 7526 6464 6453
f 7526 6453 7527
f 7526 7527 6524
f 7526 6524 6538
f 7526 6538 6509
f 7526 6509 7528
f 7526 7528 6445
f 7526 6445 6464
f 7529 6462 6461
f 7529 6461 7517
f 7529 7517 6533
f 7529 6533 6532
f 7529 6532 2759
f 7529 2759 3814
f 7529 3814 2684
f 7529 2684 6462
f 7530 6458 6457
f 7530 6457 7524
f 7530 7524 6527
f 7530 6527 6526
f 7530 6526 6500
f 7530 6500 7531
f 7530 7531 6439
f 7530 6439 6458
f 7532 6452 6451
f 7532 6451 7521
f 7532 7521 6518
f 7532 6518 6517
f 7532 6517 6524
f 7532 6524 7527
f 7532 7527 6453
f 7532 6453 6452
f 7533 6446 6445
f 7533 6445 7528
f 7533 7528 6509
f 7533 6509 6508
f 7533 6508 6515
f 7533 6515 7514
f 7533 7514 6447
f 7533 6447 6446
f 7534 6440 6439
f 7534 6439 7531
f 7534 7531 6500
f 7534 6500 6499
f 7534 6499 6506
f 7534 6506 7520
f 7534 7520 6441
f 7534 6441 6440

